Item_No_Serviced,Failure_Date,Sale_Date,Suma elementów Time_To_Failure (month),Serial_No_Serviced
MI/MOBA02-09HFN1-Q_H,2019-03-31 00:00:00,2023-03-01 00:00:00,-94.02,2412148590268090130071
MI/MOB0112HFN8QRD6GW,2017-06-30 00:00:00,2021-05-19 00:00:00,-46.62,2413276750473210130050
MDVV260WDRN1,2016-06-21 00:00:00,2018-05-21 00:00:00,-45.92,C701451471416402400001
MDVV260WDRN1,2016-06-22 00:00:00,2018-05-21 00:00:00,-45.86,C701451471416402400001
M/MOF-24HFN1-QD0,2015-08-10 00:00:00,2019-03-25 00:00:00,-43.46,D212322500815115150010
MDV450(16WD1RN1C,2014-08-18 00:00:00,2016-02-26 00:00:00,-36.6,C703137681113107400005
M/MOFU-24HFN1-QD0,2015-10-12 00:00:00,2018-10-05 00:00:00,-35.78,D210059140215325150007
MD/MI-280T1/DHN1-B,2019-03-31 00:00:00,2021-12-09 00:00:00,-32.33,C703260441316124400005
PUHZ-SHW140YHA,2013-12-10 00:00:00,2016-07-22 00:00:00,-31.37,L7HJN09S22U01222
MD/MOU60HDN1R,2016-10-21 00:00:00,2019-03-19 00:00:00,-28.88,2400865790861230160024
MD/MOU60HDN1R,2016-10-26 00:00:00,2019-03-19 00:00:00,-28.71,2400865790861230160024
MKD400S,2015-11-19 00:00:00,2018-02-21 00:00:00,-27.1,C703183100414423400030
MD/MOX33018HFN8QRD0N,2023-06-06 00:00:00,2025-07-30 00:00:00,-25.79,540H852690132120830045
MDVV260WDRN1,2016-06-20 00:00:00,2018-05-21 00:00:00,-23,C701451471416402400001
MX/NXP-25CPO1-CA,2023-08-31 00:00:00,2024-07-16 00:00:00,-21.02,340A1919101051502I0021
MX/NXP-35APO1-CA,2017-09-04 00:00:00,2019-06-04 00:00:00,-20.96,2403541890474200200004
M/MOZU-12HFN1-QD0,2015-06-18 00:00:00,2016-04-26 00:00:00,-20.56,D212322290315112150035
MI/M3OE-27HFN1-Q,2016-07-20 00:00:00,2018-03-05 00:00:00,-19.48,2411657690265180160001
M/MOB30U-18HFN1-QRD0,2016-05-31 00:00:00,2018-01-12 00:00:00,-19.42,2410878280261300150010
M/MI-22G/DHN1-M,2017-09-14 00:00:00,2018-06-28 00:00:00,-18.86,C703875170117612400117
M/MSMBDU-24HRFN1-QD0,2016-04-25 00:00:00,2017-11-15 00:00:00,-18.69,D210058950715319120042
MX/NXP-35APO1-CA,2017-09-04 00:00:00,2019-03-25 00:00:00,-18.63,2403541890474200200004
MI/M2OE-18HFN8-Q,2023-08-31 00:00:00,2025-02-27 00:00:00,-17.94,540G168390226050150055
PAC-IF051B-E,2015-05-15 00:00:00,2016-11-10 00:00:00,-17.9,7H1FTC4G 3H00672
M/MOD30U-30HFN1-QRD0,2018-04-18 00:00:00,2019-08-14 00:00:00,-15.87,2413972770477250160005
MSR2412HRDN1C8,2016-02-19 00:00:00,2017-06-07 00:00:00,-15.57,D200101970315504120097
MD/UNVS-18R32INT-OU,2023-07-31 00:00:00,2024-03-20 00:00:00,-15.3,340D961560517230120002
MDVD22Q4/N1-A3,2015-08-28 00:00:00,2016-09-19 00:00:00,-12.75,C703226361015511400001
MD/MFAU12HRFN1QRDAW,2019-03-31 00:00:00,2020-03-17 00:00:00,-11.56,2403566250176230160010
M/MOZ-09HFN1-QD0,2016-05-11 00:00:00,2017-03-31 00:00:00,-10.64,D210234490215722130069
MI/MOBA03-12HFN1-QD0,2018-05-18 00:00:00,2019-03-25 00:00:00,-10.22,2411792200466020130278
M4OA36HFN1Q,2013-09-16 00:00:00,2014-06-12 00:00:00,-8.84,D202044750813327160021
PUHZ-SHW140YHA,2013-10-14 00:00:00,2014-07-04 00:00:00,-8.64,L7HJN09S35U01780
MCA3I18HRDN1QRC8,2017-05-09 00:00:00,2018-01-16 00:00:00,-8.28,2401710530365090160012
MD/MOBA3009HFN1QRD0,2018-02-23 00:00:00,2018-06-29 00:00:00,-8.28,2401918420266180130292
MI/MI2-45Q4CDN1,2019-03-31 00:00:00,2019-12-06 00:00:00,-8.21,341690186068C050100024
MD/MOX43124HFN8QRD0N,2023-07-31 00:00:00,2024-03-20 00:00:00,-7.65,54V220000472A300860074
PUMY-P140VKM,2014-12-16 00:00:00,2015-07-16 00:00:00,-6.96,L77SP06S45U00194
MUE30HRFN1QRC8,2017-11-14 00:00:00,2018-06-12 00:00:00,-6.9,D200226810115708160013
M/MOB30U-18HFN1-QRD0,2017-07-05 00:00:00,2018-01-12 00:00:00,-6.27,2410878280261300150010
MI/MIH22GN18,2023-12-27 00:00:00,2024-07-01 00:00:00,-6.14,541L126580139070100002
MUZ-HJ35VA,2014-07-15 00:00:00,2014-12-31 00:00:00,-5.55,L20E3C8S3086156T
MOU24HN1Q,2015-09-18 00:00:00,2016-02-29 00:00:00,-5.39,D202131170413A30150030
M/MTIR-27HFN1-QRD0,2016-07-04 00:00:00,2016-12-13 00:00:00,-5.32,C703218281815303400017
MSR2409HRDN1C8,2015-11-13 00:00:00,2016-04-22 00:00:00,-5.29,D200101970115504120094
MD/MCA3U12HRFNXQRDAW,2019-03-31 00:00:00,2019-08-30 00:00:00,-4.99,3406122470187030160009
MD/AFBU12HRDNXQRD0,2024-09-24 00:00:00,2025-02-19 00:00:00,-4.86,54VL43360033A160130475
MI/MCD-24HRFN1-Z-QD0,2019-03-31 00:00:00,2019-06-12 00:00:00,-4.8,2413244870473050160079
MD/MOX13312HFN8QRD1N,2024-08-09 00:00:00,2024-12-19 00:00:00,-4.34,54VN816040444110120267
MI/MHA-V12W/D2RN8-B,2023-11-30 00:00:00,2024-03-27 00:00:00,-3.88,341H560320131100100002
MSR2318HRDN1QC2OU,2013-03-11 00:00:00,2013-04-18 00:00:00,-3.75,D201478900812829120042
M/MDV-V140W/DRN1,2023-05-31 00:00:00,2023-09-19 00:00:00,-3.65,341F922280528150100013
MI/MSMAAU09HRDN1QD0,2019-03-31 00:00:00,2019-05-20 00:00:00,-3.28,2413476010475070820027
PUHZ-P100YHA,2014-05-23 00:00:00,2014-06-25 00:00:00,-3.24,7H1U304G 3M01172
MD/MOX13312HFN8QRD1N,2024-08-09 00:00:00,2024-11-12 00:00:00,-3.12,54VN816040444110120267
M/MTIR-27HFN1-QRD0,2016-07-04 00:00:00,2016-09-23 00:00:00,-2.66,C703218281815303400024
MI/MIH22GN18,2023-12-27 00:00:00,2024-03-11 00:00:00,-2.46,541L126580139070100002
MI/MB-18N8D0-OH,2019-03-31 00:00:00,2019-06-12 00:00:00,-2.4,3415543550484070840032
MOB30U18HFN1QRD0,2018-04-23 00:00:00,2018-06-21 00:00:00,-1.94,2411657880565160160137
PUHZ-P100YHA,2014-04-29 00:00:00,2014-06-25 00:00:00,-1.87,7H1U304G 3M01172
SX/NX-HPDT-300-WCS,2023-06-30 00:00:00,2023-08-17 00:00:00,-1.58,6300146520221102020
MOB30U18HFN1QRD0,2018-05-15 00:00:00,2018-06-21 00:00:00,-1.22,2411657880565160160137
MX/NXKT3-V800,2023-11-30 00:00:00,2024-01-03 00:00:00,-1.12,540K480500336290100004
MD/MDV-045Q4/DN1,2023-06-30 00:00:00,2023-07-31 00:00:00,-1.02,341E066021419260100070
MI/MOB02-18HFN1-QD0W,2017-09-27 00:00:00,2017-10-26 00:00:00,-0.95,2413475890174300860020
MI/MOB02-18HFN1-QD0W,2017-10-13 00:00:00,2017-10-26 00:00:00,-0.86,2413475890174300860020
MOCA30U24HFN1QRD0,2018-06-11 00:00:00,2018-07-06 00:00:00,-0.82,2410878280361310150004
MI/MOB02-18HFN1-QD0W,2017-10-04 00:00:00,2017-10-26 00:00:00,-0.72,2413475890174300860020
MD/MOX13312HFN8QRD0N,2024-09-24 00:00:00,2024-10-15 00:00:00,-0.69,540J548440334240810165
MD/AFDU24HRFN8QRD0,2024-09-10 00:00:00,2024-09-30 00:00:00,-0.66,54VL74268053B180860054
DX/NXACH101045EV1,2025-01-03 00:00:00,2025-01-21 00:00:00,-0.59,CKR002B24032200007
MI/MOB02-18HFN1-QD0W,2017-10-09 00:00:00,2017-10-26 00:00:00,-0.56,2413475890174300860020
M/MKA-750F,2016-06-16 00:00:00,2016-06-30 00:00:00,-0.46,C703220341315411400002
MD/MOCA3024HFN8QRD0,2019-07-31 00:00:00,2019-08-12 00:00:00,-0.39,3406655660689230130100
MX/NXKT3-V300,2023-11-30 00:00:00,2023-12-12 00:00:00,-0.39,C706141390387024000002
MD/MOX13312HFN8QRD0N,2023-04-30 00:00:00,2023-05-09 00:00:00,-0.3,54V2200004429230830050
M/MSABAU-09HRDN1-QC8,2016-04-12 00:00:00,2016-04-18 00:00:00,-0.2,2410878180662190120009
PLA-RP100BA,2014-08-29 00:00:00,2014-09-03 00:00:00,-0.16,7G7E419G 4F01875
MI/X1BPW-09N8D0-OH,2025-03-27 00:00:00,2025-03-31 00:00:00,-0.13,541Q79247024B120170114
MX/NXP-35APO1-CA,2019-06-30 00:00:00,2019-07-04 00:00:00,-0.13,2403321710473230200058
MX/NXP-35APO1-CA,2019-06-30 00:00:00,2019-07-04 00:00:00,-0.13,2403321710473230200079
M/AHUKZ-01N1,2025-05-28 00:00:00,2025-05-31 00:00:00,-0.1,C706252541287144000001
MI/MCD-48HRFN1-QD0,2017-12-08 00:00:00,2017-12-11 00:00:00,-0.1,2411797621266170160016
M/MV5-X400W/V2GN1,2019-04-09 00:00:00,2019-04-10 00:00:00,-0.06,C706247420287204000010
M/AHUKZ-03N1,2019-04-30 00:00:00,2019-04-30 00:00:00,0,C706154151887024000032
M/MSMBDU-24HRFN1-QD0,2018-02-28 00:00:00,2018-02-28 00:00:00,0,2411785860765290120032
MD/MSAFDU24HRFN1QRD0,2018-01-12 00:00:00,2018-01-12 00:00:00,0,24031351707722208B0009
MI/AGBPW-12NXD0-IH,2024-12-31 00:00:00,2024-12-31 00:00:00,0,541Q647240149070170083
MI/X1BPW-12N8D0-OH,2024-12-31 00:00:00,2024-12-31 00:00:00,0,541Q647240249120170064
PCA-RP125KAQ,2014-01-15 00:00:00,2014-01-15 00:00:00,0,L7G4F27S22A05531
PCA-RP125KAQ,2014-01-15 00:00:00,2014-01-15 00:00:00,0,L7G4F27S22A05535
PCA-RP125KAQ,2014-01-15 00:00:00,2014-01-15 00:00:00,0,L7G4F27S34A05975
MI/MTBU-12HWFN1-QD0,2016-04-14 00:00:00,2016-04-13 00:00:00,0.03,2410884740261200160007
MOV96HN1R,2016-06-28 00:00:00,2016-06-27 00:00:00,0.03,C701723090416506400013
MSR2324HRDN1QC2,2013-02-01 00:00:00,2013-01-31 00:00:00,0.03,D201477110112820130013
T-C1500E.NT,2015-07-29 00:00:00,2015-07-28 00:00:00,0.06,176246001
M/MDV-V140W/DN1,2017-12-15 00:00:00,2017-12-13 00:00:00,0.07,C704053690217708400003
MD/AFBU12HRDNXQRD0,2025-01-23 00:00:00,2025-01-21 00:00:00,0.07,54VL74268013B170830075
MD/M2OE18HFN8QAH,2025-06-12 00:00:00,2025-06-10 00:00:00,0.07,541U0698202A1170150087
MI/MHC-V10W/D2N8-B2,2025-05-16 00:00:00,2025-05-14 00:00:00,0.07,541L539220141260100001
M/AHUKZ-01N1,2025-06-03 00:00:00,2025-05-31 00:00:00,0.1,C706252541287144000001
M/MKA-750F,2016-06-16 00:00:00,2016-06-13 00:00:00,0.1,C703220341315411400002
MCD60HRFN1Q,2016-07-01 00:00:00,2016-06-28 00:00:00,0.1,D202263610314911160010
MDVD36Q4/N1-A3,2017-09-29 00:00:00,2017-09-26 00:00:00,0.1,C703105821317208400013
MDVV260WDRN1,2016-08-26 00:00:00,2016-08-23 00:00:00,0.1,C701747860616509400002
MHG55HWN1RB6,2016-04-28 00:00:00,2016-04-25 00:00:00,0.1,D202263680514910160002
MI/MHC-V12WD2RN7E30,2024-08-30 00:00:00,2024-08-27 00:00:00,0.1,541L856220144010100010
MX/NXCO-ID35XWM-1B,2025-07-03 00:00:00,2025-06-30 00:00:00,0.1,540U4475903A3030130491
M/MOZ-09HFN1-QD0,2016-01-25 00:00:00,2016-01-21 00:00:00,0.13,D210234490215722130079
MD/FR09HRFN8QRD1,2025-05-26 00:00:00,2025-05-22 00:00:00,0.13,54VU2682202A3030810368
MI/MOX230-12HFN8QGA,2025-06-30 00:00:00,2025-06-26 00:00:00,0.13,541U3852201A3250120055
MI/MSMBBU12HRFN1QRD0,2015-07-31 00:00:00,2015-07-27 00:00:00,0.13,D212312810215106120061
MOU48CN2,2014-04-01 00:00:00,2014-03-28 00:00:00,0.13,C703022492508624400018
MOU51HN1RB6W,2015-06-19 00:00:00,2015-06-15 00:00:00,0.13,D202294820614C04160008
MSZ-HJ25VA,2014-08-04 00:00:00,2014-07-31 00:00:00,0.13,L20E30VS4017812T
MUE18HRDN1QRC4,2016-03-25 00:00:00,2016-03-21 00:00:00,0.13,D202095950113710160002
PUHY-P200YJM-A,2014-10-24 00:00:00,2014-10-20 00:00:00,0.13,7GFYA847W07006
M/MI-22G/DHN1-M,2017-10-11 00:00:00,2017-10-09 00:00:00,0.14,C703875170117612400085
MD/MCA3U12HRFN8QRDAW,2018-04-06 00:00:00,2018-04-04 00:00:00,0.14,3405102330382030160012
M/MCA3I-18HRDN1-QC8,2018-01-02 00:00:00,2017-12-28 00:00:00,0.16,2403980810377230160017
MCD24HRFN1QRC8,2016-04-11 00:00:00,2016-04-06 00:00:00,0.16,D200226390215710160004
MD/M4OB36HFN8QAH,2025-06-11 00:00:00,2025-06-06 00:00:00,0.16,54VU2764905A2150150006
MI/MIH22GN18_N,2025-02-05 00:00:00,2025-01-31 00:00:00,0.16,541N539080142190100103
MI/MSMADU24HRFN1QD0,2017-08-07 00:00:00,2017-08-02 00:00:00,0.16,2413476010275090870010
MSR23U12HRDN1QROU,2014-04-14 00:00:00,2014-04-09 00:00:00,0.16,D202079120613515120232
MX/NXCO-OD35B-1A,2025-08-04 00:00:00,2025-07-30 00:00:00,0.16,540S67257104C050120037
PLA-RP140BA,2014-04-09 00:00:00,2014-04-04 00:00:00,0.16,7G7G001G 3C00230
HX/NXERV-800V1,2025-03-17 00:00:00,2025-03-11 00:00:00,0.2,F201060476
M/MOD30U-30HFN1-QRD0,2016-11-28 00:00:00,2016-11-22 00:00:00,0.2,2411657880965170160042
M/MOZU-18HFN1-QC8,2016-03-31 00:00:00,2016-03-25 00:00:00,0.2,240071890075C170150006
M/MS11PU-09HRFN1-QD0,2017-09-14 00:00:00,2017-09-08 00:00:00,0.2,D212322260215117120124
MD/M4OB36HFN8QAH,2024-08-13 00:00:00,2024-08-07 00:00:00,0.2,54VL74305023C080150005
MD/MOX33012HFN8QRE3,2024-10-10 00:00:00,2024-10-04 00:00:00,0.2,54VP399990446050120089
MDVD36G/N1-S,2016-03-07 00:00:00,2016-03-01 00:00:00,0.2,C703226360415513400027
MI/AGBPW-12NXD0-IH,2024-06-11 00:00:00,2024-06-05 00:00:00,0.2,541H704500132010810716
MI/HB-A60/CD30GN8B,2025-03-24 00:00:00,2025-03-18 00:00:00,0.2,541N081300141230100015
MI/M2OH-14HFN8-QH,2025-08-12 00:00:00,2025-08-06 00:00:00,0.2,540S67257014C070150012
MI/MOBA03-09HFN1-QD0,2019-03-31 00:00:00,2019-03-25 00:00:00,0.2,2413475890574270830045
MI/MOCA02-24HFN1-QD0,2017-02-06 00:00:00,2017-01-31 00:00:00,0.2,2411653770865130130076
MI/MSMBBU12HRFN1QRD0,2018-05-29 00:00:00,2018-05-23 00:00:00,0.2,241291491036C150120093
MI/MUE-48HRFN1-QRD0,2018-04-30 00:00:00,2018-04-24 00:00:00,0.2,2411658010565040160005
MI/MVI-252WV2RN1(B),2025-03-26 00:00:00,2025-03-20 00:00:00,0.2,541S48130014C250300015
MS12F818HRFN1C8,2015-08-05 00:00:00,2015-07-30 00:00:00,0.2,D200101740515426120043
MUZ-SF50VE,2014-04-17 00:00:00,2014-04-11 00:00:00,0.2,L20E2C3S3010504T
MX/NXRM-ID35XWM-1D,2025-07-10 00:00:00,2025-07-04 00:00:00,0.2,540S67722084C280130075
M/MDV-V120W/DRN1,2015-11-19 00:00:00,2015-11-12 00:00:00,0.23,C703230471815616400003
M/MKG-500-B,2019-07-31 00:00:00,2019-07-24 00:00:00,0.23,C703183101014419400012
M/MSABAU-09HRDN1-QC8,2016-04-25 00:00:00,2016-04-18 00:00:00,0.23,2410878180662190120009
MCD24HRFN1QRC8,2016-05-27 00:00:00,2016-05-20 00:00:00,0.23,D200226390215710160009
MCD45HRN1R,2015-05-28 00:00:00,2015-05-21 00:00:00,0.23,D202201950314412160041
MD/MOB3118HFN1QRD0GW,2017-08-14 00:00:00,2017-08-07 00:00:00,0.23,2401774990865170130008
MDVD36G/N1-S,2016-03-08 00:00:00,2016-03-01 00:00:00,0.23,C703226360415513400027
MHA150HWN1,2016-07-13 00:00:00,2016-07-06 00:00:00,0.23,C703237760215825400003
MI/CB1-12HRFN8-I,2025-05-29 00:00:00,2025-05-22 00:00:00,0.23,541U0699803A2190130423
MI/CB1-18HRFN8-I,2025-07-07 00:00:00,2025-06-30 00:00:00,0.23,541U0700801A1090850101
MI/MCA3-18HRFN1-QD0,2016-09-27 00:00:00,2016-09-20 00:00:00,0.23,2410884740461200160005
MI/MCA3-18HRFN1-QD0,2016-09-27 00:00:00,2016-09-20 00:00:00,0.23,2410884740461200160010
MI/MCA3-18HRFN1-QD0,2016-09-27 00:00:00,2016-09-20 00:00:00,0.23,2410884740461200160016
MI/MCA3-18HRFN1-QD0,2016-09-27 00:00:00,2016-09-20 00:00:00,0.23,2410884740461200160019
MI/MHC-V10WD2N7E30,2024-07-11 00:00:00,2024-07-04 00:00:00,0.23,541L963760341010100027
MI/MOCA02-24HFN1-QD0,2016-08-16 00:00:00,2016-08-09 00:00:00,0.23,2411698870865130130035
MI/MOU-24FN1-QD0,2018-06-12 00:00:00,2018-06-05 00:00:00,0.23,3415242940683060150081
MI/MSMBAU09HRFN1QRD0,2017-07-27 00:00:00,2017-07-20 00:00:00,0.23,2412148590168100120029
MI/MSMBBU12HRFN1QRD0,2016-06-16 00:00:00,2016-06-09 00:00:00,0.23,2411334130363310120170
MS12F809HRDN1C8,2015-03-19 00:00:00,2015-03-12 00:00:00,0.23,D202250510114801120119
HX/NXERV-500V1_ST2,2025-05-30 00:00:00,2025-05-22 00:00:00,0.26,F231044664
M/MOD30U-30HFN1-QRD0,2017-11-29 00:00:00,2017-11-21 00:00:00,0.26,2413497210476020160009
M/MOF-24HFN1-QD0,2015-06-25 00:00:00,2015-06-17 00:00:00,0.26,D212322500815115150018
M/MSABAU-09HRDN1-QC8,2017-11-21 00:00:00,2017-11-13 00:00:00,0.26,2401199670363180120038
M/MSABEU-24HRDN1-QC8,2015-06-25 00:00:00,2015-06-17 00:00:00,0.26,D212322500115119120010
M/MTB-18HWFN1-QD0,2015-04-10 00:00:00,2015-04-02 00:00:00,0.26,D212309920615103160002
MCD18HRFN1QRD0,2016-07-19 00:00:00,2016-07-11 00:00:00,0.26,2411334750463240160030
MCD18HRFN1QRD0,2018-04-13 00:00:00,2018-04-05 00:00:00,0.26,2411657880465090160074
MD/AFCU18HRFN8QRD0,2024-03-28 00:00:00,2024-03-20 00:00:00,0.26,54VL74268033B180860034
MD/MOB30U12HFN1QRD0W,2016-07-07 00:00:00,2016-06-29 00:00:00,0.26,2411201120263180130019
MDVD71G/N1Y-C,2015-08-28 00:00:00,2015-08-20 00:00:00,0.26,C703056531110207400043
MHC48HWN1R,2013-09-20 00:00:00,2013-09-12 00:00:00,0.26,D201462430412619160009
MI/AGBPW-18NXD0-IH,2024-01-31 00:00:00,2024-01-23 00:00:00,0.26,541H704500331280850043
MI/AGF-18NXD1-I,2025-07-02 00:00:00,2025-06-24 00:00:00,0.26,541N584740143150860074
MI/CB1-12HFNX-O,2024-10-29 00:00:00,2024-10-21 00:00:00,0.26,541Q099170447230170087
MI/HB-A60/CD30GN8B,2024-11-14 00:00:00,2024-11-06 00:00:00,0.26,341F743970524040100026
MI/MB-24N8D0-O,2019-07-31 00:00:00,2019-07-23 00:00:00,0.26,3416442900288220870041
MI/MBT-12N8D6-O,2019-07-31 00:00:00,2019-07-23 00:00:00,0.26,3417931600494220840230
MI/MCA3-18HRFN1-QD0,2016-04-27 00:00:00,2016-04-19 00:00:00,0.26,2410884740461200160029
MI/MCA3-18HRFN1-QD0,2017-12-29 00:00:00,2017-12-21 00:00:00,0.26,D210059090415326160006
MI/MCA3U12HRFN1QD0,2016-03-30 00:00:00,2016-03-22 00:00:00,0.26,2410884740161200160007
MI/MOX230-12HFN8QGA,2025-07-04 00:00:00,2025-06-26 00:00:00,0.26,541U3852201A3250120055
MI/X1BPW-12N8D0-OH,2025-05-28 00:00:00,2025-05-20 00:00:00,0.26,541S69183054C080170001
MKA600F,2014-09-02 00:00:00,2014-08-25 00:00:00,0.26,C703167450113B28400029
PUHZ-P125YHA,2017-03-03 00:00:00,2017-02-23 00:00:00,0.26,7H1S305G 0G00376
M/MOC1-12HFN1-QD0,2015-08-21 00:00:00,2015-08-12 00:00:00,0.3,D212322260415116150082
MCA218HRN1Q,2013-04-03 00:00:00,2013-03-25 00:00:00,0.3,D201497180212A29160034
MD/MOX33018HFN8QRD0N,2024-01-31 00:00:00,2024-01-22 00:00:00,0.3,540J259040233220830176
MD/OP12HRFN8QRE3,2024-11-13 00:00:00,2024-11-04 00:00:00,0.3,54VP399990346070130024
MDVTD400(14WRN1B,2016-09-30 00:00:00,2016-09-21 00:00:00,0.3,C703223061015406400003
MHB76HRN1,2016-09-22 00:00:00,2016-09-13 00:00:00,0.3,C703183100114421400005
MI/AG-18NXD0-IH,2025-02-26 00:00:00,2025-02-17 00:00:00,0.3,541P720280346070130027
MI/MCD-18HRFN1-QD0,2018-05-25 00:00:00,2018-05-16 00:00:00,0.3,2411657880465090160097
MI/MOB02-18HFN1-QD0W,2016-11-18 00:00:00,2016-11-09 00:00:00,0.3,2411653771465110150159
MI/MOCA02-24HFN1-QD0,2017-05-25 00:00:00,2017-05-16 00:00:00,0.3,2413182110672250870047
MI/X1BPW-09N8D0-OH,2025-03-27 00:00:00,2025-03-18 00:00:00,0.3,541Q79247024B120170114
N/ACH101045E.BK,2016-06-03 00:00:00,2016-05-31 00:00:00,0.30000000000000004,CKR002B15081900010
M/MI-28G/DHN1-S,2015-09-03 00:00:00,2015-08-24 00:00:00,0.33,C703209700315109400065
M/MOZU-18HFN1-QC8,2016-04-04 00:00:00,2016-03-25 00:00:00,0.33,240071890075C170150006
MCA3U12HRFN1QRD0W,2017-04-13 00:00:00,2017-04-03 00:00:00,0.33,2411657880165080160050
MCA3U12HRFN1QRD0W,2017-04-13 00:00:00,2017-04-03 00:00:00,0.33,2411657880165080160078
MD/MOCA3024HFN1QRD0,2017-08-31 00:00:00,2017-08-21 00:00:00,0.33,2403475840876290150006
MD/MODA36HFN1QRDA,2017-01-09 00:00:00,2016-12-30 00:00:00,0.33,D210233680515717160044
MD/MOU60HDN1R,2013-02-28 00:00:00,2013-02-18 00:00:00,0.33,D201495750512A30160004
MD/MOX13312HFN8QRD1N,2024-08-16 00:00:00,2024-08-06 00:00:00,0.33,54VP420580445050830263
MD/MOX13312HFN8QRD1N,2024-08-16 00:00:00,2024-08-06 00:00:00,0.33,54VP420580445050830311
MD/UNVS-24R32INT-X4,2025-06-16 00:00:00,2025-06-06 00:00:00,0.33,54VS69625074C130120035
MHD60HRDN1R,2013-09-20 00:00:00,2013-09-10 00:00:00,0.33,D202041030413311160015
MHD60HRDN1R,2013-09-20 00:00:00,2013-09-10 00:00:00,0.33,D202041030413311160017
MI/AGBPW-12NXD0-IH,2024-07-29 00:00:00,2024-07-19 00:00:00,0.33,541H704500132010810738
MI/MCD1-24HRFNX-GA,2024-12-13 00:00:00,2024-12-03 00:00:00,0.33,341D95378011A110160040
MI/MSFAAU-12HRFN8-I,2025-07-07 00:00:00,2025-06-27 00:00:00,0.33,541Q700540349090250118
MI/OPP-12HRFN8-QRE1,2024-12-20 00:00:00,2024-12-10 00:00:00,0.33,541N675850343270130145
PUHZ-P140YHA,2014-07-03 00:00:00,2014-06-23 00:00:00,0.33,7H1T306G 4F01357
HX/NXERV-800V1_ST2,2024-04-29 00:00:00,2024-04-18 00:00:00,0.36,F231062822
M/MI-71T1/DHN1-B,2023-09-29 00:00:00,2023-09-18 00:00:00,0.36,C703260440616123400002
M/MSABAU-09HRDN1-QC8,2016-04-29 00:00:00,2016-04-18 00:00:00,0.36,2410878180662190120009
MD/FR09HRFN8QRD1,2025-07-11 00:00:00,2025-06-30 00:00:00,0.36,54VU2289201A2070810623
MD/MOCA3024HFN1QRD0,2017-09-01 00:00:00,2017-08-21 00:00:00,0.36,2403475840876290150006
MDVD45G/N1Y-C,2016-09-27 00:00:00,2016-09-16 00:00:00,0.36,C703056103010201400003
MI/MA-12NXD0-I,2019-06-30 00:00:00,2019-06-19 00:00:00,0.36,3417631890193260820040
MI/MIH180Q4N18,2025-07-04 00:00:00,2025-06-23 00:00:00,0.36,541N377710441240100009
MI/MOCA02-24HFN1-QD0,2016-12-12 00:00:00,2016-12-01 00:00:00,0.36,2411792200866040150062
MI/MOU-18FN1-QD0,2019-06-30 00:00:00,2019-06-19 00:00:00,0.36,341680132058A250170001
MI/MUE-24HRFN1-QRD0,2018-04-30 00:00:00,2018-04-19 00:00:00,0.36,2411658010265050160022
MOE30U55HFN1RRD0,2017-01-09 00:00:00,2016-12-29 00:00:00,0.36,2412234100269100160007
MSR23U12HRDN1QROU,2014-07-07 00:00:00,2014-06-26 00:00:00,0.36,D202132210913B01130160
MUZ-SF50VE,2014-04-29 00:00:00,2014-04-18 00:00:00,0.36,L20E2C3S4000455T
MX/NXRM-ID35XWM-1C,2024-02-05 00:00:00,2024-01-25 00:00:00,0.36,540G065980325310820013
PUHZ-P140YHA,2014-07-04 00:00:00,2014-06-23 00:00:00,0.36,7H1T306G 4F01357
SLZ-KA50VAL,2014-04-29 00:00:00,2014-04-18 00:00:00,0.36,L65TCB6S3ZM05029
M/MI-22G/DHN1-S,2015-12-15 00:00:00,2015-12-03 00:00:00,0.39,C703209700215108400008
M/MS11PU-12HRFN1-QD0,2017-02-20 00:00:00,2017-02-08 00:00:00,0.39,D212309820115105120031
MD/M4OB36HFN1Q,2016-07-13 00:00:00,2016-07-01 00:00:00,0.39,2401170340663100160018
MI/AG-18NXD0-IH,2025-01-14 00:00:00,2025-01-02 00:00:00,0.39,541N249720341130130021
MI/MA-09NXD0-I,2019-07-31 00:00:00,2019-07-19 00:00:00,0.39,3418023860695130840110
MI/MB-18N8D0-OH,2019-03-31 00:00:00,2019-03-19 00:00:00,0.39,3416655801089210830100
MI/MCA3U12HRFN1QD0,2017-11-27 00:00:00,2017-11-15 00:00:00,0.39,2414150450478120160016
MI/MSMBAU09HRFN1QRD0,2018-03-14 00:00:00,2018-03-02 00:00:00,0.39,2413476050176150120064
MI/MVI-200WV2RN1A,2024-06-10 00:00:00,2024-05-29 00:00:00,0.39,54VK24888013C010100033
MI/OPP-17HRFN8-QRE1,2025-06-30 00:00:00,2025-06-18 00:00:00,0.39,541N675850543270130038
MSR23U18HRDN1QR,2013-06-18 00:00:00,2013-06-06 00:00:00,0.39,D202044680213316130039
MTB-30HWFN1-QRD0,2024-04-30 00:00:00,2024-04-18 00:00:00,0.39,2411658011065060160020
MI/CB1-18HRFN8-I,2024-12-17 00:00:00,2024-12-11 00:00:00,0.4,541P720630146150810001
HX/NXERV-1000V1_ST2,2024-01-16 00:00:00,2024-01-03 00:00:00,0.43,F211072379
M/MTIR-27HFN1-QRD0,2016-07-04 00:00:00,2016-06-21 00:00:00,0.43,C703218281815303400018
MCD24HRFN1QRC8,2016-06-02 00:00:00,2016-05-20 00:00:00,0.43,D200226390215710160009
MCD45HRN1R,2015-08-10 00:00:00,2015-07-28 00:00:00,0.43,D202201950314412160047
MD/AFBU12HRDNXQRD0,2023-08-31 00:00:00,2023-08-18 00:00:00,0.43,540J548440234280820561
MD/AFCU18HRFN8QRD0,2023-08-31 00:00:00,2023-08-18 00:00:00,0.43,540H852690232110810078
MD/AFCU18HRFN8QRD0,2023-08-31 00:00:00,2023-08-18 00:00:00,0.43,540H852690232110810093
MD/MDVI3A-56WMVR12E,2024-05-23 00:00:00,2024-05-10 00:00:00,0.43,54VL29554053A100100001
MD/MDVI3A-56WMVR12E,2024-06-25 00:00:00,2024-06-12 00:00:00,0.43,54VL29562013A100100003
MD/MOX13312HFN8QRD1N,2025-08-05 00:00:00,2025-07-23 00:00:00,0.43,540U9431204A3260270325
MD/MOX33012HFN8QRE3,2024-08-29 00:00:00,2024-08-16 00:00:00,0.43,54VP152890244230120013
MI/AGBP-24NXD0-IH,2024-12-12 00:00:00,2024-11-29 00:00:00,0.43,541F678620324240850031
MI/HB-A60/CD30GN8B,2025-06-05 00:00:00,2025-05-23 00:00:00,0.43,541N081300141230100010
MI/MIH36GN18,2024-01-31 00:00:00,2024-01-18 00:00:00,0.43,541L126490139120100024
MI/MOB03-12HFN1-QD0,2017-03-06 00:00:00,2017-02-21 00:00:00,0.43,2411653771265100150146
MI/MSFAAU-12HRFN8-I,2025-07-07 00:00:00,2025-06-24 00:00:00,0.43,541Q700540349090250118
MI/MV8M-80WV2N8,2024-01-31 00:00:00,2024-01-18 00:00:00,0.43,541K987580138260100002
MI/X1F-12N8D1-O,2025-06-02 00:00:00,2025-05-20 00:00:00,0.43,541U2181604A2080831088
MSR23U09HRDN1Q8(A),2014-09-30 00:00:00,2014-09-17 00:00:00,0.43,D202179890414301120381
MSR23U09HRDN1QROU,2013-07-15 00:00:00,2013-07-02 00:00:00,0.43,D202044470513322120070
MSZ-HJ25VA,2014-06-10 00:00:00,2014-05-28 00:00:00,0.43,L20E30VS3046018T
MSZ-HJ25VA,2014-06-10 00:00:00,2014-05-28 00:00:00,0.43,L20E30VS3046045T
MSZ-HJ25VA,2014-06-10 00:00:00,2014-05-28 00:00:00,0.43,L20E43WS4003038T
MUZ-HJ25VA,2014-06-24 00:00:00,2014-06-11 00:00:00,0.43,L20E3C7S4016842T
MX/NXCO-OD35B-1A,2025-06-13 00:00:00,2025-05-31 00:00:00,0.43,540U2396904A1220810340
MX/NXRM-ID50XWM-1C,2024-07-24 00:00:00,2024-07-11 00:00:00,0.43,540P150600544230170007
M/AHUKZ-03B,2018-03-23 00:00:00,2018-03-09 00:00:00,0.46,C703013961417107400016
M/M2OD-18HFN1-Q,2015-06-30 00:00:00,2015-06-16 00:00:00,0.46,D212311210515103160002
M/MKA-1200F,2016-11-28 00:00:00,2016-11-14 00:00:00,0.46,C702245761216902400015
M/MOC1-12HFN1-QD0,2017-05-11 00:00:00,2017-04-27 00:00:00,0.46,D212309820415103150039
M/MOF2-24HFN1-QD0,2016-11-28 00:00:00,2016-11-14 00:00:00,0.46,D212322230815117150030
M/MS11PU-09HRFN1-QD0,2016-06-10 00:00:00,2016-05-27 00:00:00,0.46,D212322260215117120007
M/MTB-55HWFN1-Q(B),2015-07-01 00:00:00,2015-06-17 00:00:00,0.46,D212309920215104160008
MCD18HRFN1QRD0,2016-06-14 00:00:00,2016-06-07 00:00:00,0.46,2411201120463170160024
MCD24HRFN1QRC8,2014-06-13 00:00:00,2014-05-30 00:00:00,0.46,D202187190214310160040
MD/AFCU18HRFN8QRD0,2024-01-16 00:00:00,2024-01-02 00:00:00,0.46,540H865340433010860041
MD/M4OB36HFN8QAH,2025-07-11 00:00:00,2025-06-27 00:00:00,0.46,54VN432050641240150003
MD/M4OE28HFN1Q,2017-08-22 00:00:00,2017-08-08 00:00:00,0.46,2401710530765130160020
MD/MOBA3012HFN1QRD0,2017-07-24 00:00:00,2017-07-10 00:00:00,0.46,2403245160473230850003
MD/MSAEBU12HRFN1QRD0,2017-07-24 00:00:00,2017-07-10 00:00:00,0.46,2401713990365170120169
MDVV260WDRN1,2016-09-06 00:00:00,2016-08-23 00:00:00,0.46,C701747860616509400002
MDVV260WDRN1,2017-03-10 00:00:00,2017-02-24 00:00:00,0.46,C702590901416B02400002
MI/AGBP-09NXD0-I,2024-05-09 00:00:00,2024-04-25 00:00:00,0.46,541N369600141200170074
MI/AGBPW-18NXD0-IH,2023-11-30 00:00:00,2023-11-16 00:00:00,0.46,541K488620336090810030
MI/CB1-18HRFN8-I,2025-03-04 00:00:00,2025-02-18 00:00:00,0.46,541Q655350149100850043
MI/HB-A60/CD30GN8B,2025-06-05 00:00:00,2025-05-22 00:00:00,0.46,541N081300141230100010
MI/MCA3-18HRFN1-QD0,2016-04-27 00:00:00,2016-04-13 00:00:00,0.46,2410884740461200160038
MI/MCA3-18HRFN1-QD0,2016-05-12 00:00:00,2016-04-28 00:00:00,0.46,2410884740461200160001
MI/MCA3-18HRFN1-QD0,2017-12-28 00:00:00,2017-12-14 00:00:00,0.46,2411657880365090160083
MI/MCA4U-12HRFNXGA,2025-07-23 00:00:00,2025-07-09 00:00:00,0.46,541U3850202A3250160092
MI/MCD1-55HRFNX-GA,2023-07-12 00:00:00,2023-06-28 00:00:00,0.46,541H53145032C150160009
MI/MCD-24HRFN1-QD0,2015-09-08 00:00:00,2015-08-25 00:00:00,0.46,D212322310415119160015
MI/MCD-30HRFN1-QD0,2018-04-30 00:00:00,2018-04-16 00:00:00,0.46,2411657880865090160004
MI/MCD-30HRFN1-QD0,2018-04-30 00:00:00,2018-04-16 00:00:00,0.46,2411657880865090160013
MI/MCD-30HRFN1-QD0,2018-04-30 00:00:00,2018-04-16 00:00:00,0.46,2411657880865090160040
MI/MOBA03-09HFN1-QD0,2018-05-21 00:00:00,2018-05-14 00:00:00,0.46,2411792200266020130143
MI/MSMAAU09HRDN1QD0,2018-02-07 00:00:00,2018-01-24 00:00:00,0.46,2413476010475070820226
MI/MSMTAU12HRFN8QRD6,2017-07-06 00:00:00,2017-06-22 00:00:00,0.46,2413276750373170120042
MI/MUE-36HRFN1-QRD0,2017-11-27 00:00:00,2017-11-13 00:00:00,0.46,D212322300315119160010
MI/MV6-I400WV2GN1-E,2025-07-25 00:00:00,2025-07-11 00:00:00,0.46,341H13321012A290100007
MI/OPP-17HRFN8-QRE1,2025-06-30 00:00:00,2025-06-16 00:00:00,0.46,541N675850543270130038
MKA1500F,2015-06-12 00:00:00,2015-05-29 00:00:00,0.46,C703183101314425400019
MS12F824HRDN1C8OU,2015-10-30 00:00:00,2015-10-16 00:00:00,0.46,D200073040815407150020
MTBU12HWFN1QRC8,2016-02-15 00:00:00,2016-02-01 00:00:00,0.46,D200226770115715160013
MX/NXHPM-V8W/D2N8,2024-04-25 00:00:00,2024-04-11 00:00:00,0.46,541L85507013C160100044
G-MPE027C0AA,2015-11-10 00:00:00,2015-10-26 00:00:00,0.49,15701207
M/MI-22T2/DHN1-DA5,2018-03-27 00:00:00,2018-03-12 00:00:00,0.49,C701902561216615400005
M/MOCA30U-24HFN1-QD0,2016-09-30 00:00:00,2016-09-15 00:00:00,0.49,2411797740666060150005
M/MOZU-12HFN1-QD0,2015-10-30 00:00:00,2015-10-15 00:00:00,0.49,D200126400215520150007
MI/AGBPW-12NXD0-IH,2024-07-05 00:00:00,2024-06-20 00:00:00,0.49,541H704500132010810506
MI/M4O-36FN8-QH,2024-09-18 00:00:00,2024-09-03 00:00:00,0.49,541P349421145090150013
MI/MCA3-18HRFN1-QD0,2016-04-27 00:00:00,2016-04-12 00:00:00,0.49,2410884740461200160040
MI/MCA3-18HRFN1-QD0,2017-05-05 00:00:00,2017-04-20 00:00:00,0.49,2411797620366160160029
MI/MOBA03-09HFN1-QD0,2016-04-20 00:00:00,2016-04-05 00:00:00,0.49,2411110290263140130602
MOEU55HFN1RRD0,2016-03-18 00:00:00,2016-03-03 00:00:00,0.49,D200238820615728160019
MOU48HN1R,2013-11-29 00:00:00,2013-11-14 00:00:00,0.49,D202079600413516160015
MS12F812HRDN1C8OU,2015-11-25 00:00:00,2015-11-10 00:00:00,0.49,D200073040415411130281
MX/NXHBT-A100/190CD9,2025-06-26 00:00:00,2025-06-11 00:00:00,0.49,541L446450142010300035
MX/NXKA-V1200FA,2025-03-26 00:00:00,2025-03-11 00:00:00,0.49,540Q2495003A1030100001
MX/NXRM-ID35XWM-1D,2024-10-04 00:00:00,2024-09-19 00:00:00,0.49,540P420810345070130104
MI/MOCA02-24HFN1-QD0,2016-12-09 00:00:00,2016-12-01 00:00:00,0.52,2411792200866040150062
HX/NXCFA-250TV1,2025-08-13 00:00:00,2025-07-28 00:00:00,0.53,F2214314736
MCA2I18HRDN1,2015-10-16 00:00:00,2015-09-30 00:00:00,0.53,D200226390815713160004
MD/MOX13312HFN8QRD0N,2024-03-28 00:00:00,2024-03-12 00:00:00,0.53,54VL43360043A160120199
MD/UNVS-36R32INTT-OU,2024-06-14 00:00:00,2024-05-29 00:00:00,0.53,54VN450221041260150004
MI/AG-09NXD1-I,2024-01-31 00:00:00,2024-01-15 00:00:00,0.53,541K49410013A070130035
MI/AGBPW-09NXD0-IH,2024-07-25 00:00:00,2024-07-09 00:00:00,0.53,541P186930144200170003
MI/HB-A60/CD30GN8B,2024-11-22 00:00:00,2024-11-06 00:00:00,0.53,341F743970524040100026
MI/HBT-A100/240CDS9B,2023-09-29 00:00:00,2023-09-13 00:00:00,0.53,34VG265240329030300031
MI/MCD-18HRFN1-QD0,2016-04-28 00:00:00,2016-04-12 00:00:00,0.53,2410884740361200160003
MI/MHC-V10W/D2N8-B2,2023-09-29 00:00:00,2023-09-13 00:00:00,0.53,341H31805012B160100014
MI/MUEU-18HRFNX-GA,2023-12-27 00:00:00,2023-12-11 00:00:00,0.53,341D941670717230160001
MOBA3007HFN1QRD0GW,2017-08-23 00:00:00,2017-08-07 00:00:00,0.53,2401791190265140130073
MOU36HFN1RRC8,2015-07-15 00:00:00,2015-06-29 00:00:00,0.53,D202250480414721160022
MOZU12HFN1QRD0W,2016-06-02 00:00:00,2016-05-17 00:00:00,0.53,D210233680115720130012
MSABAU09HRFN1QRD0GWB,2016-06-09 00:00:00,2016-05-24 00:00:00,0.53,2401199670363180120015
MUB24HRN1Q,2015-08-12 00:00:00,2015-07-27 00:00:00,0.53,D202090140213616160045
MX/NX3OA-27HFN8-QHP,2024-07-19 00:00:00,2024-07-03 00:00:00,0.53,540G168390426040150029
MX/NXKH2-V800F-R4,2023-05-31 00:00:00,2023-05-15 00:00:00,0.53,340E03091111A100100001
MD/FR12HRFN8QRD1,2025-01-17 00:00:00,2024-12-31 00:00:00,0.56,54VP452430345240820412
MD/M4OB36HFN8QAH,2024-04-29 00:00:00,2024-04-12 00:00:00,0.56,54VK477900737120150009
MI/HBTA100/190CDS9B2,2025-07-17 00:00:00,2025-06-30 00:00:00,0.56,541P742510446140300011
MI/MCA3-18HRFN1-QD0,2018-02-15 00:00:00,2018-01-29 00:00:00,0.56,2414150691078070160007
MI/MCA3U12HRFN1QD0,2017-12-08 00:00:00,2017-11-21 00:00:00,0.56,2411238620163230160020
MI/MCA3U-12HRFNX-GA,2024-02-12 00:00:00,2024-01-26 00:00:00,0.56,541L74064013B170160011
MI/MCA3U-12HRFNX-GA,2024-02-12 00:00:00,2024-01-26 00:00:00,0.56,541L74064013B170160015
MI/MCA3U-12HRFNX-GA,2024-02-12 00:00:00,2024-01-26 00:00:00,0.56,541L74064013B170160022
MI/MCD-18HRFN1-QD0,2016-06-10 00:00:00,2016-05-24 00:00:00,0.56,2411201120463170160026
MI/MSMAAU09HRDN1QD0,2018-02-26 00:00:00,2018-02-09 00:00:00,0.56,2411792200165290120249
MI/MUE-55HRFN1-QRD0,2015-07-17 00:00:00,2015-06-30 00:00:00,0.56,D212322300615119160001
MX/NXCO-ID25XWM-1A,2025-03-06 00:00:00,2025-02-17 00:00:00,0.56,540P420940946090170034
MX/NXCO-OD25B-1A,2025-07-17 00:00:00,2025-06-30 00:00:00,0.56,540U4475902A3020170003
MX/NXM-35APO1-A,2017-11-27 00:00:00,2017-11-10 00:00:00,0.56,2403541890274200200087
MX/NXRM-OD35B-1CH-P,2023-04-30 00:00:00,2023-04-13 00:00:00,0.56,540G064910425030850297
SLZ-KA50VAL,2014-05-05 00:00:00,2014-04-18 00:00:00,0.56,L65TCB6S3ZM05029
M/MKA-1200F,2016-11-28 00:00:00,2016-11-10 00:00:00,0.59,C702245761216902400015
MD/MTI55HWFNXQRDA,2019-04-30 00:00:00,2019-04-12 00:00:00,0.59,3415643180184210160003
MI/HB-A60/CD30GN8B,2024-02-27 00:00:00,2024-02-09 00:00:00,0.59,341F745640525230100052
MI/MCD-24FNXD0,2019-06-30 00:00:00,2019-06-12 00:00:00,0.59,3417734310493300160012
MI/MHC-V10W/D2N8-B2,2025-05-16 00:00:00,2025-04-28 00:00:00,0.59,541L539220141260100001
MI/MOD30U-36HFN8RGA,2025-06-17 00:00:00,2025-05-30 00:00:00,0.59,541N448140441260150016
MI/MSMACU18HRFN1QD0,2018-05-14 00:00:00,2018-04-26 00:00:00,0.59,2413336890874020810035
MI/X4-24N8D0-O,2023-09-29 00:00:00,2023-09-11 00:00:00,0.59,541K490100536150120006
MOZU18HFN1QRC8,2016-02-22 00:00:00,2016-02-04 00:00:00,0.59,D200238820215728150051
MSR23U12HRDN1Q8,2015-11-02 00:00:00,2015-10-15 00:00:00,0.59,D202179890614228130115
MX/NXKH2-V350-R3,2023-06-05 00:00:00,2023-05-18 00:00:00,0.59,340F806380123240100001
MX/NXKH2-V350-R3,2023-06-05 00:00:00,2023-05-18 00:00:00,0.59,340F806380123240100006
MI/MCA3U12HRFN1QD0,2016-03-31 00:00:00,2016-03-22 00:00:00,0.6,2410884740161200160007
MI/MUE-30HRFN1-QRD0,2016-11-28 00:00:00,2016-11-22 00:00:00,0.6000000000000001,D210233720215716160008
MD/M3OA27HFN8QAH,2025-01-07 00:00:00,2024-12-19 00:00:00,0.62,54VN432050441250150002
MI/M3OA-27HFN8-QH,2025-05-28 00:00:00,2025-05-09 00:00:00,0.62,541S9585702A1090150005
MI/MIH112Q4N18,2024-11-19 00:00:00,2024-10-31 00:00:00,0.62,541N539190342240300007
MI/MOB03-12HFN1-QD0,2017-08-23 00:00:00,2017-08-04 00:00:00,0.62,2411785860465270150320
MI/MSMBAU09HRFN1QRD0,2018-05-02 00:00:00,2018-04-13 00:00:00,0.62,2413244730174190120063
MI/MSMBBU12HRFN1QRD0,2018-03-19 00:00:00,2018-02-28 00:00:00,0.62,2411653771165140120365
MOZU18HFN1QRC8,2016-02-23 00:00:00,2016-02-04 00:00:00,0.62,D200238820215728150051
MS12F812HRDN1C8,2015-08-05 00:00:00,2015-07-17 00:00:00,0.62,D200073040315409120006
MX/NXHPM-V16W/D2RN8,2024-06-30 00:00:00,2024-06-11 00:00:00,0.62,540P079990143280100010
MX/NXRM-OD35B-1DH,2024-11-12 00:00:00,2024-10-24 00:00:00,0.62,540P420810445030120149
PCA-RP50KAQ,2014-02-26 00:00:00,2014-02-07 00:00:00,0.62,L7G4B09S3XA01725
ERSC-VM2B,2018-01-18 00:00:00,2017-12-29 00:00:00,0.66,7H1HB13G 3B00136
M/M2OD-18HFN1-Q,2016-03-07 00:00:00,2016-02-16 00:00:00,0.66,240071890045C210160014
M/M4OD-28HFN1-Q,2018-04-03 00:00:00,2018-03-14 00:00:00,0.66,D212322270215122160036
M/MSMBDU-24HRFN1-QD0,2016-07-04 00:00:00,2016-06-24 00:00:00,0.66,D210058950715319120017
MD/CONS-16R32IVT-IN,2024-11-05 00:00:00,2024-10-16 00:00:00,0.66,54VL252110239270810002
MD/M4OE28HFN8QAH,2023-12-27 00:00:00,2023-12-07 00:00:00,0.66,54VK477900637130150001
MD/M5OE42HFN8QAH,2025-07-17 00:00:00,2025-06-27 00:00:00,0.66,54VK481070838150150017
MD/MCD30HRFN1QRDA,2019-06-30 00:00:00,2019-06-10 00:00:00,0.66,2403566290877090160018
MD/MTI55HWFNXQRDA,2019-04-30 00:00:00,2019-04-10 00:00:00,0.66,3415643180184210160011
MD/XT12HRFN8QRD6,2024-05-06 00:00:00,2024-04-16 00:00:00,0.66,540G50919012A050260018
MDVD22Q4/N1-A3,2016-09-28 00:00:00,2016-09-08 00:00:00,0.66,C701723090516504400016
MDVD71GR3/N1Y,2016-12-13 00:00:00,2016-11-23 00:00:00,0.66,C702245680516824400001
MDV-D71T1/N1-B,2024-12-17 00:00:00,2024-11-27 00:00:00,0.66,C703105820117213400011
MI/AGBPW-12NXD0-IH,2025-06-25 00:00:00,2025-06-05 00:00:00,0.66,541U2626903A3020170226
MI/HB-A60/CD30GN8B,2024-05-13 00:00:00,2024-04-23 00:00:00,0.66,341G198520125170100031
MI/MB-18N8D0-I,2019-07-31 00:00:00,2019-07-11 00:00:00,0.66,3417931600594230810075
MI/MCA3-18HRFN1-QD0,2016-05-09 00:00:00,2016-04-19 00:00:00,0.66,2410884740461200160029
MI/MCA3-18HRFN1-QD0,2017-09-06 00:00:00,2017-08-17 00:00:00,0.66,2411657880365090160090
MI/MHC-V10WD2N7E30,2024-12-05 00:00:00,2024-11-25 00:00:00,0.66,541P086180143300100074
MI/MHC-V22W/D2RN8,2024-01-16 00:00:00,2023-12-27 00:00:00,0.66,341G837980132260100026
MI/MHC-V8W/D2N8-B,2023-10-30 00:00:00,2023-10-10 00:00:00,0.66,341G93008012B120100063
MI/MOD30U-42HFN8RGA,2025-07-30 00:00:00,2025-07-10 00:00:00,0.66,541U3852204A3250150070
MI/MSMADU24HRFN1QD0,2016-06-28 00:00:00,2016-06-08 00:00:00,0.66,2411323790764110120017
MI/MSMBBU12HRFN1QRD0,2016-06-20 00:00:00,2016-05-31 00:00:00,0.66,2411334130363310120018
MOU30HN2,2013-08-28 00:00:00,2013-08-08 00:00:00,0.66,C703022492908624400056
MS12F809HRDN1C8,2018-05-10 00:00:00,2018-04-30 00:00:00,0.66,D200101740115429120277
MSABAU09HRFN1QRD0GWB,2018-01-23 00:00:00,2018-01-03 00:00:00,0.66,2401791190365160120092
MUZ-FD50VA,2014-03-10 00:00:00,2014-02-18 00:00:00,0.66,L20E9C6S2000169T
MX/NXRM-ID35XWM-1C,2023-11-30 00:00:00,2023-11-10 00:00:00,0.66,540G064910325030830157
PUHZ-SHW140YHA,2013-10-14 00:00:00,2013-09-24 00:00:00,0.66,L7HJN09S35U01780
HX/NXERV-1000V1_ST2,2023-08-31 00:00:00,2023-08-10 00:00:00,0.69,F221070261
M/MI-22G/DHN1-S,2016-10-21 00:00:00,2016-09-30 00:00:00,0.69,C703260440316119400160
M/MI-28G/DHN1-S,2016-10-21 00:00:00,2016-09-30 00:00:00,0.69,C703247530315A10400269
M/MI-36G/DHN1-S,2016-10-21 00:00:00,2016-09-30 00:00:00,0.69,C703247530415A11400020
M/MSMBCU-18HRFN1-QD0,2016-10-21 00:00:00,2016-09-30 00:00:00,0.69,2411653771365100120354
M/MTIR-27HFN1-QRD0,2017-12-19 00:00:00,2017-11-28 00:00:00,0.69,C703209700515110400033
MCA2U12HRFN1QRC8,2015-10-21 00:00:00,2015-09-30 00:00:00,0.69,D200226390715713160008
MCA3U12HRFN1QRD0W,2017-05-29 00:00:00,2017-05-08 00:00:00,0.69,2411657880165080160110
MD/MOX33018HFN8QRD0N,2025-07-15 00:00:00,2025-06-24 00:00:00,0.69,54VU2682207A3060830085
MD/T-MBQ1-01E,2025-06-16 00:00:00,2025-05-26 00:00:00,0.69,54VV2838006A4250100001
MD/T-MBQ1-02E,2025-06-16 00:00:00,2025-05-26 00:00:00,0.69,54VV2838003A4250100001
MD/T-MBQ1-02E,2025-06-16 00:00:00,2025-05-26 00:00:00,0.69,54VV2838003A4250100002
MD/T-MBQ1-02E,2025-06-16 00:00:00,2025-05-26 00:00:00,0.69,54VV2838003A4250100003
MD/T-MBQ1-02E,2025-06-16 00:00:00,2025-05-26 00:00:00,0.69,54VV2838003A4250100004
MI/AGBP-09NXD0-I,2023-07-31 00:00:00,2023-07-10 00:00:00,0.69,541F677890125070810927
MI/AGBP-18NXD0-I,2024-07-04 00:00:00,2024-06-13 00:00:00,0.69,541K465730738220860076
MI/CB1-12HRFN8-I,2025-07-08 00:00:00,2025-06-17 00:00:00,0.69,541U3855903A3250130070
MI/M3OE-27HFN1-Q,2016-07-21 00:00:00,2016-06-30 00:00:00,0.69,2411323791164080160016
MI/M4OE-28HFN8-QH,2024-07-15 00:00:00,2024-06-24 00:00:00,0.69,541K315870635180150009
MI/MCA3-18HRFN1-QD0,2016-05-12 00:00:00,2016-04-21 00:00:00,0.69,2410884740461200160039
MI/MHA-V6W/D2N8-B,2024-11-18 00:00:00,2024-10-28 00:00:00,0.69,541L492890141080100044
MI/MHC-V10W/D2N8-B2,2023-12-18 00:00:00,2023-11-27 00:00:00,0.69,541K814480138190100049
MI/MHC-V10W/D2N8-B2,2023-12-18 00:00:00,2023-11-27 00:00:00,0.69,541K814480138190100056
MI/MHC-V10WD2N7E30,2025-04-29 00:00:00,2025-04-08 00:00:00,0.69,541N100380142180100017
MI/MIH36GN18,2024-07-31 00:00:00,2024-07-10 00:00:00,0.69,541N539170142200100114
MI/MOB0112HFN8QRD6GW,2018-04-17 00:00:00,2018-03-27 00:00:00,0.69,2413521700475080130010
MI/MOB02-18HFN1-QD0W,2016-10-21 00:00:00,2016-09-30 00:00:00,0.69,2411653771465110150176
MI/MOBA03-09HFN1-QD0,2017-08-21 00:00:00,2017-07-31 00:00:00,0.69,2413475890574270830154
MI/MSMBAU09HRFN1QRD0,2016-10-21 00:00:00,2016-09-30 00:00:00,0.69,2411785860165280120247
MI/MSMBAU09HRFN1QRD0,2016-10-21 00:00:00,2016-09-30 00:00:00,0.69,2411785860165280120263
MI/MSMBBU12HRFN1QRD0,2016-10-21 00:00:00,2016-09-30 00:00:00,0.69,2411653771165140120229
MI/MUE-36HRFN1-QRD0,2015-08-06 00:00:00,2015-07-16 00:00:00,0.69,D212322300315119160002
MI/MV8M-180WV2RN8,2023-09-29 00:00:00,2023-09-08 00:00:00,0.69,255440136060100019
MI/X1BP-09N8D0-O,2023-07-31 00:00:00,2023-07-10 00:00:00,0.69,341F647980223220810288
MI/X1BPW-12N8D0-OH,2024-03-28 00:00:00,2024-03-07 00:00:00,0.69,541H704500232030830078
MI/X3BP-18N8D0-O,2024-07-04 00:00:00,2024-06-13 00:00:00,0.69,541H852310233170830423
MI/X4-24N8D0-O,2023-11-30 00:00:00,2023-11-09 00:00:00,0.69,541K970910638230150005
MS12F812HRDN1C8,2015-07-13 00:00:00,2015-06-22 00:00:00,0.69,D200073040315409120365
MSR118HRN1QB8,2013-08-21 00:00:00,2013-07-31 00:00:00,0.69,D202077020213504130002
MTB18HWFN1QRC8(A),2016-10-17 00:00:00,2016-09-26 00:00:00,0.69,D202294400314001160001
MUE36HRFN1QRC8A,2015-09-29 00:00:00,2015-09-08 00:00:00,0.69,D202263650214909160010
MX/NXCO-OD25B-1A,2025-07-17 00:00:00,2025-06-26 00:00:00,0.69,540U4475902A3020170003
MX/NXCO-OD35B-1A,2025-06-13 00:00:00,2025-05-23 00:00:00,0.69,540U2396904A1220810340
MX/NXHPM-V16W/D2RN8,2024-07-02 00:00:00,2024-06-11 00:00:00,0.69,540P079990143280100010
PLA-RP100BA,2014-09-24 00:00:00,2014-09-03 00:00:00,0.69,7G7E419G 4F01875
PLFY-P63VBM-E,2013-03-21 00:00:00,2013-02-28 00:00:00,0.69,7H8F755G 2F01797
SLZ-KA50VAL,2014-04-08 00:00:00,2014-03-18 00:00:00,0.69,L65TCB6S3ZM05042
M/MI-22G/DHN1-M,2017-01-31 00:00:00,2017-01-20 00:00:00,0.72,C701747910216504400061
M/MI-22G/DHN1-S,2016-05-19 00:00:00,2016-04-27 00:00:00,0.72,C703260440316119400059
M/MI-28G/DHN1-M,2018-04-17 00:00:00,2018-03-26 00:00:00,0.72,C703875170217612400017
M/MKG-500,2017-12-18 00:00:00,2017-12-07 00:00:00,0.72,C702533670716B01400006
M2OD18HFN1Q,2015-05-21 00:00:00,2015-04-29 00:00:00,0.72,D202250510314719160002
MCD24HRFN1QRC4,2013-12-11 00:00:00,2013-11-19 00:00:00,0.72,D202103310213725160028
MCD55HRFN1QRD0,2018-06-12 00:00:00,2018-05-21 00:00:00,0.72,D210058971015323160005
MD/MOEA55HFN1RRDA,2017-07-28 00:00:00,2017-07-06 00:00:00,0.72,2402977560671060160010
MD/MSAEAU09HRFN1QRD0,2016-08-31 00:00:00,2016-08-09 00:00:00,0.72,2401713990165170120181
MHG48HWFN1Q,2015-10-22 00:00:00,2015-09-30 00:00:00,0.72,D202294820214C02160008
MI/CB1-18HRFN8-I,2025-04-08 00:00:00,2025-03-17 00:00:00,0.72,541P720700147040810007
MI/HBTA100/190CDS9B2,2025-07-22 00:00:00,2025-06-30 00:00:00,0.72,541P742510446140300011
MI/MCD-18HRFN1-QD0,2017-07-12 00:00:00,2017-06-20 00:00:00,0.72,2411797620466170160015
MI/MCD-48FNXD0,2019-05-31 00:00:00,2019-05-09 00:00:00,0.72,3415890690186210160011
MI/MHC-V14WD2RN7E30,2024-11-05 00:00:00,2024-10-14 00:00:00,0.72,541N100500142180100008
MI/MIH15GN18,2024-09-05 00:00:00,2024-08-14 00:00:00,0.72,541N983700144150100020
MI/MIH36Q4CN18,2024-12-17 00:00:00,2024-11-25 00:00:00,0.72,541P612350745210100027
MI/MOBA03-12HFN1-QD0,2019-03-31 00:00:00,2019-03-20 00:00:00,0.72,2413475890774270830088
MI/MOD30U-36HFN8RGA,2024-04-30 00:00:00,2024-04-08 00:00:00,0.72,541L74184043C060150018
MI/MOX33012HFN8QRE1,2024-10-03 00:00:00,2024-09-11 00:00:00,0.72,541N675850443260120144
MI/MUE-55HRFN1-QRD0,2015-07-22 00:00:00,2015-06-30 00:00:00,0.72,D212322300615119160001
MI/MUE-55HRFN1-QRD0,2015-07-22 00:00:00,2015-06-30 00:00:00,0.72,D212322300615119160004
MS12F824HRDN1C8,2015-07-22 00:00:00,2015-06-30 00:00:00,0.72,D200073040715403120019
M/MI-28Q4/DHN1-D,2018-02-09 00:00:00,2018-01-17 00:00:00,0.76,C703219681215326400005
M/MOF2-24HFN1-QD0,2016-11-30 00:00:00,2016-11-07 00:00:00,0.76,D212322230815117150061
M/MOYU-30HFN1-QRD0,2016-06-08 00:00:00,2016-05-16 00:00:00,0.76,D212322290415115160022
M/MOZU-18HFN1-QD0,2015-09-16 00:00:00,2015-08-24 00:00:00,0.76,D210059140115325150017
M/MSABAU-07HRFN1-QD0,2015-07-02 00:00:00,2015-06-09 00:00:00,0.76,D210058921015326120027
MD/MDVI3A-56WMVR12E,2024-11-29 00:00:00,2024-11-06 00:00:00,0.76,54VQ638350749180100004
MD/UNVS-36R32INTT-OU,2024-06-14 00:00:00,2024-05-22 00:00:00,0.76,54VN450221041260150004
MDVTD450(16WRN1B,2014-11-21 00:00:00,2014-10-29 00:00:00,0.76,C703171870713C28400004
MI/HB-A60/CD30GN8B,2024-11-20 00:00:00,2024-10-28 00:00:00,0.76,341F743970524040100025
MI/M3OE-27HFN1-Q,2017-05-12 00:00:00,2017-04-19 00:00:00,0.76,2412149270268090160006
MI/MTBU-12HWFN1-QD0,2016-04-14 00:00:00,2016-03-22 00:00:00,0.76,2410884740261200160010
MI/X1BPW-09N8D0-OH,2024-03-28 00:00:00,2024-03-05 00:00:00,0.76,541K465730238160820133
MSR23U18HRDN1QR,2014-08-20 00:00:00,2014-07-28 00:00:00,0.76,D202132210513B05120003
HX/NXERV-350V1_ST2,2024-10-24 00:00:00,2024-09-30 00:00:00,0.79,F231031070
M/MI-71Q4/DHN1-D,2019-05-31 00:00:00,2019-05-07 00:00:00,0.79,C703247680515A08400028
MD/MOU60HDN1R,2014-02-06 00:00:00,2014-01-13 00:00:00,0.79,D202103300613720160003
MD/MSAFCU18HRFN8QRD0,2019-06-30 00:00:00,2019-06-06 00:00:00,0.79,3407743090393290810006
MI/CB1-09HRFN8-I,2025-07-24 00:00:00,2025-06-30 00:00:00,0.79,541U3855901A3250130199
MI/HBTA100/190CDS9B2,2025-07-17 00:00:00,2025-06-23 00:00:00,0.79,541P742510446140300011
MI/M5OE-42HFN8-QH,2025-07-24 00:00:00,2025-06-30 00:00:00,0.79,541J609560335050150008
MI/MCD-18HRFN1-QD0,2017-07-14 00:00:00,2017-06-20 00:00:00,0.79,2411797620466170160015
MI/X1F-12N8D1-O,2024-08-08 00:00:00,2024-07-15 00:00:00,0.79,541N584620444060120078
MSG36HRN1RB9,2013-09-09 00:00:00,2013-08-16 00:00:00,0.79,D202048430113321130003
MSR23U18HRDN1QROU,2014-08-25 00:00:00,2014-08-01 00:00:00,0.79,D202132210713B01150064
MX/NXCO-OD25B-1A,2025-07-24 00:00:00,2025-06-30 00:00:00,0.79,540U4475902A3020170003
MDVD22G/N1Y-C,2016-10-11 00:00:00,2016-09-16 00:00:00,0.82,C703070690210923400066
MI/AGBP-18NXD0-I,2024-02-12 00:00:00,2024-01-18 00:00:00,0.82,541L25653033A070130102
MI/AGBPW-12NXD0-IH,2024-04-16 00:00:00,2024-03-22 00:00:00,0.82,541H704500132010810440
MI/AGBPW-18NXD0-IH,2023-10-31 00:00:00,2023-10-06 00:00:00,0.82,541K488620336090810016
MI/AGBPW-18NXD0-IH,2025-03-21 00:00:00,2025-02-24 00:00:00,0.82,541Q79247054B130130019
MI/CB1-12HRFN8-I,2025-06-16 00:00:00,2025-05-22 00:00:00,0.82,541U0699803A2190130395
MI/CB1-18HFNX-O,2024-07-01 00:00:00,2024-06-06 00:00:00,0.82,541N737920243190830032
MI/MCA3U-12HRFNX-GA,2023-07-31 00:00:00,2023-07-06 00:00:00,0.82,540J548350134270160033
MI/MOCA02-24HFN1-QD0,2016-07-29 00:00:00,2016-07-04 00:00:00,0.82,2411653770865130130051
MOV150HN1R,2017-04-03 00:00:00,2017-03-09 00:00:00,0.82,C703194832814726400006
MX/NXRM-ID35XWM-1D,2024-12-23 00:00:00,2024-11-28 00:00:00,0.82,540P420940346090130076
PEFY-P32VMS1L-E,2012-10-19 00:00:00,2012-09-24 00:00:00,0.82,L50T651S09M015Z9
PLFY-P32VBM-E,2013-06-04 00:00:00,2013-05-10 00:00:00,0.82,7H8C825G 3C00294
MCC24HRN1,2015-08-05 00:00:00,2015-07-10 00:00:00,0.85,D202138470113B14160001
MD/UNVS-18R32INT-OU,2025-03-17 00:00:00,2025-02-19 00:00:00,0.85,541Q79157164C030170033
MDVD22G/N1-S,2015-09-14 00:00:00,2015-08-19 00:00:00,0.85,C703226360915512400165
MDVD22G/N1-S,2016-06-07 00:00:00,2016-05-12 00:00:00,0.85,C701005820716224400004
MDVD22G/N1-S,2018-03-21 00:00:00,2018-02-23 00:00:00,0.85,C703635201617502400050
MI/HB-A100/CDS90GN8B,2024-11-26 00:00:00,2024-10-31 00:00:00,0.85,341H31183032B260100003
MI/MCA3-18HRFN1-QD0,2016-05-09 00:00:00,2016-04-13 00:00:00,0.85,2410884740461200160038
MI/MCA3-18HRFN1-QD0,2018-03-27 00:00:00,2018-03-01 00:00:00,0.85,2414150691078070160002
MI/MHA-V10W/D2N8-B,2024-06-19 00:00:00,2024-05-24 00:00:00,0.85,541L492920142190100023
MI/MIH22GN18_N,2025-02-05 00:00:00,2025-01-10 00:00:00,0.85,541N539080142190100103
MI/MOB03-12HFN1-Q_H,2018-03-26 00:00:00,2018-02-28 00:00:00,0.85,2413476050476130130116
MI/MUE-30HRFN1-QRD0,2015-08-05 00:00:00,2015-07-10 00:00:00,0.85,D210058980315323160003
MI/MV8I-450WV2RN1E,2025-08-04 00:00:00,2025-07-09 00:00:00,0.85,541S49660024C050100002
MS12FU12HRDN1QRD0GW,2017-10-25 00:00:00,2017-09-29 00:00:00,0.85,2401302930363260810697
MX/NXM-35APO1-A,2016-08-02 00:00:00,2016-07-07 00:00:00,0.85,2401606980265050200045
MD/M4OB36HFN8QAH,2024-06-17 00:00:00,2024-06-04 00:00:00,0.86,540H878030232110150059
MI/MUE-48FNXD0,2018-10-09 00:00:00,2018-09-26 00:00:00,0.86,3415666690784190160013
MS12F809HRDN1C8,2015-09-03 00:00:00,2015-08-21 00:00:00,0.86,D200073040115409120558
M/MKG-500-B,2019-07-31 00:00:00,2019-07-04 00:00:00,0.89,C703183101014419400015
MD/FR12HRFN8QRD1,2025-05-12 00:00:00,2025-04-15 00:00:00,0.89,54VS6926501A1060170602
MD/MDVI3-71C4VR12E,2024-12-18 00:00:00,2024-11-21 00:00:00,0.89,54VL775400641170300001
MD/MDVI3A-56WMVR12E,2024-12-18 00:00:00,2024-11-21 00:00:00,0.89,54VL36805013A190100009
MD/MDVI3A-56WMVR12E,2024-12-18 00:00:00,2024-11-21 00:00:00,0.89,54VL775370141250100071
MD/MOB3018HFN1QRD0GW,2016-04-13 00:00:00,2016-03-17 00:00:00,0.89,2400827550661150150062
MI/AGBPW-18NXD0-IH,2024-07-03 00:00:00,2024-06-06 00:00:00,0.89,541K465730338220860012
MI/MCA3-18HRFN1-QD0,2016-05-09 00:00:00,2016-04-12 00:00:00,0.89,2410884740461200160040
MI/MOX630U-55HFN8RGA,2025-04-29 00:00:00,2025-04-02 00:00:00,0.89,541U0695507A1170150042
MI/MTI-55FNXD0,2019-04-30 00:00:00,2019-04-03 00:00:00,0.89,3415666690184250160035
MI/X4BP-24N8D0-O_,2024-08-08 00:00:00,2024-07-12 00:00:00,0.89,541N429360441250120007
MS12F812HRDN1C8,2015-11-12 00:00:00,2015-10-16 00:00:00,0.89,D200073040315409120027
MSABEU24HRFN1QRD0GWB,2017-03-01 00:00:00,2017-02-02 00:00:00,0.89,2402086910467180120078
MSR2324HRDN1Q8,2015-02-05 00:00:00,2015-01-09 00:00:00,0.89,D202179890114301120018
MX/NXCO-OD35B-1A,2025-08-12 00:00:00,2025-07-16 00:00:00,0.89,540U4475904A3020170253
MX/NXKA-V1200FA,2025-03-26 00:00:00,2025-02-27 00:00:00,0.89,540Q2495003A1030100001
MI/MHC-V10W/D2N8-B2,2025-05-23 00:00:00,2025-05-14 00:00:00,0.8999999999999999,541L539220141260100001
M/M4OD-28HFN1-Q,2018-04-11 00:00:00,2018-03-14 00:00:00,0.92,D212322270215122160036
M/MI-56Q4/DHN1-D,2019-04-30 00:00:00,2019-04-02 00:00:00,0.92,C701442620416405400023
M/MKA-1200F,2016-04-28 00:00:00,2016-03-31 00:00:00,0.92,C703220341415408400001
M/MS11PU-09HRFN1-QD0,2016-04-28 00:00:00,2016-03-31 00:00:00,0.92,D212322260215117120076
MCD45HRN1R,2015-09-30 00:00:00,2015-09-02 00:00:00,0.92,D202201950314412160007
MD/M4OB36HFN8QAH,2023-08-31 00:00:00,2023-08-03 00:00:00,0.92,540K227550235240150008
MD/MDV-080G/DN1,2023-07-31 00:00:00,2023-07-17 00:00:00,0.92,34VF900590627020100009
MD/MOEA55HFN1RRDA,2017-08-03 00:00:00,2017-07-06 00:00:00,0.92,2402977560671060160010
MI/AGBPW-12NXD0-IH,2024-07-25 00:00:00,2024-06-27 00:00:00,0.92,541H704500132010810253
MI/M2OH-14HFN8-QH,2025-07-21 00:00:00,2025-06-23 00:00:00,0.92,541U3856201A3280150053
MI/M3OA-27HFN8-QH,2025-05-14 00:00:00,2025-04-16 00:00:00,0.92,541S9585702A1090150027
MI/M3OG-21HFN8-QH,2024-04-17 00:00:00,2024-03-20 00:00:00,0.92,541L75353013C070150006
MI/MBT-12N8D6-OH,2019-04-30 00:00:00,2019-04-02 00:00:00,0.92,341692893028B090840127
MI/MCA3-18HRFN1-QD0,2018-01-11 00:00:00,2017-12-14 00:00:00,0.92,2411657880365090160083
MI/MHC-V8W/D2N8-B2,2024-03-28 00:00:00,2024-02-29 00:00:00,0.92,541L85507013C160100014
MI/MIH22GN18,2024-09-03 00:00:00,2024-08-06 00:00:00,0.92,541L56635013B180100016
MI/MIH22GN18,2024-09-03 00:00:00,2024-08-06 00:00:00,0.92,541N377840741240100082
MI/MIH22GN18,2024-09-03 00:00:00,2024-08-06 00:00:00,0.92,541N377840741240100137
MI/MIH22GN18,2024-09-03 00:00:00,2024-08-06 00:00:00,0.92,541N377840741240100145
MI/MIH22GN18,2024-09-03 00:00:00,2024-08-06 00:00:00,0.92,541N377840741240100148
MI/MIH36GN18,2024-10-16 00:00:00,2024-09-18 00:00:00,0.92,541P612420445240100032
MI/MSMBAU09HRFN1QRD0,2017-12-11 00:00:00,2017-11-13 00:00:00,0.92,2413476050176150120160
MI/MUE-24HRFN1-QRD0,2016-09-05 00:00:00,2016-08-08 00:00:00,0.92,2410884740761240160004
MI/MV8I-450WV2RN1E,2025-08-06 00:00:00,2025-07-09 00:00:00,0.92,541S49660024C050100002
MI/MVI-450WV2RN1(A),2025-06-05 00:00:00,2025-05-22 00:00:00,0.92,541N585690143090300005
MI/X2-12N8D6-OH,2024-12-23 00:00:00,2024-11-25 00:00:00,0.92,541N249720241120170066
MS12F812HRDN1C8,2015-11-13 00:00:00,2015-10-16 00:00:00,0.92,D200073040315409120027
MS12F818HRFN1C8,2015-09-02 00:00:00,2015-08-19 00:00:00,0.92,D200073040515407120055
MS12F818HRFN1C8OU,2015-09-16 00:00:00,2015-08-19 00:00:00,0.92,D200073040615412150030
MSTCCU18HRFN1QR,2015-08-28 00:00:00,2015-08-14 00:00:00,0.92,D200073060515413120033
MX/NXCO-OD25B-1A,2025-07-24 00:00:00,2025-06-26 00:00:00,0.92,540U4475902A3020170003
MX/NXHPM-V10W/D2N8,2024-03-28 00:00:00,2024-02-29 00:00:00,0.92,540L55863013C120100014
MX/NXHPS-V8W/D2N8,2024-07-26 00:00:00,2024-06-28 00:00:00,0.92,340H37787012C040100053
MX/NXORHP-70A-1IA,2018-04-20 00:00:00,2018-03-23 00:00:00,0.92,2403611770674280870010
MX/NXPAS-025CCO1A,2024-07-26 00:00:00,2024-07-12 00:00:00,0.92,A4088A373401W00289
PUHZ-ZRP60VHA,2014-08-05 00:00:00,2014-07-08 00:00:00,0.92,L77JK01S31U03037
SEZ-KD25VAQ,2012-12-04 00:00:00,2012-11-06 00:00:00,0.92,L50T12HS24M00845
HX/NXERV-1300V1,2019-07-31 00:00:00,2019-07-02 00:00:00,0.95,F191070364
M/MI-36Q4/DHN1-A3,2018-03-29 00:00:00,2018-02-28 00:00:00,0.95,C702884751417117400013
M/MKT2-600G30,2017-10-17 00:00:00,2017-09-18 00:00:00,0.95,C703218720615317400001
M/MOB30U-18HFN1-QRD0,2016-09-06 00:00:00,2016-08-08 00:00:00,0.95,2411201120563160150040
M/MOYU-30HFN1-QRD0,2016-04-28 00:00:00,2016-03-30 00:00:00,0.95,D210233680415717160039
M/MOYU-30HFN1-QRD0,2016-04-28 00:00:00,2016-03-30 00:00:00,0.95,D212322290415115160038
M/MTB-18HWFN1-QD0,2016-04-14 00:00:00,2016-03-16 00:00:00,0.95,D210233700215714160011
MCA318HRFN1QRD0,2015-05-13 00:00:00,2015-04-14 00:00:00,0.95,D212319180215116160003
MCD24HRFN1QRC8,2015-08-28 00:00:00,2015-07-30 00:00:00,0.95,D202263610114911160010
MCD24HRFN1QRC8,2015-08-28 00:00:00,2015-07-30 00:00:00,0.95,D202263610114911160013
MD/AFBU12HRFN8QRD1,2024-06-26 00:00:00,2024-05-28 00:00:00,0.95,54VN385220141250130230
MD/AHPS-V8W/D2N8,2023-09-29 00:00:00,2023-08-31 00:00:00,0.95,34VH34446012B270100040
MD/M3OA27HFN8QAH,2024-08-28 00:00:00,2024-07-30 00:00:00,0.95,54VN450390341250150022
MD/M5OE42HFN8QAH,2025-07-17 00:00:00,2025-06-18 00:00:00,0.95,54VK481070838150150017
MD/MOX13309HFN8QRD1N,2024-06-19 00:00:00,2024-05-21 00:00:00,0.95,54VN382820241250120178
MI/CB1-18HFNX-O,2025-05-28 00:00:00,2025-04-29 00:00:00,0.95,541S95823024C270860009
MI/HBTA100/190CDS9B2,2025-07-22 00:00:00,2025-06-23 00:00:00,0.95,541P742510446140300011
MI/HBTA100/190CDS9B2,2025-07-29 00:00:00,2025-06-30 00:00:00,0.95,541P742510446140300011
MI/MCD-18HRFN1-QD0,2016-08-17 00:00:00,2016-07-19 00:00:00,0.95,2411334750463240160020
MI/MOBA03-12HFN1-QD0,2016-07-06 00:00:00,2016-06-07 00:00:00,0.95,2411323790464080130115
MI/X1BP-09N8D0-O,2023-09-29 00:00:00,2023-08-31 00:00:00,0.95,541F677890225090810037
MI/X1BP-09N8D0-O,2023-09-29 00:00:00,2023-08-31 00:00:00,0.95,541F677890225090810040
MI/X1BP-09N8D0-O,2023-09-29 00:00:00,2023-08-31 00:00:00,0.95,541F677890225090810280
MI/X1BP-09N8D0-O,2023-09-29 00:00:00,2023-08-31 00:00:00,0.95,541F677890225090810649
MOU36HN1R,2013-05-01 00:00:00,2013-04-02 00:00:00,0.95,D201473360512724160017
MS12F818HRFN1C8,2015-09-29 00:00:00,2015-08-31 00:00:00,0.95,D200073040515407120038
MUE-18HRFN1-QRD0,2016-08-19 00:00:00,2016-07-21 00:00:00,0.95,D210233720115716160017
MX/NXCO-OD50B-1A,2025-06-06 00:00:00,2025-05-08 00:00:00,0.95,540U2396906A1190860020
HX/NXERV-150V1,2023-12-27 00:00:00,2023-11-27 00:00:00,0.99,F191014831
M/AHUKZ-03B,2018-04-26 00:00:00,2018-03-27 00:00:00,0.99,C703013961417107400046
M/MKA-1200F,2016-04-28 00:00:00,2016-03-29 00:00:00,0.99,C703220341415408400001
M/MOF2-24HFN1-QD0,2016-04-20 00:00:00,2016-03-21 00:00:00,0.99,D212322230815117150062
MC/COX330-18HFN8D0,2023-04-30 00:00:00,2023-03-31 00:00:00,0.99,540G369500527170860004
MC/COX330-18HFN8D0,2023-04-30 00:00:00,2023-03-31 00:00:00,0.99,540G369500527170860009
MD/AFCU18HRFN8QRD0,2023-11-30 00:00:00,2023-10-31 00:00:00,0.99,540J259040133220810076
MD/M4OB36HFN1Q,2017-02-23 00:00:00,2017-01-24 00:00:00,0.99,2411657690465120160001
MD/MOU60HDN1R,2013-03-20 00:00:00,2013-02-18 00:00:00,0.99,D201495750512A30160004
MI/M4O-36FN8-Q,2023-04-30 00:00:00,2023-03-31 00:00:00,0.99,540H571700531040150040
MI/MHC-V18W/D2RN8,2023-04-30 00:00:00,2023-03-31 00:00:00,0.99,341F743970831290100001
MI/MOX230-12HFN8QGA,2023-06-30 00:00:00,2023-05-31 00:00:00,0.99,341D952350119050120009
MI/X3-18N8D0-OH,2023-11-30 00:00:00,2023-10-31 00:00:00,0.99,541K490100436140120047
MI/X3-18N8D0-OH,2023-11-30 00:00:00,2023-10-31 00:00:00,0.99,541K490100436140120053
MI/X3-18N8D0-OH,2023-11-30 00:00:00,2023-10-31 00:00:00,0.99,541K490100436140120056
MI/X3-18N8D0-OH,2023-11-30 00:00:00,2023-10-31 00:00:00,0.99,541K490100436140120085
MSZ-EF42VEB,2014-01-15 00:00:00,2013-12-16 00:00:00,0.99,L20E11GS3000029T
MX/NXHPM-V6W/D2N8,2024-04-19 00:00:00,2024-03-20 00:00:00,0.99,341H11304012C030100046
N/ACH101045E.BK,2016-06-03 00:00:00,2016-05-24 00:00:00,0.99,CKR002B15081900010
M/MSABBU-12HRDN1-QC8,2016-06-20 00:00:00,2016-05-20 00:00:00,1.02,2401199670563180120020
MD/FR12HRFN8QRD1,2025-01-17 00:00:00,2024-12-17 00:00:00,1.02,54VP452430345240820412
MD/MDVI3-15WMVR12E,2024-12-16 00:00:00,2024-11-15 00:00:00,1.02,54VN077180141270100047
MD/MDVI3-22WMVR12E,2025-01-16 00:00:00,2024-12-16 00:00:00,1.02,54VL36686013B230100003
MI/AGBP-09NXD0-I,2023-07-31 00:00:00,2023-06-30 00:00:00,1.02,541F677890125070810272
MI/AGBPW-12NXD0-IH,2023-08-31 00:00:00,2023-07-31 00:00:00,1.02,541H704500132010810331
MI/CB1-09HRFN8-I,2025-07-24 00:00:00,2025-06-23 00:00:00,1.02,541U3855901A3250130199
MI/HB-A60/CD30GN8B,2023-04-30 00:00:00,2023-03-30 00:00:00,1.02,341F745640525230100036
MI/HBT-A100/190CD3B,2024-01-31 00:00:00,2023-12-31 00:00:00,1.02,341F745320124160300107
MI/MCD1-36HRFN8-GA,2023-06-30 00:00:00,2023-05-30 00:00:00,1.02,341F380330522240160072
MI/MHC-V18W/D2RN8,2023-04-30 00:00:00,2023-03-30 00:00:00,1.02,341F743970831290100002
MI/MV6-I670WV2GN1-E,2023-07-31 00:00:00,2023-06-30 00:00:00,1.02,341H20330012B220100009
MI/X2-12N8D6-OH,2024-08-12 00:00:00,2024-07-12 00:00:00,1.02,541N249720241120170151
MI/X3-18N8D0-OH,2023-08-31 00:00:00,2023-07-31 00:00:00,1.02,541H54331082C280120122
MS12F824HRDN1C8,2015-08-20 00:00:00,2015-07-20 00:00:00,1.02,D200101740715426120061
MX/NXHB-A100/CD9,2023-09-29 00:00:00,2023-08-29 00:00:00,1.02,340H37787022C040100024
T-C2000E.EE.NT,2012-11-30 00:00:00,2012-10-30 00:00:00,1.02,103800
MD/AFBU12HRFN8QRD1,2024-08-30 00:00:00,2024-07-29 00:00:00,1.05,54VP420580345040820156
MI/MHC-V30W/D2RN8,2023-04-30 00:00:00,2023-03-29 00:00:00,1.05,341F743970931180100007
MI/MHC-V30W/D2RN8,2023-04-30 00:00:00,2023-03-29 00:00:00,1.05,341F743970931180100009
MI/MHC-V30W/D2RN8,2023-04-30 00:00:00,2023-03-29 00:00:00,1.05,341F743970931180100010
MI/MIH36GN18,2023-12-31 00:00:00,2023-11-29 00:00:00,1.05,541K748390137170100001
MI/MSFAAU-12HRFN8-I,2023-06-30 00:00:00,2023-05-29 00:00:00,1.05,341F374840323150260123
MOBA3007HFN1QRD0GW,2016-08-05 00:00:00,2016-07-04 00:00:00,1.05,2401659970264290130099
MOU36HFN1RRC8,2015-07-31 00:00:00,2015-06-29 00:00:00,1.05,D202250480414721160022
MCD45HRN1R,2015-08-13 00:00:00,2015-07-28 00:00:00,1.06,D202201950314412160047
MI/MCA4U-18HRFNXGA,2025-06-26 00:00:00,2025-06-10 00:00:00,1.06,541U2605403A2140160001
PUHY-HP250YHM-A,2015-04-15 00:00:00,2015-03-30 00:00:00,1.06,7GFYB54ZW02115
HX/NXERV-350V1_ST2,2024-01-31 00:00:00,2023-12-29 00:00:00,1.08,F231031009
M/M2OD-18HFN1-Q,2015-10-05 00:00:00,2015-09-02 00:00:00,1.08,D210059000315324160008
M/MI-22T3/DHN1-C,2016-07-18 00:00:00,2016-06-15 00:00:00,1.08,C701442580216407400017
M/MKT2-600G30,2017-10-17 00:00:00,2017-09-14 00:00:00,1.08,C703218720615317400001
MD/MI-36Q4/DHN1-A3,2019-07-31 00:00:00,2019-06-28 00:00:00,1.08,34V693226088C040100026
MD/MOX33012HFN8QRE3,2025-03-04 00:00:00,2025-01-30 00:00:00,1.08,54VL743220441060170114
MI/AG-24NXD0-IH,2023-04-30 00:00:00,2023-03-28 00:00:00,1.08,541G99507062A080130036
MI/M3OA-27HFN8-QH,2023-12-27 00:00:00,2023-11-24 00:00:00,1.08,541K449120337100150031
MI/MB-09N8D6-I,2019-06-30 00:00:00,2019-05-28 00:00:00,1.08,3417734300193260840272
MI/MB-09N8D6-I,2019-07-31 00:00:00,2019-06-28 00:00:00,1.08,3417931600194230830143
MI/MCD1-24HRFNX-GA,2023-05-31 00:00:00,2023-04-28 00:00:00,1.08,340D961860419090160021
MI/MCD1-55HRFNX-GA,2023-05-31 00:00:00,2023-04-28 00:00:00,1.08,541H53067032C150160019
MI/MHC-V12W/D2RN8-B,2023-07-31 00:00:00,2023-06-28 00:00:00,1.08,341G84745022B010100056
MI/MTI-42HWFN1-QRD0,2018-05-21 00:00:00,2018-04-18 00:00:00,1.08,2413497290376020160008
MOU45HN1RB6W,2015-08-05 00:00:00,2015-07-03 00:00:00,1.08,D202251770614730160058
M/MSABAU-07HRFN1-QD0,2015-07-07 00:00:00,2015-06-03 00:00:00,1.12,D210058921015326120108
MD/CSTB-24R32IVT-IN,2025-05-12 00:00:00,2025-04-08 00:00:00,1.12,54VU0976004A1220160002
MD/MSAFCU18HRFN8QRD0,2019-07-31 00:00:00,2019-06-27 00:00:00,1.12,3407743090393290810072
MD/OP12HRFN8QRE3,2023-11-02 00:00:00,2023-09-29 00:00:00,1.12,540H57926012C270130014
MI/AGBP-09NXD0-I,2023-04-30 00:00:00,2023-03-27 00:00:00,1.12,541F678650124180810047
MI/MCA3U-12HRFNX-GA,2024-02-12 00:00:00,2024-01-26 00:00:00,1.12,541L74064013B170160017
MI/MTI-36FNXD0,2019-03-31 00:00:00,2019-03-14 00:00:00,1.12,3415844590485270160010
MI/MUE-24HRFNX-GA,2024-10-30 00:00:00,2024-09-26 00:00:00,1.12,541N448140741240160002
MOU24HN1Q,2015-08-13 00:00:00,2015-07-10 00:00:00,1.12,D202121551013922150035
MS12F812HRDN1C8,2015-07-17 00:00:00,2015-06-30 00:00:00,1.12,D200073040315409120486
MSABAU07HRFN1QRD0GWB,2018-05-25 00:00:00,2018-05-08 00:00:00,1.12,2401791190165160120057
MSR23U09HRDN1QROU,2015-05-04 00:00:00,2015-03-31 00:00:00,1.12,D202107830213715130216
MSZ-GF71VE,2015-03-17 00:00:00,2015-02-11 00:00:00,1.12,L20E20SS3006137T
MX/NXM-35APO1-A,2017-10-13 00:00:00,2017-09-26 00:00:00,1.12,2403541890274200200085
HX/NXERV-250V1_ST2,2024-08-13 00:00:00,2024-07-09 00:00:00,1.15,F231022180
M/MI-112T2/DHN1-BA5,2024-04-09 00:00:00,2024-03-05 00:00:00,1.15,C703247541215A09400002
M/MOC1-12HFN1-QD0,2016-07-15 00:00:00,2016-06-10 00:00:00,1.15,D212309820415103150042
MCD18HRFN1QRD0,2017-10-16 00:00:00,2017-09-11 00:00:00,1.15,2411201120463170160007
MD/MDV-022G/DN1,2024-12-05 00:00:00,2024-10-31 00:00:00,1.15,54VL70614013B150100069
MD/MDVO-V8M80V2R8E,2024-07-17 00:00:00,2024-06-12 00:00:00,1.15,54VL067070139070100005
MD/MODA30HFN1QRDA,2018-05-15 00:00:00,2018-04-10 00:00:00,1.15,2403802240878200160004
MD/MOX13312HFN8QRD0N,2025-03-11 00:00:00,2025-02-04 00:00:00,1.15,540J548440334240810755
MD/MSAFBU12HRDN1QRD0,2018-06-11 00:00:00,2018-05-07 00:00:00,1.15,2403496620374180820065
MD/OP12HRFN8QRE3,2023-11-02 00:00:00,2023-09-28 00:00:00,1.15,540H57926012C270130052
MD/XT12HRFN8QRD6,2024-09-10 00:00:00,2024-08-06 00:00:00,1.15,540L747620343060250008
MHG60HWFN1Q,2015-03-18 00:00:00,2015-02-11 00:00:00,1.15,D202212890114504160002
MI/AGBPW-12NXD0-IH,2024-12-31 00:00:00,2024-11-26 00:00:00,1.15,541Q647240149070170083
MI/CB1-18HRFN8-I,2025-08-04 00:00:00,2025-06-30 00:00:00,1.15,541U4556301A3290850022
MI/MCA3-18HRFN1-QD0,2018-05-11 00:00:00,2018-04-06 00:00:00,1.15,2411657880365090160042
MI/MCA3-18HRFN1-QD0,2018-05-11 00:00:00,2018-04-06 00:00:00,1.15,2411657880365090160066
MI/MHC-V16W/D2RN8-B2,2023-12-18 00:00:00,2023-11-13 00:00:00,1.15,341H31805022B180100007
MI/MHC-V16W/D2RN8-B2,2023-12-18 00:00:00,2023-11-13 00:00:00,1.15,341H31805022B180100029
MI/MOBA02-09HFN1-QD0,2017-05-11 00:00:00,2017-04-06 00:00:00,1.15,2411653771065120130027
MI/MOX430U-24HFN8QGA,2023-07-12 00:00:00,2023-06-07 00:00:00,1.15,541H32581092B190120014
MI/X1BPW-12N8D0-OH,2024-12-31 00:00:00,2024-11-26 00:00:00,1.15,541Q647240249120170064
MTBU12HWFN1QRC8,2016-07-26 00:00:00,2016-06-21 00:00:00,1.15,D200226770115715160020
MUE48HRFN1QRD0,2016-08-31 00:00:00,2016-07-27 00:00:00,1.15,2400865810861230160005
MX/NXHPM-V12W/D2RN8,2023-10-30 00:00:00,2023-09-25 00:00:00,1.15,34VH537380231020100011
MX/NXKH2-V350-R3,2023-05-31 00:00:00,2023-04-26 00:00:00,1.15,340F806380123240100003
MX/NXRM-OD50B-1CH,2025-02-25 00:00:00,2025-01-21 00:00:00,1.15,540Q449290549040120084
MX/NXRM-OD70B-1CH-P,2024-08-13 00:00:00,2024-07-09 00:00:00,1.15,540G064910825060860024
M/MI-28Q4/DHN1-A3,2017-04-18 00:00:00,2017-03-31 00:00:00,1.18,C702662710816C03400002
M/MI-28Q4/DHN1-D,2025-04-22 00:00:00,2025-04-04 00:00:00,1.18,C701747951616512400003
M/MOZ1-18HFN1-QD0,2015-08-18 00:00:00,2015-07-13 00:00:00,1.18,D212322480615117150025
MD/CLFB-48R32IVT-IN,2024-06-19 00:00:00,2024-05-14 00:00:00,1.18,340D964730419290160010
MD/MOU48HDN1R,2015-10-23 00:00:00,2015-09-17 00:00:00,1.18,D202294380414C09160008
MD/MOX13312HFN8QRD0N,2024-08-16 00:00:00,2024-07-11 00:00:00,1.18,54VL43360043A160120011
MD/MOX33012HFN8QRE3,2024-12-10 00:00:00,2024-11-04 00:00:00,1.18,54VK478400238160120167
MHG60HWFN1Q,2015-03-19 00:00:00,2015-02-11 00:00:00,1.18,D202212890114504160002
MI/AGBPW-09NXD0-IH,2024-08-14 00:00:00,2024-07-09 00:00:00,1.18,541P186930144200170003
MI/HBTA100/190CDS9B2,2025-07-29 00:00:00,2025-06-23 00:00:00,1.18,541P742510446140300011
MI/M4O-36FN8-QH,2024-10-09 00:00:00,2024-09-03 00:00:00,1.18,541P349421145090150013
MI/MA-24N8D0-O,2019-04-30 00:00:00,2019-03-25 00:00:00,1.18,3415762680285070870011
MI/MCA3U-12HRFNX-GA,2023-08-31 00:00:00,2023-07-26 00:00:00,1.18,540J548350134270160133
MI/MSMABU12HRDN1QD0,2016-06-09 00:00:00,2016-05-04 00:00:00,1.18,2411110290363110120087
MS12F812HRDN1C8,2015-08-05 00:00:00,2015-06-30 00:00:00,1.18,D200073040315409120486
MSR23U09HRDN1QROU,2014-02-19 00:00:00,2014-01-14 00:00:00,1.18,D202079120713515120097
MUE45HRN1-R,2016-07-29 00:00:00,2016-06-23 00:00:00,1.18,D200309360215910160026
MX/NXHPM-V12W/D2RN8,2024-02-27 00:00:00,2024-01-22 00:00:00,1.18,541K814480238180100013
M/M2OD-18HFN1-Q,2016-03-24 00:00:00,2016-02-16 00:00:00,1.22,240071890045C210160014
M/MDV-V400W/DRN1,2017-10-20 00:00:00,2017-09-13 00:00:00,1.22,C704053690517710400001
M/MSMBBU-09HRFN1-QD0,2016-04-29 00:00:00,2016-03-23 00:00:00,1.22,2410878180162150120004
M/MV5-X500W/V2GN1,2016-06-29 00:00:00,2016-05-23 00:00:00,1.22,C703247561415A19400001
MCD18HRFN1QRD0,2017-10-18 00:00:00,2017-09-11 00:00:00,1.22,2411201120463170160007
MCD36HRFN1QRC8,2016-10-07 00:00:00,2016-08-31 00:00:00,1.22,D202263610214911160019
MCD36HRFN1QRC8,2016-10-07 00:00:00,2016-08-31 00:00:00,1.22,D202263610214911160034
MD/FR09HRFN8QRD1,2025-07-11 00:00:00,2025-06-04 00:00:00,1.22,54VU2289201A2070810623
MD/MDVI3-28WMVR12E,2025-05-22 00:00:00,2025-04-15 00:00:00,1.22,54VL36692013B230100006
MD/MUE24HRFN1QRDA,2016-09-14 00:00:00,2016-08-08 00:00:00,1.22,2410884740761240160008
MI/AGBPW-09NXD0-IH,2025-04-10 00:00:00,2025-03-04 00:00:00,1.22,541Q79247014B120170052
MI/M4O-36FN8-QH,2024-10-17 00:00:00,2024-09-10 00:00:00,1.22,541K49410053A060150028
MI/M4O-36FN8-QH,2025-04-17 00:00:00,2025-03-11 00:00:00,1.22,541Q79283064B120150046
MI/M4O-36FN8-QH,2025-04-17 00:00:00,2025-03-11 00:00:00,1.22,541Q79283064B120150051
MI/MA-09NXD0-I,2019-07-31 00:00:00,2019-06-24 00:00:00,1.22,3417631890793260820116
MI/MCD1-24HRFNX-GA,2023-08-31 00:00:00,2023-07-25 00:00:00,1.22,541J550650334270160019
MI/MCD1-48HRFNX-GA,2024-12-13 00:00:00,2024-11-06 00:00:00,1.22,540K974770338230160022
MI/MHC-V14W/D2RN8-B2,2023-11-30 00:00:00,2023-10-24 00:00:00,1.22,341H559530131100100042
MI/MOBA03-12HFN1-QD0,2016-08-11 00:00:00,2016-07-05 00:00:00,1.22,2411653770465090150370
MI/MOX630U-48HFN8RGA,2024-12-13 00:00:00,2024-11-06 00:00:00,1.22,541P344071845080150001
MI/MUE-55FNXD0,2024-06-06 00:00:00,2024-04-30 00:00:00,1.22,341C448080512010160016
MSTCAU09HRFN1QR,2015-11-19 00:00:00,2015-10-13 00:00:00,1.22,D200073060215409120132
MTB55HWFN1QRD0,2017-06-29 00:00:00,2017-05-23 00:00:00,1.22,D210059030715325160013
MX/NXHPM-V10W/D2N8_E,2024-10-23 00:00:00,2024-09-16 00:00:00,1.22,540P079870143270100055
MX/NXHPM-V10W/D2N8_E,2025-03-27 00:00:00,2025-02-18 00:00:00,1.22,540P079810143270100053
N/ACC101000A.BK,2017-01-18 00:00:00,2016-12-12 00:00:00,1.22,CKY003B15081900176
PAC-IF051B-E,2015-05-15 00:00:00,2015-04-08 00:00:00,1.22,7H1FTC4G 3H00672
M/MKT2-1200G30,2016-02-15 00:00:00,2016-01-27 00:00:00,1.24,C703250461215A27400009
MI/AG-18NXD0-IH,2024-01-16 00:00:00,2023-12-28 00:00:00,1.24,541H54331092C250130040
MI/MCD-24HRFN1-Z-QD0,2018-04-03 00:00:00,2018-03-15 00:00:00,1.24,2413244870473050160038
G/MPET18C0AC,2024-11-22 00:00:00,2024-10-15 00:00:00,1.25,24700693
MD/MSAFBU09HRDN8-XW,2023-08-31 00:00:00,2023-07-24 00:00:00,1.25,540G333560126140840519
MDVD45Q4/N1-A3,2014-04-18 00:00:00,2014-03-11 00:00:00,1.25,C703137680113109400011
MI/AGBPW-09NXD0-IH,2025-02-27 00:00:00,2025-01-20 00:00:00,1.25,541N584740643190830074
MI/HBT-A100/190CDS9B,2024-07-08 00:00:00,2024-05-31 00:00:00,1.25,541L446220141030300010
MI/MCD-18HRFN1-QD0,2016-07-01 00:00:00,2016-05-24 00:00:00,1.25,2411201120463170160026
MI/MCD-36FNXD0,2019-06-30 00:00:00,2019-05-23 00:00:00,1.25,3417734310593300160007
MI/MIH36GN18_N,2025-01-09 00:00:00,2024-12-02 00:00:00,1.25,541N539170142210100096
MI/MOX630U-55HFN8RGA,2024-11-08 00:00:00,2024-10-01 00:00:00,1.25,541N448140641250150089
MI/MVI-560WV2RN1(A),2025-07-24 00:00:00,2025-06-16 00:00:00,1.25,541P294250744260300001
MOB30U18HFN1QRD0,2016-06-13 00:00:00,2016-05-06 00:00:00,1.25,2410878280261300150036
MUE-55HRFN1-QRD0,2016-03-25 00:00:00,2016-02-16 00:00:00,1.25,D200342070515928160004
MX/NXHPM-V22W/D2RN8,2024-02-29 00:00:00,2024-01-22 00:00:00,1.25,341G220810232250100011
MX/NXKC-V300R-B,2024-03-18 00:00:00,2024-02-09 00:00:00,1.25,540L36925013A240100002
MX/NXRM-OD35B-1CH-P,2023-06-30 00:00:00,2023-05-23 00:00:00,1.25,540G064910425030850298
MC/COX330-18HFN8D0,2023-04-30 00:00:00,2023-03-22 00:00:00,1.28,540G369500527170860004
MC/COX330-18HFN8D0,2023-04-30 00:00:00,2023-03-22 00:00:00,1.28,540G369500527170860009
MD/MOBA0309HFN8QRD0,2019-06-30 00:00:00,2019-05-22 00:00:00,1.28,3407734270493260830156
MD/MOEA55HFN1RRDA,2017-08-08 00:00:00,2017-06-30 00:00:00,1.28,2402977650471040160025
MD/MSAFBU12HRDN8QRD0,2019-06-30 00:00:00,2019-05-22 00:00:00,1.28,3407734270194040830139
MDVD36Q4/N1-A2,2019-03-31 00:00:00,2019-02-20 00:00:00,1.28,C703080850411210400005
MI/AG-12NXD1-IH,2023-04-30 00:00:00,2023-03-22 00:00:00,1.28,541H54519022C190130027
MI/M2TIPP-41HFN1-QD0,2023-04-30 00:00:00,2023-03-22 00:00:00,1.28,341G74477062B190100016
MI/M5OE-42HFN8-QH,2024-10-29 00:00:00,2024-09-20 00:00:00,1.28,541K493910738150150006
MI/M5OE-42HFN8-QH,2024-10-29 00:00:00,2024-09-20 00:00:00,1.28,541Q100470647250150003
MI/M5OE-42HFN8-QH,2024-11-05 00:00:00,2024-09-27 00:00:00,1.28,541N585030743240150039
MI/MCD1-48HRFNX-GA,2023-08-01 00:00:00,2023-06-23 00:00:00,1.28,541H53166042C150160059
MI/MCD1-55HRFNX-GA,2023-06-06 00:00:00,2023-04-28 00:00:00,1.28,541H53067032C150160020
MI/MCD-36FNXD0,2019-06-30 00:00:00,2019-05-22 00:00:00,1.28,3417734310593300160007
MI/MOB02-18HFN1-QD0W,2016-05-16 00:00:00,2016-04-07 00:00:00,1.28,2411110290663100150074
MI/MOU-55FN8-RD0,2019-03-31 00:00:00,2019-02-20 00:00:00,1.28,341692901108B130160036
MUZ-SF50VE,2014-09-02 00:00:00,2014-07-25 00:00:00,1.28,L20E2C3S4003099T
MX/NXHPM-V12W/D2RN8,2024-02-12 00:00:00,2024-01-04 00:00:00,1.28,541K814480238190100007
MX/NXHPM-V12W/D2RN8,2025-06-02 00:00:00,2025-04-24 00:00:00,1.28,540P079930143280100043
MX/NXHPM-V14W/D2RN8,2024-04-08 00:00:00,2024-02-29 00:00:00,1.28,540L55868013C130100060
M/MV5-X280W/V2GN1,2017-03-27 00:00:00,2017-02-15 00:00:00,1.31,C701747950616507400001
MD/MDV-022Q4C/DN1,2023-12-27 00:00:00,2023-11-17 00:00:00,1.31,54VK748280237240100004
MD/MOEA55HFN8RRDA,2019-07-31 00:00:00,2019-06-21 00:00:00,1.31,3407782020794250150020
MDV335(12WDRN1C,2015-09-28 00:00:00,2015-08-19 00:00:00,1.31,C703226361915509400001
MDVD36Q4/N1-A3,2018-06-05 00:00:00,2018-04-26 00:00:00,1.31,C705103200318121400052
MI/AGBPW-12NXD0-IH,2024-08-05 00:00:00,2024-06-26 00:00:00,1.31,541H704500132010810647
MI/CB1-12HRFN8-I,2024-09-18 00:00:00,2024-08-09 00:00:00,1.31,541Q017500347020130217
MI/MCA3U12HRFN1QD0,2016-06-08 00:00:00,2016-04-29 00:00:00,1.31,2400865810261190160018
MI/MSMBBU12HRFN1QRD0,2016-06-28 00:00:00,2016-05-19 00:00:00,1.31,2411224210363170120022
MS11MU12HRFN1QR,2019-07-31 00:00:00,2019-06-21 00:00:00,1.31,D202079610513521120015
MS12F824HRDN1C8,2015-08-17 00:00:00,2015-07-08 00:00:00,1.31,D200073040715403120082
MS12F824HRDN1C8,2018-05-21 00:00:00,2018-04-11 00:00:00,1.31,D200073040715403120106
MS12F824HRDN1C8OU,2015-08-17 00:00:00,2015-07-08 00:00:00,1.31,D200073040815407150004
MX/NXHPM-V10W/D2N8,2024-05-14 00:00:00,2024-04-04 00:00:00,1.31,541L85507013C160100027
MX/NXHPM-V12W/D2RN8,2024-02-13 00:00:00,2024-01-04 00:00:00,1.31,541H985650235140100022
M/MKT2-600G30,2015-12-23 00:00:00,2015-12-03 00:00:00,1.32,C703218720615317400017
MI/HB-A100/CDS90GN8B,2024-11-20 00:00:00,2024-10-31 00:00:00,1.32,341H58392022C270100015
M2OE18HFN1Q,2019-03-31 00:00:00,2019-02-18 00:00:00,1.35,2411785820166040160026
MCA318HRFN1QRD0,2015-05-25 00:00:00,2015-04-14 00:00:00,1.35,D212319180215116160003
MD/M2OE16HFN1Q,2017-08-28 00:00:00,2017-07-18 00:00:00,1.35,2401170760963230160015
MD/MOB3112HFN1QRD0GW,2017-05-18 00:00:00,2017-04-07 00:00:00,1.35,2401659970664290130061
MD/MOX13312HFN8QRD1N,2024-07-29 00:00:00,2024-06-18 00:00:00,1.35,54VN383100241260120046
MDVD90Q4/N1-E,2016-10-10 00:00:00,2016-08-30 00:00:00,1.35,C701005820216228400002
MHC48HWN1R,2014-04-10 00:00:00,2014-02-28 00:00:00,1.35,D202120340113925160013
MI/AGBP-24NXD0-I,2023-10-31 00:00:00,2023-09-20 00:00:00,1.35,541F678530224240850202
MI/MCA3-18HRFN1-QD0,2016-05-23 00:00:00,2016-04-12 00:00:00,1.35,2410884740461200160034
MI/MCD-36HRFN1-QD0,2017-11-13 00:00:00,2017-10-03 00:00:00,1.35,D210058970815323160001
MI/MHC-V18W/D2RN8,2023-12-27 00:00:00,2023-11-16 00:00:00,1.35,341G837980132260100010
MI/MIH36GN18,2024-10-16 00:00:00,2024-09-05 00:00:00,1.35,541N539170142200100075
MOU51HN1RB6W,2015-05-26 00:00:00,2015-04-15 00:00:00,1.35,D202201950414414160031
MS12F812HRDN1C8,2016-08-02 00:00:00,2016-06-22 00:00:00,1.35,D200101740315429120184
MSZ-EF35VEW,2012-11-28 00:00:00,2012-10-18 00:00:00,1.35,L20E11AS2006744T
M/AHUKZ-01N1,2025-05-28 00:00:00,2025-04-16 00:00:00,1.38,C706252541287144000001
M/AHUKZ-02B,2017-06-08 00:00:00,2017-04-27 00:00:00,1.38,C701901660816607400010
M/MI-100Q4/DHN1-D,2017-06-29 00:00:00,2017-06-08 00:00:00,1.38,C701747911116512400004
M/MI-22G/DHN1-M,2017-11-10 00:00:00,2017-09-29 00:00:00,1.38,C703875170117612400057
M/MI-28Q4/DHN1-D,2025-04-25 00:00:00,2025-04-04 00:00:00,1.38,C701747951616512400003
M/MI-80Q4/DHN1-D,2018-02-01 00:00:00,2017-12-21 00:00:00,1.38,C701442621116407400001
M/MI-80Q4/DHN1-D,2018-02-01 00:00:00,2017-12-21 00:00:00,1.38,C701442621116407400002
M/MI-80Q4/DHN1-D,2018-02-01 00:00:00,2017-12-21 00:00:00,1.38,C701442621116407400004
M/MI-80Q4/DHN1-D,2018-02-01 00:00:00,2017-12-21 00:00:00,1.38,C701442621116407400007
M/MOF2-24HFN1-QD0,2016-11-28 00:00:00,2016-11-07 00:00:00,1.38,D212322230815117150061
MD/AFBU09HRDN8QRD0,2023-12-27 00:00:00,2023-11-15 00:00:00,1.38,54VK731980138190130043
MD/CLFB-48R32IVT-IN,2024-06-13 00:00:00,2024-05-23 00:00:00,1.38,340D929840617230160002
MD/CSTS4-12R32IVT-IN,2024-12-11 00:00:00,2024-10-30 00:00:00,1.38,54VN736160543130160015
MD/FR09HRFN8QRD1,2025-07-09 00:00:00,2025-05-28 00:00:00,1.38,54VU2682202A3030810243
MD/MOEA55HFN1RRDA,2017-08-21 00:00:00,2017-07-10 00:00:00,1.38,2402977560671060160002
MD/MOX33018HFN8QRD0N,2023-06-06 00:00:00,2023-04-25 00:00:00,1.38,540H852690132120830045
MDV400(14)W/DRN1(D),2018-01-31 00:00:00,2017-12-20 00:00:00,1.38,C701005700216226400003
MI/AG-09NXD1-I,2023-10-20 00:00:00,2023-09-08 00:00:00,1.38,341D950901119020130286
MI/M2OE-18HFN8-Q,2023-08-31 00:00:00,2023-07-20 00:00:00,1.38,540G168390226050150055
MI/M2OE-18HFN8-QH,2024-07-23 00:00:00,2024-06-11 00:00:00,1.38,541N585030243270150032
MI/MA-09N8D0-XO,2023-08-31 00:00:00,2023-07-20 00:00:00,1.38,341C612480214030810021
MI/MCA3-18HRFN1-QD0,2016-05-24 00:00:00,2016-04-12 00:00:00,1.38,2410884740461200160034
MI/MCA3-18HRFN1-QD0,2016-06-09 00:00:00,2016-04-28 00:00:00,1.38,2410884740461200160001
MI/MCD1-36HRFN8-GA,2024-06-21 00:00:00,2024-05-10 00:00:00,1.38,541L74184013C070160044
MI/MCD-24HRFN1-Z-QD0,2018-05-28 00:00:00,2018-04-16 00:00:00,1.38,2413244870473050160098
MI/MI2-56Q4DN1,2024-11-14 00:00:00,2024-10-03 00:00:00,1.38,340E257950819280100173
MI/MIH112Q4N18,2024-11-19 00:00:00,2024-10-08 00:00:00,1.38,541N539190342240300007
MI/MIH22GN18,2024-08-21 00:00:00,2024-07-10 00:00:00,1.38,541N539080142190100029
MI/MOB02-18HFN1-QD0W,2016-08-29 00:00:00,2016-07-18 00:00:00,1.38,2411653771465110150201
MOEU51HN1RB6W,2016-08-29 00:00:00,2016-07-18 00:00:00,1.38,D200342070215924160018
MTB55HWFN1QRD0,2017-07-04 00:00:00,2017-05-23 00:00:00,1.38,D210059030715325160013
MUE48HRFN1QRD0,2016-09-07 00:00:00,2016-07-27 00:00:00,1.38,2400865810861230160005
MX/NXKT3-V300F,2023-06-30 00:00:00,2023-05-19 00:00:00,1.38,340F806380223260100002
PUHZ-RP100VKA,2012-10-31 00:00:00,2012-09-19 00:00:00,1.38,L7H1M29S13U12538
HX/NXERV-500V1_ST2,2024-02-12 00:00:00,2023-12-31 00:00:00,1.41,F231042531
M/MDV-V160W/DRN1,2017-12-08 00:00:00,2017-10-26 00:00:00,1.41,C703209721315104400008
M/MV5-X280W/V2GN1,2015-08-06 00:00:00,2015-06-24 00:00:00,1.41,C703209721915106400030
MCA318HRFN1QRD0,2019-07-31 00:00:00,2019-06-18 00:00:00,1.41,3415643390584140160035
MD/M4OB36HFN1Q,2019-07-31 00:00:00,2019-06-18 00:00:00,1.41,240453741057A060160002
MD/MOBA3012HFN8QRD0,2019-07-31 00:00:00,2019-06-18 00:00:00,1.41,3406655660289260130122
MD/MOBA3012HFN8QRD0,2019-07-31 00:00:00,2019-06-18 00:00:00,1.41,3406655660289260130125
MD/MOBA3012HFN8QRD0,2019-07-31 00:00:00,2019-06-18 00:00:00,1.41,3406655660289260130131
MD/MOX43124HFN8QRD0N,2025-07-31 00:00:00,2025-06-18 00:00:00,1.41,54VS6926506A1060120012
MD/MSAFBU12HRDN8QRD0,2019-07-31 00:00:00,2019-06-18 00:00:00,1.41,3407743090194030830064
MD/MSAFBU12HRDN8QRD0,2019-07-31 00:00:00,2019-06-18 00:00:00,1.41,3407743090194030830070
MD/MSAFBU12HRDN8QRD0,2019-07-31 00:00:00,2019-06-18 00:00:00,1.41,3407743090194030830329
MDV400(14)W/DRN1(D),2018-02-01 00:00:00,2017-12-20 00:00:00,1.41,C701005700216226400003
MI/AG-12NXD1-IH,2023-05-31 00:00:00,2023-04-18 00:00:00,1.41,541H54519022C190130006
MI/HB-A160/CDS90GN8B,2024-03-28 00:00:00,2024-02-14 00:00:00,1.41,341H31162072C040100014
MOU51HN1RB6W,2015-05-28 00:00:00,2015-04-15 00:00:00,1.41,D202201950414414160031
MSZ-SF25VE,2015-03-20 00:00:00,2015-02-05 00:00:00,1.41,L20E21FS4059874T
MX/NXHPM-V8W/D2N8_E,2025-02-04 00:00:00,2024-12-23 00:00:00,1.41,540N536690142210100018
M/MDV-V224W/DRN1,2017-12-05 00:00:00,2017-11-13 00:00:00,1.44,C703875230417614400006
MCC24HRN1,2013-06-26 00:00:00,2013-06-04 00:00:00,1.44,D201494360412A26160025
HX/NXERV-350V1_ST2,2024-11-13 00:00:00,2024-09-30 00:00:00,1.45,F231031070
M/MDVT-D335W/RN1-B,2015-05-21 00:00:00,2015-04-07 00:00:00,1.45,C703183102014415400004
M/MI-22T3/DHN1-C,2016-03-23 00:00:00,2016-02-08 00:00:00,1.45,C703247530915A16400008
MD/MOX13312HFN8QRD1N,2024-09-05 00:00:00,2024-07-23 00:00:00,1.45,54VP420580445050830171
MDVD28G/N1-E1,2016-07-08 00:00:00,2016-05-25 00:00:00,1.45,C703024580208719400042
MDVD56G/N1-S,2016-02-11 00:00:00,2015-12-29 00:00:00,1.45,C703223070215407400018
MI/AG-24NXD0-I,2024-04-05 00:00:00,2024-02-21 00:00:00,1.45,541L43432053A200130005
MI/MOB03-12HFN1-Q_H,2018-03-02 00:00:00,2018-01-17 00:00:00,1.45,2411785860465270150235
MI/X4-24N8D0-O,2023-05-31 00:00:00,2023-04-17 00:00:00,1.45,541H54331022C290120030
MOU36HFN1RRC8,2016-04-22 00:00:00,2016-03-09 00:00:00,1.45,D202263610714912160059
MSR2412HRDN1C8,2016-03-30 00:00:00,2016-02-15 00:00:00,1.45,D200101970315504120010
MTB55HWFN1QRD0,2016-10-21 00:00:00,2016-09-07 00:00:00,1.45,D200226770515714160005
MTB55HWFN1QRD0,2017-07-06 00:00:00,2017-05-23 00:00:00,1.45,D210059030715325160013
MUE36HRFN1QRC8A,2015-07-22 00:00:00,2015-06-08 00:00:00,1.45,D202250480114730160027
MX/NXHPM-V14W/D2RN8,2024-03-28 00:00:00,2024-02-13 00:00:00,1.45,341H31822012C080100065
MCD36HRFN1QRC4,2015-01-12 00:00:00,2014-11-28 00:00:00,1.48,D202110130113827160045
MD/AFDU24HRFN8QRD0,2024-02-12 00:00:00,2023-12-29 00:00:00,1.48,540J258890533230860024
MD/FR12HRFN8QRD1,2025-07-10 00:00:00,2025-05-26 00:00:00,1.48,54VS6926501A1060170269
MD/M2OE16HFN1Q,2017-09-01 00:00:00,2017-07-18 00:00:00,1.48,2401170760963230160015
MI/HB-A60/CD30GN8B,2024-11-14 00:00:00,2024-09-30 00:00:00,1.48,341F745640525230100010
MI/MCD1-48HRFNX-GA,2024-06-24 00:00:00,2024-05-10 00:00:00,1.48,541L74184023C070160069
MI/MHC-V16WD2RN7E30,2024-10-31 00:00:00,2024-09-16 00:00:00,1.48,541L963760741020100006
MI/MOBA03-12HFN1-QD0,2016-05-20 00:00:00,2016-04-05 00:00:00,1.48,2411110290463140130091
MI/MSMAAU09HRDN1QD0,2016-05-20 00:00:00,2016-04-05 00:00:00,1.48,2411110290163110120599
MI/MSMBBU12HRFN1QRD0,2016-08-26 00:00:00,2016-07-12 00:00:00,1.48,2411653771165140120100
MI/MUE-48HRFN1-QRD0,2017-06-23 00:00:00,2017-05-09 00:00:00,1.48,2412149270669100160003
MI/MUE-55FNXD0,2019-03-31 00:00:00,2019-02-14 00:00:00,1.48,3416370500688020160016
HX/NXERV-350V1_ST2,2024-02-13 00:00:00,2023-12-29 00:00:00,1.51,F231031009
M/MI-28G/DHN1-M,2018-05-14 00:00:00,2018-03-29 00:00:00,1.51,C703875170217612400054
M/MI-36Q4/DHN1-D,2017-11-07 00:00:00,2017-09-22 00:00:00,1.51,C701442620216405400004
M/MKT2-800G30,2016-11-08 00:00:00,2016-09-23 00:00:00,1.51,C703250461015A27400008
MD/M4OB36HFN8QAH,2023-07-31 00:00:00,2023-06-15 00:00:00,1.51,540H878030232110150038
MD/M5OE42HFN8QAH,2023-07-31 00:00:00,2023-06-15 00:00:00,1.51,540H878030332110150061
MD/MOEA55HFN1RRDA,2017-09-26 00:00:00,2017-08-11 00:00:00,1.51,2402977560671060160007
MD/MOX43124HFN8QRD0N,2024-02-13 00:00:00,2023-12-29 00:00:00,1.51,54VK477360738160860007
MDVV200WDRN1,2016-12-06 00:00:00,2016-10-21 00:00:00,1.51,C701901661416619400003
MI/AGBP-12NXD0-I,2023-07-31 00:00:00,2023-06-15 00:00:00,1.51,541F678410125100871215
MI/HB-A160/CDS90GN8B,2023-09-29 00:00:00,2023-08-14 00:00:00,1.51,341H31183042B270100005
MI/MHC-V8W/D2N8-B2,2024-06-28 00:00:00,2024-05-13 00:00:00,1.51,541L85507013C120100028
MI/MOB01-09HFN8,2024-06-28 00:00:00,2024-05-13 00:00:00,1.51,341E38159011A080120159
MI/MOD30U-36HFN8RGA,2024-11-29 00:00:00,2024-10-14 00:00:00,1.51,541Q098831547300150005
MI/MOX630U-48HFN8RGA,2024-12-03 00:00:00,2024-10-18 00:00:00,1.51,541Q098831648020150017
MX/NXHPM-V10W/D2N8_E,2024-12-06 00:00:00,2024-10-21 00:00:00,1.51,540P079870143270100005
MX/NXRM-ID50XWM-1C,2023-04-30 00:00:00,2023-03-15 00:00:00,1.51,540G065980526080850162
MI/MTI-36HWFN1-QRD0,2017-12-20 00:00:00,2017-11-27 00:00:00,1.52,2413140540772210160005
MI/MV6-450WV2GN1-EH,2019-06-30 00:00:00,2019-06-07 00:00:00,1.52,3417606250893100100002
MI/MV6-450WV2GN1-EH,2019-06-30 00:00:00,2019-06-07 00:00:00,1.52,3417606250893100100004
MI/MV6-450WV2GN1-EH,2019-06-30 00:00:00,2019-06-07 00:00:00,1.52,3417606250893100100005
G-EF02ULX0L,2014-12-08 00:00:00,2014-10-22 00:00:00,1.54,14039605
M/M5OD-42HFN1-Q,2016-08-08 00:00:00,2016-06-22 00:00:00,1.54,D210059000515329160015
M/MI-45Q4/DHN1-D,2018-01-03 00:00:00,2017-11-17 00:00:00,1.54,C701442620316406400001
M/MI-45Q4/DHN1-D,2018-01-03 00:00:00,2017-11-17 00:00:00,1.54,C701442620316406400004
M/MSMBCU-18HRFN1-QD0,2017-12-06 00:00:00,2017-10-20 00:00:00,1.54,2413476050576160120003
MI/MCA3U12HRFN1QD0,2016-06-07 00:00:00,2016-04-21 00:00:00,1.54,2410884740161200160015
MI/MCD1-24HRFNX-GA,2025-07-07 00:00:00,2025-05-21 00:00:00,1.54,541S69547044C160160012
MI/MI2-28GDN1,2019-07-31 00:00:00,2019-06-14 00:00:00,1.54,341690200048C060100051
MI/MSMBBU12HRFN1QRD0,2016-10-10 00:00:00,2016-08-24 00:00:00,1.54,2411785860365270120177
MX/NXHPM-V8W/D2N8,2024-04-16 00:00:00,2024-02-29 00:00:00,1.54,540L55863013C120100008
MX/NXRM-ID50XWM-1C,2024-10-14 00:00:00,2024-08-28 00:00:00,1.54,540P420810545050170001
HX/NXERV-500V1_ST2,2024-01-31 00:00:00,2023-12-14 00:00:00,1.58,F231042533
M/AHUKZ-01N1,2025-06-03 00:00:00,2025-04-16 00:00:00,1.58,C706252541287144000001
M/MI-36G/DHN1-M,2017-11-16 00:00:00,2017-09-29 00:00:00,1.58,C703718581117512400015
MCD18HRFN1QRC8,2015-06-25 00:00:00,2015-05-08 00:00:00,1.58,D202263610514911160010
MCD24HRFN1QRC4,2013-12-04 00:00:00,2013-10-17 00:00:00,1.58,D202060160413413160001
MD/FR09HRFN8QRD1,2024-09-23 00:00:00,2024-08-06 00:00:00,1.58,54VP150730145080170159
MD/M4OB36HFN1Q,2017-03-01 00:00:00,2017-01-12 00:00:00,1.58,2401440091164100160020
MD/M4OB36HFN1Q,2017-03-01 00:00:00,2017-01-12 00:00:00,1.58,2401440091164100160025
MD/XT12HRFN8QRD6,2024-09-23 00:00:00,2024-08-06 00:00:00,1.58,540L747620343060250008
MI/MOBA03-12HFN1-QD0,2016-10-27 00:00:00,2016-09-09 00:00:00,1.58,2411792200466020130266
MI/MTIU-18HWFNX-GA,2023-07-12 00:00:00,2023-05-25 00:00:00,1.58,541F381760424180160024
MI/X1BP-09N8D0-O,2024-05-09 00:00:00,2024-03-22 00:00:00,1.58,541F677890225090810160
MI/X1BPW-12N8D0-OH,2024-08-13 00:00:00,2024-06-26 00:00:00,1.58,541K488620236100830487
PUHY-HP200YHM-A,2014-04-07 00:00:00,2014-02-18 00:00:00,1.58,7GFYA53ZW02227
PUHZ-P140VHA,2015-07-09 00:00:00,2015-05-22 00:00:00,1.58,7H1P611G 4E01077
M/MOF2-24HFN1-QD0,2016-11-23 00:00:00,2016-11-07 00:00:00,1.59,D212322230815117150061
M/MI-22G/DHN1-M,2017-11-17 00:00:00,2017-09-29 00:00:00,1.61,C703875170117612400078
M/MI-22T2/DHN1-DA5,2018-04-30 00:00:00,2018-03-12 00:00:00,1.61,C701902561216615400005
MD/CLFS-18R32IVT-IN,2024-01-31 00:00:00,2023-12-13 00:00:00,1.61,340D961560317230160018
MD/CSTS4-12R32IVT-IN,2024-11-20 00:00:00,2024-10-02 00:00:00,1.61,54VP290210545060160025
MD/M3OE27HFN8Q,2019-04-30 00:00:00,2019-03-12 00:00:00,1.61,340692944068B100160015
MD/M4OB36HFN1Q,2016-10-24 00:00:00,2016-09-05 00:00:00,1.61,2411797510466030160013
MD/M4OB36HFN8QAH,2023-08-31 00:00:00,2023-07-13 00:00:00,1.61,540H878030232110150057
MD/MCD55HRFNXQRDA,2019-07-31 00:00:00,2019-06-12 00:00:00,1.61,3405890570485250160035
MD/MSAECU18HRFNXQRD0,2019-04-30 00:00:00,2019-03-12 00:00:00,1.61,3406655660389230150044
MD/UNVS-18R32INT-OU,2024-11-14 00:00:00,2024-09-26 00:00:00,1.61,54VP420501646060120009
MI/AGBP-18NXD0-I,2024-06-04 00:00:00,2024-04-16 00:00:00,1.61,541F678620124290860113
MI/AGBPW-18NXD0-IH,2023-10-31 00:00:00,2023-09-12 00:00:00,1.61,541K488620336090810095
MI/HBT-A100/190CDS9B,2024-12-13 00:00:00,2024-10-25 00:00:00,1.61,541L446450142010300022
MI/MHA-V16W/D2RN8-B,2023-09-29 00:00:00,2023-08-11 00:00:00,1.61,341H36623032C290100033
MI/MHA-V8W/D2N8-B,2024-09-17 00:00:00,2024-07-30 00:00:00,1.61,341H10751012B230100022
MI/MI2-45Q4DN1,2023-12-27 00:00:00,2023-11-08 00:00:00,1.61,341F806511124130100025
MI/MOBA03-12HFN1-QD0,2016-08-17 00:00:00,2016-06-29 00:00:00,1.61,2411653770465090150311
MI/MSMABU12HRDN1QD0,2016-08-17 00:00:00,2016-06-29 00:00:00,1.61,2411653770365070120140
MI/MTJ-12HWFNXGA,2025-05-16 00:00:00,2025-03-28 00:00:00,1.61,541Q79157094B290160007
MI-15T2/DHN1-DA5,2016-10-10 00:00:00,2016-08-22 00:00:00,1.61,C701442580516407400002
MSR2409HRDN1C8,2015-11-13 00:00:00,2015-09-25 00:00:00,1.61,D200101970115504120044
MUZ-GF60VE,2015-01-26 00:00:00,2014-12-08 00:00:00,1.61,L20E2C9S4002388T
MUZ-HJ25VA,2014-08-26 00:00:00,2014-07-08 00:00:00,1.61,L20E3C7S4020097T
M/MOB30U-18HFN1-QRD0,2016-09-27 00:00:00,2016-08-08 00:00:00,1.64,2411201120563160150040
M/MTB-24HWFN1-QD0,2016-11-18 00:00:00,2016-09-29 00:00:00,1.64,2411658010965060160010
MD/CSTS-12R32IVT-IN,2023-05-31 00:00:00,2023-04-11 00:00:00,1.64,340E054960319040160003
MD/MDV-036G/DN1,2024-04-19 00:00:00,2024-02-29 00:00:00,1.64,54VL70610013B110100026
MD/MDV-036G/DN1,2024-04-19 00:00:00,2024-02-29 00:00:00,1.64,54VL70610013B110100029
MD/MSAEBU12HRFN1QRD0,2017-08-29 00:00:00,2017-07-10 00:00:00,1.64,2401713990365170120169
MI/CB1-12HFNX-O,2024-12-19 00:00:00,2024-10-30 00:00:00,1.64,541Q099170447230170046
MI/HB-A60/CD30GN8B,2024-11-19 00:00:00,2024-09-30 00:00:00,1.64,541N081300141230100002
MI/HB-A60/CD30GN8B,2024-11-19 00:00:00,2024-09-30 00:00:00,1.64,541N081300141230100038
MI/MHC-V12WD2RN7E30,2025-04-23 00:00:00,2025-03-04 00:00:00,1.64,541P086180344010100049
MI/MHC-V16WD2RN7E30,2024-10-31 00:00:00,2024-09-11 00:00:00,1.64,541L963760741020100006
MI/MHC-V8W/D2N8-B2,2024-06-28 00:00:00,2024-05-09 00:00:00,1.64,541L85507013C120100028
MI/MOBA03-09HFN1-QD0,2017-07-11 00:00:00,2017-05-22 00:00:00,1.64,2411792200266020130715
MUZ-HJ35VA,2013-07-16 00:00:00,2013-05-27 00:00:00,1.64,L20E3C8S3016882T
PEA-RP500GAQ,2013-05-08 00:00:00,2013-03-19 00:00:00,1.64,L50T012S21M00065
PLA-RP140BA,2019-05-31 00:00:00,2019-04-11 00:00:00,1.64,7G7G001G 3K01686
T-C1000E.EE.NT,2015-09-02 00:00:00,2015-07-14 00:00:00,1.64,176206010
T-T1500E.NT,2012-10-31 00:00:00,2012-09-11 00:00:00,1.64,101193
M/MDV-D22Q4/N1-A3,2015-09-16 00:00:00,2015-07-27 00:00:00,1.68,C703212750915116400014
MCD48HRFN1QC2,2015-10-29 00:00:00,2015-09-08 00:00:00,1.68,D202294380314C02160009
MD/MSAECU18HRFN1QRD0,2016-08-05 00:00:00,2016-06-15 00:00:00,1.68,2401199390563160120027
MDVD22Q4/N1-A3,2015-01-08 00:00:00,2014-11-18 00:00:00,1.68,C703179470214320400001
MDVD36Q4/N1-A2,2015-03-12 00:00:00,2015-01-20 00:00:00,1.68,C703076480210C21400024
MI/MCA3U-12FNXD0,2019-03-31 00:00:00,2019-02-08 00:00:00,1.68,3406122470187030160001
MI/MHA-V8W/D2N8-B,2024-11-20 00:00:00,2024-09-30 00:00:00,1.68,34VG265700229050100099
MI/MHC-V16WD2RN7E30,2024-11-20 00:00:00,2024-09-30 00:00:00,1.68,541P742430146070100014
MI/MOE30U-48HFN8RGA,2023-12-31 00:00:00,2023-11-10 00:00:00,1.68,541K470670338170150048
MI/MVI-400WV2RN1(A),2025-05-16 00:00:00,2025-03-26 00:00:00,1.68,541S48130034C250300014
MOU36HFN1RRC8,2016-04-29 00:00:00,2016-03-09 00:00:00,1.68,D202263610714912160059
MX/NXHPM-V12W/D2RN8,2024-07-11 00:00:00,2024-05-21 00:00:00,1.68,540N536690242220100042
MX/NXHPM-V14W/D2RN8,2024-01-31 00:00:00,2023-12-11 00:00:00,1.68,341H559530131100100005
MX/NXHPM-V8W/D2N8_E,2024-07-11 00:00:00,2024-05-21 00:00:00,1.68,540N536690142210100017
MD/MOX13312HFN8QRD0N,2024-03-18 00:00:00,2024-02-21 00:00:00,1.7,54VL43360043A160120397
MDVD22G/N1-S,2017-03-20 00:00:00,2017-02-22 00:00:00,1.7,C702579491016B03400031
T-PHV1500E.EE.NT,2013-12-18 00:00:00,2013-11-22 00:00:00,1.7,157160001
M/MKD-V500F,2019-03-31 00:00:00,2019-02-07 00:00:00,1.71,C705514070318317400014
MD/MOX13312HFN8QRD1N,2024-08-09 00:00:00,2024-06-18 00:00:00,1.71,54VN383100241260120046
MS12F818HRFN1C8,2015-09-14 00:00:00,2015-07-24 00:00:00,1.71,D200101740515426120178
MSR121HRN1QB8OU,2013-06-20 00:00:00,2013-04-29 00:00:00,1.71,C101343680811529130033
MX/NXHPM-V10W/D2N8_E,2024-10-11 00:00:00,2024-08-20 00:00:00,1.71,540P079870143270100034
MI/HBT-A100/240CDS9B,2024-01-16 00:00:00,2023-11-24 00:00:00,1.74,340G172950228130300019
MI/MCA3U12HRFN1QD0,2016-06-21 00:00:00,2016-04-29 00:00:00,1.74,2400865810261190160018
MI/MCD-24HRFN1-Z-QD0,2018-05-28 00:00:00,2018-04-05 00:00:00,1.74,2413244870473050160098
MI/MCD-36HRFN1-Z-QD0,2019-03-31 00:00:00,2019-02-06 00:00:00,1.74,2413105470572150160003
MI/MHA-V8W/D2N8-B,2024-01-16 00:00:00,2023-11-24 00:00:00,1.74,541J519500135110100088
MI/MT-09N8D6-I,2019-03-31 00:00:00,2019-02-06 00:00:00,1.74,341680161018A270860020
MI/MUE-24HRFN1-QRD0,2016-09-30 00:00:00,2016-08-08 00:00:00,1.74,2410884740761240160004
MI/MV8M-180WV2RN8,2023-10-31 00:00:00,2023-09-08 00:00:00,1.74,255440136060100019
MOU24HN1Q,2017-06-05 00:00:00,2017-04-13 00:00:00,1.74,D202131170413A30150038
MSR23U12HRDN1QROU,2013-08-27 00:00:00,2013-07-05 00:00:00,1.74,D202044470413321120051
GB-50ADA-J,2013-03-05 00:00:00,2013-01-10 00:00:00,1.77,14A11-321
M/MI-80Q4/DHN1-D,2018-01-23 00:00:00,2017-11-30 00:00:00,1.77,C703247680415A08400031
M/MSMBCU-18HRFN1-QD0,2017-12-13 00:00:00,2017-10-20 00:00:00,1.77,2413476050576160120003
M2OE18HFN1Q,2016-08-03 00:00:00,2016-06-10 00:00:00,1.77,2401170340463160160008
MD/MOEA55HFN1RRDA,2016-08-01 00:00:00,2016-06-08 00:00:00,1.77,2401170341163120160015
MD/MSAEDU24HRFN1QRD0,2017-08-07 00:00:00,2017-06-14 00:00:00,1.77,2403267950673140150019
MI/MA-09N8D0-O,2019-07-31 00:00:00,2019-06-07 00:00:00,1.77,3417631890893210840007
MI/MCA3U12HRFN1QD0,2016-06-08 00:00:00,2016-04-15 00:00:00,1.77,2410884740161200160004
MI/MOD30U-42HFN8RGA,2023-12-27 00:00:00,2023-11-03 00:00:00,1.77,541K471040438150150014
MI/MOU-18FN1-QD0,2019-03-31 00:00:00,2019-02-05 00:00:00,1.77,3415242940583010130001
MOU60HFN1Q,2017-01-18 00:00:00,2016-11-25 00:00:00,1.77,D200238820715720160058
MS12F812HRDN1C8,2016-02-02 00:00:00,2015-12-10 00:00:00,1.77,D200073040315409120371
MUE24HRDN1QRC4,2015-08-05 00:00:00,2015-06-12 00:00:00,1.77,D202045110213313160011
MD/M3OA27HFN8QAH,2025-05-12 00:00:00,2025-04-15 00:00:00,1.78,54VN432040241270150022
MI/AGBP-12NXD0-I,2023-07-12 00:00:00,2023-06-15 00:00:00,1.78,541F678410125100871215
MSZ-HJ25VA,2014-06-24 00:00:00,2014-05-28 00:00:00,1.78,L20E30VS3046018T
HX/NXERV-500V1_ST2,2023-04-30 00:00:00,2023-03-06 00:00:00,1.81,F221040889
M/AHUKZ-02B,2017-11-09 00:00:00,2017-09-15 00:00:00,1.81,C701807280216516400011
MCD48HRFN1QRD0,2016-06-28 00:00:00,2016-05-04 00:00:00,1.81,2400865810461190160011
MD/OP12HRFN8QRE3,2025-01-13 00:00:00,2024-11-19 00:00:00,1.81,54VQ105290147160130017
MI/HB-A60/CD30GN8B,2023-11-30 00:00:00,2023-10-06 00:00:00,1.81,341F745640525230100046
MI/MIH140Q4N18,2024-06-11 00:00:00,2024-04-17 00:00:00,1.81,541L24072043A130300007
MI/MOCA01-24HFN1-QD0,2018-04-03 00:00:00,2018-02-07 00:00:00,1.81,2413244730874070150009
MI/MOX230-12HFN8QGA,2025-05-22 00:00:00,2025-03-28 00:00:00,1.81,541Q79157154C030120030
MI/MSMBAU09HRFN1QRD0,2017-05-23 00:00:00,2017-03-29 00:00:00,1.81,241291491016C150120060
MI/MTI-42HWFN1-QRD0,2017-08-24 00:00:00,2017-06-30 00:00:00,1.81,2412921940671040160004
MX/NXHPS-V8W/D2N8,2024-08-22 00:00:00,2024-06-28 00:00:00,1.81,340H37787012C040100053
MX/NXM-25APO1-A,2019-07-31 00:00:00,2019-06-06 00:00:00,1.81,2403321710173230200055
M/MOC-09HFN1-QD1,2024-08-09 00:00:00,2024-06-14 00:00:00,1.84,D210058940215324150016
MCA2I18HRDN1,2014-06-13 00:00:00,2014-04-18 00:00:00,1.84,D202110130313826160002
MI/CB1-12HRFN8-I,2024-04-19 00:00:00,2024-02-23 00:00:00,1.84,541K97309033A080130042
MI/HB-A60/CD30GN8B,2025-01-22 00:00:00,2024-11-27 00:00:00,1.84,54VN584590444110100001
MI/MCA4U-12HRFNXGA,2025-06-11 00:00:00,2025-04-16 00:00:00,1.84,541Q79157014C010160053
MI/MCA4U-18HRFNXGA,2025-08-05 00:00:00,2025-06-10 00:00:00,1.84,541U2605403A2140160001
MI/X1BP-12N8D0-O,2024-04-22 00:00:00,2024-02-26 00:00:00,1.84,541K46599023A080820095
MOU36HFN1RRC8,2016-05-05 00:00:00,2016-03-10 00:00:00,1.84,D202263610714912160011
MSTCAU09HRFN1QR,2015-11-17 00:00:00,2015-09-22 00:00:00,1.84,D200073060215409120013
MUE-55HRFN1-QRD0,2017-04-04 00:00:00,2017-02-07 00:00:00,1.84,D200309360115909160007
MX/NXHPM-V22W/D2RN8,2024-03-18 00:00:00,2024-01-22 00:00:00,1.84,341G220810232250100011
MX/NXHPM-V22W/D2RN8,2024-03-18 00:00:00,2024-01-22 00:00:00,1.84,341G220810232250100013
MX/NXM-35APO1-A,2017-10-24 00:00:00,2017-09-26 00:00:00,1.84,2403541890274200200085
PKA-RP35HAL,2012-12-04 00:00:00,2012-11-06 00:00:00,1.84,L7G6A02S25A09564
PLA-RP140BA,2012-12-14 00:00:00,2012-11-16 00:00:00,1.84,7G7G001G 2F01273
PUHZ-ZRP100VKA,2014-01-21 00:00:00,2013-11-26 00:00:00,1.84,L77JM01S34U02193
M/MI-100Q4/DHN1-D,2017-07-28 00:00:00,2017-06-01 00:00:00,1.87,C703219681315327400009
M/MOEU-48HFN1-QRD0,2017-10-19 00:00:00,2017-08-23 00:00:00,1.87,D210233680715717160035
MD/FR09HRFN8QRD1,2025-07-24 00:00:00,2025-05-28 00:00:00,1.87,54VU2682202A3030810243
MD/M3OG21HFN8QAH,2024-06-26 00:00:00,2024-04-30 00:00:00,1.87,54VN432050341260150005
MD/M4OB36HFN8QAH,2024-07-19 00:00:00,2024-05-23 00:00:00,1.87,54VN432050641240150005
MD/MOBA0312HFN8QRD0,2019-07-31 00:00:00,2019-06-04 00:00:00,1.87,3407743080293260830064
MD/MOU60HDN1R,2016-05-12 00:00:00,2016-03-16 00:00:00,1.87,D202250520514730160006
MD/XT12HRFN8QRD6,2023-11-30 00:00:00,2023-10-04 00:00:00,1.87,540G50919012A050260135
MDVD80Q4/N1-E,2016-11-30 00:00:00,2016-10-04 00:00:00,1.87,C701005820116228400002
MI/AGF-12NXE1-I,2025-07-08 00:00:00,2025-05-12 00:00:00,1.87,541U2221703A1110830667
MI/HBT-A100/190CDS9B,2024-11-19 00:00:00,2024-09-23 00:00:00,1.87,541L446220141030300018
MI/MHC-V10WD2N7E30,2024-09-03 00:00:00,2024-07-08 00:00:00,1.87,541L963760341010100019
MI/MVI-200WV2RN1A,2023-12-27 00:00:00,2023-10-31 00:00:00,1.87,341F74256012A220100029
MOU36HFN1RRC8,2015-07-28 00:00:00,2015-06-29 00:00:00,1.9,D202250480414721160022
G/MPET54C0AC,2025-01-27 00:00:00,2024-11-30 00:00:00,1.91,24700823
H1100SI,2018-03-22 00:00:00,2018-01-23 00:00:00,1.91,20150800040
H1500SI,2017-10-18 00:00:00,2017-08-21 00:00:00,1.91,20160800004
HX/NXERV-350V1_ST2,2024-10-10 00:00:00,2024-08-13 00:00:00,1.91,F231031047
M/AHUKZ-02B,2018-02-09 00:00:00,2017-12-13 00:00:00,1.91,C702096971316713400019
MD/AFCU18HRFN8QRD0,2025-05-09 00:00:00,2025-03-12 00:00:00,1.91,54VP420580545030810086
MDVD36Q4/N1-A3,2013-03-20 00:00:00,2013-01-21 00:00:00,1.91,C703092070211521400019
MHD60HRDN1R,2014-04-02 00:00:00,2014-02-03 00:00:00,1.91,D202079140113525160019
MI/CB1-18HRFN8-I,2025-06-27 00:00:00,2025-04-30 00:00:00,1.91,541U0700801A1090850026
MI/M3OG-21HFN8-QH,2025-07-02 00:00:00,2025-05-05 00:00:00,1.91,541Q379800348230150004
MI/MOB30U-12HFN1-QD0,2017-08-11 00:00:00,2017-06-14 00:00:00,1.91,2411657880265120130021
MI/MSMBBU12HRFN1QRD0,2018-03-16 00:00:00,2018-01-17 00:00:00,1.91,2413476050376150120034
M/MI-22G/DHN1-M,2019-03-31 00:00:00,2019-01-31 00:00:00,1.94,341670787028A140100062
M/MI-22G/DHN1-M,2019-03-31 00:00:00,2019-01-31 00:00:00,1.94,341670787028A140100063
M/MI-22Q4/DHN1-A3,2019-03-31 00:00:00,2019-01-31 00:00:00,1.94,C706242450787184000003
M/MI-22Q4/DHN1-A3,2019-03-31 00:00:00,2019-01-31 00:00:00,1.94,C706242450787184000012
M/MI-22Q4/DHN1-A3,2019-03-31 00:00:00,2019-01-31 00:00:00,1.94,C706242450787184000013
M/MI-22Q4/DHN1-A3,2019-03-31 00:00:00,2019-01-31 00:00:00,1.94,C706242450787184000017
M/MI-22Q4/DHN1-A3,2019-03-31 00:00:00,2019-01-31 00:00:00,1.94,C706242450787184000019
M/MI-22Q4/DHN1-A3,2019-03-31 00:00:00,2019-01-31 00:00:00,1.94,C706242450787184000021
M/MKA-850R,2019-03-31 00:00:00,2019-01-31 00:00:00,1.94,C703250450915A27400001
M/MKA-850R,2019-03-31 00:00:00,2019-01-31 00:00:00,1.94,C703250450915A27400003
M/MKA-850R,2019-03-31 00:00:00,2019-01-31 00:00:00,1.94,C703250450915A27400004
M/MKA-850R,2019-03-31 00:00:00,2019-01-31 00:00:00,1.94,C703250450915A27400005
M/MOEU-55HFN1-RRD0,2016-05-16 00:00:00,2016-03-18 00:00:00,1.94,D210233680915721160024
M/MOZU-18HFN1-QC8,2015-12-10 00:00:00,2015-10-12 00:00:00,1.94,D200238820215728150012
MD/CSTB-24R32IVT-IN,2023-09-29 00:00:00,2023-08-01 00:00:00,1.94,540K321060435240160016
MD/CSTB-24R32IVT-IN,2023-09-29 00:00:00,2023-08-01 00:00:00,1.94,540K321060435240160018
MD/FR24HRFN8QRD0,2025-05-26 00:00:00,2025-03-28 00:00:00,1.94,54VS6926505A1090170024
MD/GP09HRFN8QRD6,2025-08-08 00:00:00,2025-06-10 00:00:00,1.94,54VU4474301A2120170005
MI/HB-A160/CDS90GN8B,2024-06-06 00:00:00,2024-04-08 00:00:00,1.94,341H33610022C270100041
MI/MI2-22GDN1,2024-04-18 00:00:00,2024-02-19 00:00:00,1.94,341F92061012A180100044
MI/MOU-18FN1-QD0,2019-03-31 00:00:00,2019-01-31 00:00:00,1.94,3415242940583010130001
MI/X1BPW-12N8D0-OH,2025-05-29 00:00:00,2025-03-31 00:00:00,1.94,541Q79247044B120170019
MS12F812HRDN1C8,2015-08-28 00:00:00,2015-06-30 00:00:00,1.94,D200073040315409120078
MX/NXHPM-V12W/D2RN8,2025-06-02 00:00:00,2025-04-04 00:00:00,1.94,540P079930143280100043
PKFY-P32VHM-E,2014-12-11 00:00:00,2014-10-13 00:00:00,1.94,L7H7H04S46A09764
PKFY-P32VHM-E,2014-12-11 00:00:00,2014-10-13 00:00:00,1.94,L7H7H04S46A09773
PUHZ-RP200YKA,2014-07-04 00:00:00,2014-05-06 00:00:00,1.94,L7H1R31S3YU02712
PUHZ-ZRP140YKA,2014-01-24 00:00:00,2013-11-26 00:00:00,1.94,L77JP02S22U01216
PURY-P400YJM-A,2014-09-11 00:00:00,2014-07-14 00:00:00,1.94,7GFRE844W03879
T-T1500E.NT,2012-11-09 00:00:00,2012-09-11 00:00:00,1.94,101193
M/MI-22G/DHN1-M,2019-03-31 00:00:00,2019-01-30 00:00:00,1.97,341670787028A140100049
MD/MCD48HRFN1QRDA,2017-09-29 00:00:00,2017-07-31 00:00:00,1.97,2403296081073060160008
MD/MSAEAU09HRFN1QRD0,2016-12-09 00:00:00,2016-10-10 00:00:00,1.97,2402086910167200120012
MD/MVI-260WV2RN1A,2023-09-29 00:00:00,2023-07-31 00:00:00,1.97,34VF90021012A040100045
MI/HB-A160/CDS90GN8B,2023-09-29 00:00:00,2023-07-31 00:00:00,1.97,341H10751072B250100024
MI/MB-24N8D0-OH,2019-03-31 00:00:00,2019-01-30 00:00:00,1.97,3416655801289260870058
MI/MCD1-55HRFNX-GA,2023-10-31 00:00:00,2023-09-01 00:00:00,1.97,541H53166072C150160024
MI/MCD-48FNXD0,2019-03-31 00:00:00,2019-01-30 00:00:00,1.97,3416017350186280160035
MI/MHC-V35WD2RN7,2025-06-24 00:00:00,2025-04-25 00:00:00,1.97,541Q63850034C240100002
MI/MOX630U-55HFN8RGA,2025-05-06 00:00:00,2025-03-07 00:00:00,1.97,541S86245104C230150027
MI/X1F-12N8D1-O,2024-11-04 00:00:00,2024-09-05 00:00:00,1.97,541P665930447020170118
MI/X2-12N8D6-O,2024-03-18 00:00:00,2024-01-18 00:00:00,1.97,541L25653013A090120027
MX/NXRM-OD35B-1C,2023-10-30 00:00:00,2023-08-31 00:00:00,1.97,540G065980425280820055
M/MI-56Q4/DHN1-D,2017-06-08 00:00:00,2017-05-09 00:00:00,1.98,C702662711416C02400013
MD/DCTS-18R32IVT-IN,2023-04-30 00:00:00,2023-03-31 00:00:00,1.98,340D96495111A300160019
MD/UNVS-48R32INT-OU,2024-10-17 00:00:00,2024-09-17 00:00:00,1.98,54VP152891044210150008
MI/MCA3-18HRFN1-QD0,2016-12-23 00:00:00,2016-11-23 00:00:00,1.98,2411334750363240160027
MI/MCD-24FNXD0,2019-06-30 00:00:00,2019-05-31 00:00:00,1.98,3417734310493300160007
MI/MTIU-18HWFNX-GA,2023-04-30 00:00:00,2023-03-31 00:00:00,1.98,341D950560419050150009
HX/NXERV-1000V1,2019-07-31 00:00:00,2019-05-31 00:00:00,2,F191070346
M/MKA-1200F,2016-05-31 00:00:00,2016-03-31 00:00:00,2,C703220341415408400001
M2OE18HFN1Q,2016-12-06 00:00:00,2016-10-06 00:00:00,2,2401710530465180160010
MD/M5OE42HFN1Q,2019-06-30 00:00:00,2019-04-30 00:00:00,2,3405543380684050160007
MD/MDVO-VI450V2R1B,2025-06-24 00:00:00,2025-04-24 00:00:00,2,54VK648610137220300020
MD/MOU48HDN1R,2015-11-17 00:00:00,2015-09-17 00:00:00,2,D202294380414C09160008
MI/AGBP-09NXD0-I,2023-10-31 00:00:00,2023-08-31 00:00:00,2,541F677890125070811128
MI/AGBPW-12NXD0-IH,2024-08-26 00:00:00,2024-06-26 00:00:00,2,541H704500132010810647
MI/HB-A100/CDS90GN8B,2023-10-30 00:00:00,2023-08-30 00:00:00,2,341G280210329040100050
MI/MIH140Q4N18,2024-06-17 00:00:00,2024-04-17 00:00:00,2,541L24072043A130300007
MI/MOX630U-48HFN8RGA,2024-12-18 00:00:00,2024-10-18 00:00:00,2,541Q098831648020150018
MI/MV6-I670WV2GN1-E,2023-05-31 00:00:00,2023-03-31 00:00:00,2,341H20330012B220100012
MI/X1BPW-12N8D0-OH,2024-08-26 00:00:00,2024-06-26 00:00:00,2,541K488620236100830487
MX/NXHPM-V12W/D2RN8,2023-12-27 00:00:00,2023-10-27 00:00:00,2,340H537270231030100006
PCA-RP71KAQ,2015-01-28 00:00:00,2014-11-28 00:00:00,2,L7G4D05S47A04029
G-EF06UMX,2014-07-31 00:00:00,2014-06-30 00:00:00,2.04,14023900
G-EF06UMX,2014-07-31 00:00:00,2014-06-30 00:00:00,2.04,14023901
G-EF07UMX,2014-07-31 00:00:00,2014-06-30 00:00:00,2.04,14023447
G-EF07UMX,2014-07-31 00:00:00,2014-06-30 00:00:00,2.04,14023448
G-EF07UMX,2014-07-31 00:00:00,2014-06-30 00:00:00,2.04,14023449
M/M5OD-42HFN1-Q,2016-08-23 00:00:00,2016-06-22 00:00:00,2.04,D210059000515329160015
M/MI-80Q4/DHN1-D,2017-02-27 00:00:00,2016-12-27 00:00:00,2.04,C703247680415A08400028
MCA2U12HRFN1QRC8,2014-12-08 00:00:00,2014-10-07 00:00:00,2.04,D202236650214619160014
MD/M4OE28HFN1Q,2017-08-29 00:00:00,2017-06-28 00:00:00,2.04,2401710530765130160026
MD/MDV-022G/DN1,2023-11-30 00:00:00,2023-09-29 00:00:00,2.04,54VH964700433130100122
MD/MOCA0224HFN8QRD0,2019-03-31 00:00:00,2019-01-28 00:00:00,2.04,3406655661089230130100
MD/UNVS-48R32INT-OU,2024-04-22 00:00:00,2024-03-22 00:00:00,2.04,54VL88102173C060150007
MI/AGBP-09NXD0-I,2023-08-31 00:00:00,2023-06-30 00:00:00,2.04,541F677890125070810272
MI/AGBP-12NXD0-I,2023-07-31 00:00:00,2023-05-30 00:00:00,2.04,541F678410125100871490
MI/MCA3-18HRFN1-QD0,2016-06-13 00:00:00,2016-04-12 00:00:00,2.04,2410884740461200160040
MI/MCA3-18HRFN1-QD0,2016-06-20 00:00:00,2016-04-19 00:00:00,2.04,2410884740461200160029
MI/MHA-V8W/D2N8-B,2024-02-29 00:00:00,2023-12-29 00:00:00,2.04,341H607650331010100015
MI/MHC-V14WD2RN7E30,2025-04-03 00:00:00,2025-01-31 00:00:00,2.04,541N100500142180100035
MI/MI2-90Q4DN1,2023-08-31 00:00:00,2023-06-30 00:00:00,2.04,341H147470431090100031
MI/MIH22GN18,2024-08-20 00:00:00,2024-06-19 00:00:00,2.04,541N539080142190100193
MI/MOB02-18HFN1-Q_H,2017-12-21 00:00:00,2017-10-20 00:00:00,2.04,2413476050676140130002
MSR2324HRDN1QROU,2014-07-14 00:00:00,2014-05-13 00:00:00,2.04,D202120330313923150013
MX/NXHPM-V10W/D2N8_E,2024-10-21 00:00:00,2024-08-20 00:00:00,2.04,540P079870143270100070
SEZ-KD50VAQ,2014-03-12 00:00:00,2014-01-09 00:00:00,2.04,L50T20ZS39M01837
HX/NXERV-350V1_ST2,2024-12-13 00:00:00,2024-10-11 00:00:00,2.07,F231031076
M/MDV-D45Q1/N1-C,2018-03-02 00:00:00,2017-12-29 00:00:00,2.07,C703230450415613400008
M/MKA-1200F,2016-05-31 00:00:00,2016-03-29 00:00:00,2.07,C703220341415408400001
MD/AFBU12HRFN8QRD1,2024-11-20 00:00:00,2024-09-18 00:00:00,2.07,54VP420580345040820416
MD/M4OB36HFN8QAH,2023-11-02 00:00:00,2023-08-31 00:00:00,2.07,540K227550235240150019
MD/MOEA55HFN1RRDA,2017-09-07 00:00:00,2017-07-06 00:00:00,2.07,2402977560671060160010
MD/MSAEDU24HRFN1QRD0,2017-08-16 00:00:00,2017-06-14 00:00:00,2.07,2403267950673140150019
MD/UNVS-24R32INT-OU,2023-06-30 00:00:00,2023-04-28 00:00:00,2.07,340F336730923120120050
MDV500(18)W/DRN1(D),2016-05-04 00:00:00,2016-03-02 00:00:00,2.07,C703254670815C04400004
MI/HB-A160/CDS90GN8B,2023-10-30 00:00:00,2023-08-28 00:00:00,2.07,341H10751072B260100079
MI/MCD1-24HRFNX-GA,2023-06-30 00:00:00,2023-04-28 00:00:00,2.07,340D961860419090160021
MI/MCD1-55HRFNX-GA,2023-06-30 00:00:00,2023-04-28 00:00:00,2.07,541H53067032C150160019
MI/MI2-28GDN1,2023-12-29 00:00:00,2023-10-27 00:00:00,2.07,341H583400131160100069
MI/X4-24N8D0-OH,2025-08-04 00:00:00,2025-06-02 00:00:00,2.07,541U0868606A2170120001
MX/NX3OA-27HFN8-QHP,2024-09-04 00:00:00,2024-07-03 00:00:00,2.07,540G168390426040150029
MX/NXHPM-V12W/D2RN8,2024-06-26 00:00:00,2024-04-24 00:00:00,2.07,540L840680241300100062
G-MPE027C0AA,2015-12-29 00:00:00,2015-10-26 00:00:00,2.1,15701207
H1100SI,2018-03-22 00:00:00,2018-01-17 00:00:00,2.1,20150800040
M/MI-36G/DHN1-M,2018-06-08 00:00:00,2018-05-07 00:00:00,2.1,C703875170317612400030
M/MSABAU-07HRFN1-QD0,2016-02-17 00:00:00,2015-12-15 00:00:00,2.1,D210244810115802120137
MD/M4OB36HFN8QAH,2024-07-11 00:00:00,2024-05-08 00:00:00,2.1,54VK481070738150150013
MHD60HRDN1R,2013-07-26 00:00:00,2013-05-23 00:00:00,2.1,D201495750112B03160010
MI/AGBP-12NXD0-I,2023-08-31 00:00:00,2023-06-28 00:00:00,2.1,541F678410125100870747
MI/AGF-12NXD1-I,2024-11-08 00:00:00,2024-09-05 00:00:00,2.1,541P665930347030130032
MI/M5OE-42HFN8-QH,2025-04-23 00:00:00,2025-02-18 00:00:00,2.1,541Q79283074B120150010
MI/MIH45GN18,2024-08-22 00:00:00,2024-06-19 00:00:00,2.1,541N377840441250100047
MI/MIH80GN18,2024-10-03 00:00:00,2024-07-31 00:00:00,2.1,541N983270144020100008
MI/MSMADU24HRFN1QD0,2016-07-29 00:00:00,2016-06-27 00:00:00,2.1,2411323790764110120002
MS12F812HRDN1C8,2015-09-02 00:00:00,2015-06-30 00:00:00,2.1,D200073040315409120196
H1400SI,2016-12-21 00:00:00,2016-10-17 00:00:00,2.14,20150800029
M/MOFU-24HFN1-QD0,2016-06-03 00:00:00,2016-03-30 00:00:00,2.14,D212322290215112150002
MD/M4OB36HFN8QAH,2023-12-27 00:00:00,2023-10-23 00:00:00,2.14,54VK477900737120150024
MD/MOX13312HFN8QRD0N,2023-09-29 00:00:00,2023-07-26 00:00:00,2.14,540J374110235120810038
MI/AG-12NXD1-IH,2025-07-17 00:00:00,2025-05-13 00:00:00,2.14,541Q79316034B130130092
MI/MOBA03-12HFN1-QD0,2016-07-08 00:00:00,2016-05-04 00:00:00,2.14,2411110290463140130138
MI/MSMBBU12HRFN1QRD0,2018-05-23 00:00:00,2018-03-19 00:00:00,2.14,2413621200377080120033
MI/X1BPW-12N8D0-OH,2025-06-04 00:00:00,2025-03-31 00:00:00,2.14,541Q79247044B120170019
MI/X1BPW-12N8D0-OH,2025-07-17 00:00:00,2025-05-13 00:00:00,2.14,541S69183054C080170357
MI/X1F-09N8D1-O,2024-08-08 00:00:00,2024-06-04 00:00:00,2.14,541N436490241230170007
MX/NXRM-OD35B-1CH-P,2023-04-30 00:00:00,2023-02-24 00:00:00,2.14,540G065980425280820032
MI/MCA3U12HRFN1QD0,2018-01-02 00:00:00,2017-12-11 00:00:00,2.16,240453738027A170160016
MS12F818HRFN1C8OU,2015-09-01 00:00:00,2015-07-30 00:00:00,2.16,D200101740615507150051
MX/NXP-35APO1-CA,2019-03-31 00:00:00,2019-02-26 00:00:00,2.16,2403541890474200200083
M/MI-22G/DHN1-M,2019-03-31 00:00:00,2019-01-24 00:00:00,2.17,341670787028A140100062
M/MI-22G/DHN1-M,2019-03-31 00:00:00,2019-01-24 00:00:00,2.17,341670787028A140100063
M/MI-90Q4/DHN1-D,2023-11-30 00:00:00,2023-09-25 00:00:00,2.17,341670781108A130100003
MDVD36Q4/N1-A3,2015-09-04 00:00:00,2015-06-30 00:00:00,2.17,C703223050315407400027
MI/MOD30U-42HFN8RGA,2023-08-31 00:00:00,2023-06-26 00:00:00,2.17,541H36103062B240150072
MI/AGBP-12NXD0-I,2024-11-05 00:00:00,2024-08-30 00:00:00,2.2,541F678410125100870685
MI/AHUKZ-03DM,2023-10-31 00:00:00,2023-08-25 00:00:00,2.2,341H31200022C040100006
MI/HB-A60/CD30GN8B,2024-04-16 00:00:00,2024-02-09 00:00:00,2.2,341F745640525230100052
MI/HBT-A160/240CDS9B,2024-02-13 00:00:00,2023-12-08 00:00:00,2.2,34VG265240229020300003
MI/MHA-V10W/D2N8-B,2024-02-27 00:00:00,2023-12-22 00:00:00,2.2,341G347010129020100055
MI/MHC-V8W/D2N8-B,2023-10-30 00:00:00,2023-08-24 00:00:00,2.2,341H55086012C180100004
MI/MOBA03-09HFN1-QD0,2019-03-31 00:00:00,2019-01-23 00:00:00,2.2,2413476010575060850168
MI/MTI-24FNXD0,2019-03-31 00:00:00,2019-01-23 00:00:00,2.2,3415643180684210160005
G-EF02ULX0L,2014-12-29 00:00:00,2014-10-22 00:00:00,2.23,14039605
M/MKT2-800G30,2016-11-08 00:00:00,2016-09-01 00:00:00,2.23,C703250461015A27400008
MD/MOB0218HFN8QRD0,2019-07-31 00:00:00,2019-05-24 00:00:00,2.23,3407734270693260840035
MI/HB-A60/CD30GN8B,2023-12-27 00:00:00,2023-10-20 00:00:00,2.23,341F745640525230100061
MI/MCA3-18HRFN1-QD0,2016-06-20 00:00:00,2016-04-13 00:00:00,2.23,2410884740461200160038
MI/MSMAAU09HRDN1QD0,2016-10-05 00:00:00,2016-07-29 00:00:00,2.23,2411698870165110120427
MOU24HN1Q,2015-08-31 00:00:00,2015-06-24 00:00:00,2.23,D202121551013922150025
MX/NXHPM-V10W/D2N8,2024-01-31 00:00:00,2023-11-24 00:00:00,2.23,541H985650135130100102
MX/NXHPM-V8W/D2N8_E,2024-08-27 00:00:00,2024-06-20 00:00:00,2.23,540N536690142210100025
M/MI-28G/DHN1-S,2017-04-06 00:00:00,2017-03-03 00:00:00,2.24,C703260440416124400083
MI/MCA3U-12FNXD0,2019-04-30 00:00:00,2019-03-27 00:00:00,2.24,3417331470491140160076
MI/MUE-42HRFNX-GA,2024-08-26 00:00:00,2024-07-23 00:00:00,2.24,541N447950141240160008
M/MDV-V200W/DRN1,2017-03-06 00:00:00,2016-12-27 00:00:00,2.27,C701423602116401400004
M/MI-22G/DHN1-M,2017-12-07 00:00:00,2017-09-29 00:00:00,2.27,C704053430117711400055
M/MSABEU-24HRDN1-QC8,2015-09-10 00:00:00,2015-07-03 00:00:00,2.27,D212322500115119120088
MCD18HRFN1QRD0,2015-10-21 00:00:00,2015-08-13 00:00:00,2.27,D210058970415323160013
MD/MOX33018HFN8QRD0N,2023-07-31 00:00:00,2023-05-23 00:00:00,2.27,540H865340333030860005
MI/CB1-18HRFN8-I,2025-07-07 00:00:00,2025-04-29 00:00:00,2.27,541U0700801A1090850101
MI/HB-A60/CD30GN8B,2023-11-30 00:00:00,2023-09-22 00:00:00,2.27,341F745640525230100055
MI/MCA4U-18HRFNXGA,2025-02-03 00:00:00,2024-11-26 00:00:00,2.27,541Q308430249100160009
MI/MCD1-42HRFN8-GA,2023-07-31 00:00:00,2023-05-23 00:00:00,2.27,341E33747011B040160003
MI/MCD1-48HRFNX-GA,2023-08-31 00:00:00,2023-06-23 00:00:00,2.27,541H53166042C150160059
MI/MI2-36DLDN1,2023-08-31 00:00:00,2023-06-23 00:00:00,2.27,341G74477012B190100067
MI/MTJ-55HWFNXGA,2025-03-12 00:00:00,2025-01-02 00:00:00,2.27,541N951470445190160021
MI/MVI-560WV2RN1(A),2025-07-01 00:00:00,2025-04-23 00:00:00,2.27,541S48130054C250300004
MS12F812HRDN1C8,2016-03-09 00:00:00,2015-12-31 00:00:00,2.27,D200101740315429120131
MSTCCU18HRFN1QR,2015-10-22 00:00:00,2015-08-14 00:00:00,2.27,D200073060515413120031
MUE51HRN1R,2017-08-17 00:00:00,2017-06-09 00:00:00,2.27,D200309360315909160010
MX/NXHPM-V10W/D2N8_E,2024-08-28 00:00:00,2024-06-20 00:00:00,2.27,540P079810143270100044
M/MDV-V160W/DN1(B),2016-07-29 00:00:00,2016-06-24 00:00:00,2.3,C703209721515104400006
M/MOZ-09HFN1-QD0,2016-06-16 00:00:00,2016-04-07 00:00:00,2.3,D210234490215722130099
M/MV5-X560W/V2GN1,2018-04-23 00:00:00,2018-02-12 00:00:00,2.3,C703875231217618400003
MD/M4OB36HFN1Q,2017-02-28 00:00:00,2017-01-24 00:00:00,2.3,2411657690465120160001
MD/MCD55HRFN1QRDA,2017-05-19 00:00:00,2017-03-10 00:00:00,2.3,2401170341063150160004
MD/MDVO-VI450V2R1B,2025-07-03 00:00:00,2025-04-24 00:00:00,2.3,54VK648610137220300020
MD/MOEA55HFN1RRDA,2016-08-17 00:00:00,2016-06-08 00:00:00,2.3,2401170341163120160015
MD/MSAFAU09HRDN1QRD0,2017-09-08 00:00:00,2017-06-30 00:00:00,2.3,2403135200172230820039
MI/HB-A160/CDS90GN8B,2023-05-31 00:00:00,2023-03-22 00:00:00,2.3,341H10751072B260100049
MI/M4O-36FN8-QH,2025-04-29 00:00:00,2025-02-18 00:00:00,2.3,541Q79283064B120150066
MI/MCA3-18HRFN1-QD0,2018-02-12 00:00:00,2017-12-04 00:00:00,2.3,2410884740461200160002
MI/MHC-V12WD2RN7E30,2024-08-30 00:00:00,2024-06-21 00:00:00,2.3,541L856220144010100010
MI/MHC-V6W/D2N8-B2,2024-11-20 00:00:00,2024-09-11 00:00:00,2.3,541L840770142040100025
MI/MIH22GN18,2024-10-09 00:00:00,2024-07-31 00:00:00,2.3,541K480060137060100074
MI/MOBA03-12HFN1-QD0,2017-07-04 00:00:00,2017-04-25 00:00:00,2.3,2411698870465090150375
MI/MTJ-18HWFNXGA,2025-06-25 00:00:00,2025-04-16 00:00:00,2.3,541S69565014C110160007
MI/MTJ-24HWFNXGA,2024-11-08 00:00:00,2024-08-30 00:00:00,2.3,541N616650143200160011
MI/MTJ-55HWFNXGA,2024-12-13 00:00:00,2024-10-04 00:00:00,2.3,541P721140146030160010
MS12F809HRDN1C8,2015-09-03 00:00:00,2015-06-25 00:00:00,2.3,D200073040115409120516
MSG36HRN1RB9OU,2014-04-01 00:00:00,2014-02-25 00:00:00,2.3,D202048430213320160042
MSR118HRN1QB8OU,2013-07-02 00:00:00,2013-04-23 00:00:00,2.3,D201497140412A30130093
MX/NXCO-OD35B-1A,2024-10-09 00:00:00,2024-07-31 00:00:00,2.3,540N347240442290120344
MX/NXKD-V300FA,2023-05-31 00:00:00,2023-03-22 00:00:00,2.3,340H50004012C140100052
MX/NXKT3-V200F,2024-11-22 00:00:00,2024-09-13 00:00:00,2.3,540H991590133200100008
PUHZ-ZRP71VHA,2013-12-20 00:00:00,2013-10-11 00:00:00,2.3,L77JL01S34U03299
M/MI-80Q4/DHN1-D,2018-02-07 00:00:00,2017-11-28 00:00:00,2.33,C703247680415A08400007
M/MI-80Q4/DHN1-D,2018-02-07 00:00:00,2017-11-28 00:00:00,2.33,C703247680415A08400026
M/MI-80Q4/DHN1-D,2018-02-07 00:00:00,2017-11-28 00:00:00,2.33,C703247680415A08400029
M/MOZ-09HFN1-QD0,2015-08-13 00:00:00,2015-06-03 00:00:00,2.33,D212322500715113130007
M/MSABAU-07HRFN1-QD0,2015-08-13 00:00:00,2015-06-03 00:00:00,2.33,D210058921015326120108
MCD45HRN1R,2015-09-30 00:00:00,2015-07-21 00:00:00,2.33,D202201950314412160016
MD/CLFS-18R32IVT-IN,2025-08-13 00:00:00,2025-06-03 00:00:00,2.33,340D96490051A160160001
MD/CSTS4-12R32IVT-IN,2024-11-20 00:00:00,2024-09-10 00:00:00,2.33,54VP290210545060160025
MD/M5OE42HFN8QAH,2025-07-02 00:00:00,2025-04-22 00:00:00,2.33,54VK481070838150150026
MDV280(10WDRN1B,2013-09-05 00:00:00,2013-06-26 00:00:00,2.33,C703112490812214400005
MFAU12HRFN1QRC8,2016-08-12 00:00:00,2016-06-02 00:00:00,2.33,240071890085C210160006
MI/HBT-A100/190CD3B,2025-01-10 00:00:00,2024-10-31 00:00:00,2.33,541L49601013C190300053
MI/MCD-24FNXD0,2019-05-31 00:00:00,2019-03-21 00:00:00,2.33,3416356161388170160003
MI/MOE30U-48HFN8RGA,2024-01-31 00:00:00,2023-11-21 00:00:00,2.33,541K470670338170150030
MX/NXHPM-V12W/D2RN8,2024-07-31 00:00:00,2024-05-21 00:00:00,2.33,540L840680241300100001
PKFY-P32VHM-E,2014-12-23 00:00:00,2014-10-13 00:00:00,2.33,L7H7H04S46A09764
RSE50A,2017-03-01 00:00:00,2016-12-20 00:00:00,2.33,HD1610006113
MD/MCA3U12HRFN8QRDAW,2018-05-16 00:00:00,2018-04-10 00:00:00,2.36,3405102330382030160004
MI/MA-12N8D0-O,2019-06-30 00:00:00,2019-04-19 00:00:00,2.37,3417439730492270830089
MI/MHA-V14W/D2RN8-B,2024-02-29 00:00:00,2023-12-19 00:00:00,2.37,341G93460042B040100010
MI/MHC-V10WD2N7E30,2024-09-18 00:00:00,2024-07-08 00:00:00,2.37,541L963760341010100019
MI/MOD30U-36HFN1-QD0,2017-02-23 00:00:00,2016-12-13 00:00:00,2.37,2411797720866150160001
MI/X3BPW-18N8D0-OH,2024-11-07 00:00:00,2024-08-27 00:00:00,2.37,541P344571046060120021
PUHZ-FRP71VHA,2015-06-11 00:00:00,2015-03-31 00:00:00,2.37,L7HJL02S37U00130
M/MI-71Q4/DHN1-D,2016-11-03 00:00:00,2016-08-22 00:00:00,2.4,C703247680515A08400002
M/MSMBCU-18HRFN1-QD0,2017-10-19 00:00:00,2017-08-07 00:00:00,2.4,2412229370368180120021
MD/AFDU24HRFN8QRD0,2023-11-02 00:00:00,2023-08-21 00:00:00,2.4,540J548440634280860083
MI/MSMBBU12HRFN1QRD0,2016-11-03 00:00:00,2016-08-22 00:00:00,2.4,2411653771165140120323
M/MV5-X615W/V2GN1,2017-01-16 00:00:00,2016-11-03 00:00:00,2.43,C702096970816729400013
MD/MCD55HRFN1QRDA,2017-05-23 00:00:00,2017-03-10 00:00:00,2.43,2401170341063150160004
MD/MOX13312HFN8QRD1N,2024-09-30 00:00:00,2024-07-18 00:00:00,2.43,54VN816040444110120506
MI/M4O-36FN8-QH,2024-11-12 00:00:00,2024-08-30 00:00:00,2.43,541P344571646130150008
MI/M4O-36FN8-QH,2024-11-12 00:00:00,2024-08-30 00:00:00,2.43,541P344571646130150011
MI/M4O-36FN8-QH,2024-11-12 00:00:00,2024-08-30 00:00:00,2.43,541P344571646130150012
MI/MCD1-55HRFNX-GA,2024-08-27 00:00:00,2024-06-14 00:00:00,2.43,541N435990542230160008
MI/MCD1-55HRFNX-GA,2024-08-27 00:00:00,2024-06-14 00:00:00,2.43,541N435990542230160010
MI/X1BPW-12N8D0-OH,2025-06-13 00:00:00,2025-03-31 00:00:00,2.43,541Q79247044B120170019
MOEU48HFN1RRD0,2016-05-16 00:00:00,2016-03-03 00:00:00,2.43,240071890035C190160006
MS12F809HRDN1C8,2015-09-07 00:00:00,2015-06-25 00:00:00,2.43,D200073040115409120516
MUE51HRN1R,2017-08-22 00:00:00,2017-06-09 00:00:00,2.43,D200309360315909160010
MX/NXHPM-V12W/D2RN8,2024-03-18 00:00:00,2024-01-04 00:00:00,2.43,541H985650235140100039
H1100SI,2018-03-22 00:00:00,2018-02-13 00:00:00,2.44,20150800041
MD/GP12HRFN8QRD6,2025-07-17 00:00:00,2025-06-10 00:00:00,2.44,54VU4474303A2130130163
PEAD-RP100JAQ,2014-06-12 00:00:00,2014-05-06 00:00:00,2.44,7HF553G 4B00990
PUHY-HP200YHM-A,2014-03-27 00:00:00,2014-02-18 00:00:00,2.44,7GFYA53ZW02227
M/MSABAU-07HRFN1-QD0,2016-02-22 00:00:00,2015-12-09 00:00:00,2.46,D210244810115802120001
MCD18HRFN1QRC8,2015-07-22 00:00:00,2015-05-08 00:00:00,2.46,D202263610514911160010
MD/UNVS-42R32INTT-OU,2025-07-14 00:00:00,2025-04-30 00:00:00,2.46,54VQ449461349040150017
MDVV140WDRN1,2016-01-18 00:00:00,2015-11-04 00:00:00,2.46,C703228640115514400008
MI/MCA4U-18HRFNXGA,2025-04-16 00:00:00,2025-01-31 00:00:00,2.46,541Q79157024C020160053
MI/MHC-V10W/D2N8-B2,2025-05-23 00:00:00,2025-04-28 00:00:00,2.46,541L539220141260100001
MI/MSMABU12HRDN1QD0,2017-06-14 00:00:00,2017-03-31 00:00:00,2.46,2413055170371180820100
MSR124HRN1QB8,2013-07-09 00:00:00,2013-04-25 00:00:00,2.46,D201497140312A29130028
HX/NXERV-350V1_ST2,2024-01-31 00:00:00,2023-11-16 00:00:00,2.5,F231031013
MCD55HRFN1QRD0,2016-06-29 00:00:00,2016-04-14 00:00:00,2.5,D200226390515710160007
MD/FR12HRFN8QRD1,2025-07-10 00:00:00,2025-04-25 00:00:00,2.5,54VS6926501A1060170269
MI/MCD1-55HRFNX-GA,2023-06-05 00:00:00,2023-04-28 00:00:00,2.5,541H36084042B270160011
MI/MSMBBU12HRFN1QRD0,2016-09-26 00:00:00,2016-07-12 00:00:00,2.5,2411653771165140120100
MS11MU12HRFN1QR,2019-06-30 00:00:00,2019-05-23 00:00:00,2.5,D202079610513521120028
MX/NXRM-OD50B-1CH-P,2024-10-15 00:00:00,2024-07-31 00:00:00,2.5,540L92205063C090120054
M/MDV-V200W/DRN1,2017-03-14 00:00:00,2016-12-27 00:00:00,2.53,C701423602116401400004
M/MOYU-30HFN1-QRD0,2015-08-05 00:00:00,2015-05-20 00:00:00,2.53,D212309890715107160019
MI/CB1-12HRFN8-I,2024-01-31 00:00:00,2023-11-15 00:00:00,2.53,541J608190335130130245
MI/HB-A100/CDS90GN8B,2025-02-18 00:00:00,2024-12-03 00:00:00,2.53,341H31183032B260100018
MI/M5OE-42HFN8-QH,2025-04-23 00:00:00,2025-02-05 00:00:00,2.53,541Q79283074B120150010
MI/MSMACU18HRFN1QD0,2016-09-14 00:00:00,2016-06-29 00:00:00,2.53,2411653770565050120031
MI/MTJ-24HWFNXGA,2024-11-15 00:00:00,2024-08-30 00:00:00,2.53,541N616650143200160011
MS12F812HRDN1C8,2016-03-03 00:00:00,2015-12-17 00:00:00,2.53,D200073040315409120384
MX/NXHB-A100/CD9,2024-07-31 00:00:00,2024-05-15 00:00:00,2.53,340H37787022C040100090
MX/NXHPM-V12W/D2RN8,2024-05-16 00:00:00,2024-02-29 00:00:00,2.53,540L55868013C130100012
LGH-50RX5,2013-01-17 00:00:00,2012-10-31 00:00:00,2.56,L546754S00007066
M/MI-45G/DHN1-M,2018-04-26 00:00:00,2018-02-07 00:00:00,2.56,C701442620816409400019
MI/AGBP-09NXD0-I,2023-07-31 00:00:00,2023-06-22 00:00:00,2.56,541F677890125070811263
MI/AGBPW-12NXD0-IH,2025-05-28 00:00:00,2025-03-11 00:00:00,2.56,541Q672141049240170318
MI/MB-18N8D0-I,2019-04-30 00:00:00,2019-03-22 00:00:00,2.56,3416371760588030820028
MI/MCA3U12HRFN1QD0,2017-08-31 00:00:00,2017-06-14 00:00:00,2.56,2411657880165080160053
MI/MCA4U-12HRFNXGA,2025-07-03 00:00:00,2025-04-16 00:00:00,2.56,541Q79157014C010160053
MI/MCD1-42HRFN8-GA,2025-07-24 00:00:00,2025-05-07 00:00:00,2.56,541L25743023A060160049
MI/MHC-V12WD2RN7E30,2025-05-21 00:00:00,2025-03-04 00:00:00,2.56,541P086180344010100049
MI/MOBA03-12HFN1-QD0,2017-08-18 00:00:00,2017-06-01 00:00:00,2.56,2413336890774030850128
MI/MOD30U-42HFN8RGA,2025-07-24 00:00:00,2025-05-07 00:00:00,2.56,541Q98252094B030150022
MI/MOX430U24HFN8Q1GA,2025-02-18 00:00:00,2024-12-02 00:00:00,2.56,541Q674010349200170018
MI/MSMABU12HRDN1QD0,2017-08-18 00:00:00,2017-06-01 00:00:00,2.56,2413336890674070820217
MOU30HDN1Q,2015-08-17 00:00:00,2015-05-31 00:00:00,2.56,D201494370812A24160006
MX/NXHPM-V12W/D2RN8,2024-05-17 00:00:00,2024-02-29 00:00:00,2.56,540L55868013C130100012
MX/NXHPM-V12W/D2RN8,2024-07-11 00:00:00,2024-04-24 00:00:00,2.56,540L840680241300100054
MX/NXHPM-V8W/D2N8_E,2024-09-06 00:00:00,2024-06-20 00:00:00,2.56,540N536690142210100025
MD/MOEA55HFN1RRDA,2019-03-31 00:00:00,2019-03-18 00:00:00,2.58,3405755590985160160033
M/MI-45Q4/DHN1-D,2018-04-20 00:00:00,2018-01-31 00:00:00,2.6,C701442620316406400003
M/MS11PU-12HRFN1-QD0,2017-11-22 00:00:00,2017-09-04 00:00:00,2.6,D212322260115119120065
M/MSABAU-07HRFN1-QD0,2016-02-26 00:00:00,2015-12-09 00:00:00,2.6,D210244810115802120001
MI/MI-28T2/DHN1-EA5,2024-12-19 00:00:00,2024-10-01 00:00:00,2.6,C706154001587054000037
MI/MOB02-18HFN1-QD0W,2017-09-21 00:00:00,2017-07-04 00:00:00,2.6,2413182110472270860063
MX/NX2OE-18HFN8-QH,2025-06-05 00:00:00,2025-03-18 00:00:00,2.6,540Q449240248260150026
T-C1000E.EE.NT,2013-01-24 00:00:00,2012-11-06 00:00:00,2.6,103785
M/MI-22G/DHN1-M,2018-06-04 00:00:00,2018-04-25 00:00:00,2.62,C705243110118202400066
M/MOEU-48HFN1-R,2017-02-03 00:00:00,2016-11-15 00:00:00,2.63,D210059140615406160001
M/MTIR-27HFN1-QRD0,2019-03-31 00:00:00,2019-01-10 00:00:00,2.63,C703209700815110400042
MI/AGBP-09NXD0-I,2023-08-31 00:00:00,2023-06-12 00:00:00,2.63,341F647980123240810282
MI/MI2-28Q4CDN1,2023-07-31 00:00:00,2023-05-12 00:00:00,2.63,341H13283012B090100007
MI/MSMBBU12HRFN1QRD0,2017-05-18 00:00:00,2017-02-27 00:00:00,2.63,2412148590368100120178
MX/NXCO-OD35B-1A,2025-08-04 00:00:00,2025-05-16 00:00:00,2.63,540S67257104C050120037
G- LCE092CSG,2014-03-14 00:00:00,2013-12-23 00:00:00,2.66,13701194
MD/M3OE27HFN1Q,2016-06-20 00:00:00,2016-03-31 00:00:00,2.66,2400865890361260160014
MD/MDVI3-71C4VR12E,2025-02-10 00:00:00,2024-11-21 00:00:00,2.66,54VL775400641170300001
MI/M4O-36FN8-QH,2025-06-20 00:00:00,2025-03-31 00:00:00,2.66,541S69224054C050150006
MOU36HFN1RRC8,2016-03-21 00:00:00,2015-12-31 00:00:00,2.66,D202263610714912160038
MUE18HRFN1QRC8,2016-09-09 00:00:00,2016-06-20 00:00:00,2.66,D202294390514B28160010
MX/NXRM-OD35B-1CH,2024-01-16 00:00:00,2023-10-27 00:00:00,2.66,540K586531336250120096
MX/NXRM-OD35B-1CH,2024-01-16 00:00:00,2023-10-27 00:00:00,2.66,540K586531336250120170
PUHZ-P140VHA,2015-08-11 00:00:00,2015-05-22 00:00:00,2.66,7H1P611G 4E01077
PUHZ-RP140YKA,2014-03-10 00:00:00,2014-02-11 00:00:00,2.67,L7H1P06S15U09478
M/MDV-V200W/DRN1,2017-02-20 00:00:00,2016-11-30 00:00:00,2.69,C701747860516509400002
MD/AFBU12HRDNXQRD0,2023-12-27 00:00:00,2023-10-06 00:00:00,2.69,540J374110135120820108
MD/FR12HRFN8QRD1,2025-02-19 00:00:00,2024-11-29 00:00:00,2.69,54VP452430345240820102
MI/HB-A100/CDS90GN8B,2023-10-30 00:00:00,2023-08-09 00:00:00,2.69,341H58392022C270100013
MI/M4O-36FN8-QH,2024-01-31 00:00:00,2023-11-10 00:00:00,2.69,541K449120537100150007
MI/MB-09N8D6-I,2019-06-30 00:00:00,2019-04-09 00:00:00,2.69,3416371760188030820293
MX/NXHPM-V10W/D2N8,2023-12-27 00:00:00,2023-10-06 00:00:00,2.69,34VH34446042B240100040
MX/NXHPM-V10W/D2N8,2024-01-16 00:00:00,2023-10-26 00:00:00,2.69,541H985650135130100090
MX/NXHPS-V8W/D2N8,2024-05-21 00:00:00,2024-02-29 00:00:00,2.69,340G169930228030100077
MX/NXM-25APO1-A,2019-07-17 00:00:00,2019-06-06 00:00:00,2.7,2403321710173230200055
HX/NXERV-1300V1_ST2,2024-01-31 00:00:00,2023-11-09 00:00:00,2.73,F211072388
M/MOC-09HFN1-QD1,2024-09-05 00:00:00,2024-06-14 00:00:00,2.73,D210058940215324150016
M/MSMBDU-24HRFN1-QD0,2017-12-21 00:00:00,2017-09-29 00:00:00,2.73,2411653771565080120037
MD/AHB-A160/CD9,2023-06-06 00:00:00,2023-03-15 00:00:00,2.73,34VH34446032B270100043
MD/UNVS-18R32INT-OU,2023-12-27 00:00:00,2023-10-05 00:00:00,2.73,341D95378071A150120007
MHG45HWN1RB6,2015-11-04 00:00:00,2015-08-13 00:00:00,2.73,D202296210114C04160004
MI/M4O-36FN8-QH,2025-04-29 00:00:00,2025-02-05 00:00:00,2.73,541Q79283064B120150066
MI/MHC-V12WD2RN7E30,2025-05-28 00:00:00,2025-03-06 00:00:00,2.73,541L856220144010100029
MSZ-HJ25VA,2014-09-01 00:00:00,2014-06-10 00:00:00,2.73,L20E30VS4007494T
MX/NXHPM-V12W/D2RN8,2024-10-10 00:00:00,2024-07-19 00:00:00,2.73,540N443370143120100011
M/MOCA30U-24HFN1-QD0,2017-02-20 00:00:00,2016-11-28 00:00:00,2.76,2411797720466130150010
M/MSMBDU-24HRFN1-QD0,2018-02-05 00:00:00,2017-11-13 00:00:00,2.76,2411653771565080120032
MD/MCA3I09HRFN8QRDA,2019-04-30 00:00:00,2019-03-19 00:00:00,2.76,3406344820187290160013
MD/MOU60HDN1R,2016-06-08 00:00:00,2016-03-16 00:00:00,2.76,D202250520514730160006
MD/MOX33012HFN8QRE3,2025-03-04 00:00:00,2024-12-10 00:00:00,2.76,54VL743220441060170114
MD/MSAEBU12HRFNXQRD0,2019-07-31 00:00:00,2019-06-19 00:00:00,2.76,3407782950194090120046
MDV615WDRN1-I(C),2015-12-23 00:00:00,2015-09-30 00:00:00,2.76,C703183102314419400002
MDVD45G/N1Y,2015-05-12 00:00:00,2015-02-17 00:00:00,2.76,C703053540409C09400004
MI/HBT-A100/240CDS9B,2024-01-16 00:00:00,2023-10-24 00:00:00,2.76,34VG265240329030300007
MI/M5OE-42HFN8-QH,2025-05-13 00:00:00,2025-02-18 00:00:00,2.76,541Q79283074B120150010
MI/MCA3-18HRFN1-QD0,2016-09-29 00:00:00,2016-07-07 00:00:00,2.76,2410884740461200160008
MI/MCD1-48HRFNX-GA,2024-06-21 00:00:00,2024-05-10 00:00:00,2.76,541L74184023C070160069
MI/MHA-V4W/D2N8-B,2024-02-12 00:00:00,2023-11-20 00:00:00,2.76,341F745640125240100106
MI/MHC-V8WD2N7E30,2024-10-04 00:00:00,2024-07-12 00:00:00,2.76,541P086180143300100043
MI/MOD30U-36HFN8RGA,2023-07-12 00:00:00,2023-04-19 00:00:00,2.76,541H36103062B240150032
MI/MOX430U24HFN8Q1GA,2024-08-14 00:00:00,2024-05-22 00:00:00,2.76,541N448140241250120061
MI/MV8M-120WV2N8,2024-01-16 00:00:00,2023-10-24 00:00:00,2.76,541K987580538260100002
MI/MV8M-120WV2N8,2024-01-16 00:00:00,2023-10-24 00:00:00,2.76,541K987580538260100005
MI/X2-09N8D1-O,2023-10-20 00:00:00,2023-09-08 00:00:00,2.76,341D228390417030120130
MSR2309HRDN1QC2OU,2013-07-09 00:00:00,2013-04-16 00:00:00,2.76,D201436550912412120147
MX/NXHPM-V14W/D2RN8,2024-10-11 00:00:00,2024-07-19 00:00:00,2.76,540N443370143120100026
MX/NXKT3-V300F,2025-06-03 00:00:00,2025-03-11 00:00:00,2.76,540H991590233200100016
MCA3U12HRFN1QRD0W,2017-06-27 00:00:00,2017-04-03 00:00:00,2.79,2411657880165080160050
MI/MI2-140Q4DN1,2024-06-14 00:00:00,2024-03-21 00:00:00,2.79,541K977160239120100007
MI/MTI-42HWFN1-QRD0,2017-10-05 00:00:00,2017-07-12 00:00:00,2.79,2412921940671040160003
MI/MTJ-55HWFNXGA,2025-03-12 00:00:00,2024-12-17 00:00:00,2.79,541N951470445190160021
MOBA3007HFN1QRD0GW,2016-09-27 00:00:00,2016-07-04 00:00:00,2.79,2401659970264290130099
MX/NXHPM-V12W/D2RN8,2024-07-18 00:00:00,2024-04-24 00:00:00,2.79,540L840680241300100054
PEA-RP200GAQ,2014-07-08 00:00:00,2014-04-14 00:00:00,2.79,L50T00YS3YM01071
M/M2OD-18HFN1-Q,2015-11-27 00:00:00,2015-09-02 00:00:00,2.83,D210059000315324160008
MCD51HRN1R,2016-05-25 00:00:00,2016-02-29 00:00:00,2.83,D200073450515409160002
MD/M4OB36HFN8QAH,2024-07-19 00:00:00,2024-04-24 00:00:00,2.83,54VN432050641240150005
MI/AG-24NXD0-I,2024-05-17 00:00:00,2024-02-21 00:00:00,2.83,541L43432053A200130005
MI/HB-A100/CDS90GN8B,2025-01-10 00:00:00,2024-10-16 00:00:00,2.83,341G93451062A260100010
MI/HB-A100/CDS90GN8B,2025-01-10 00:00:00,2024-10-16 00:00:00,2.83,341H31183032B260100037
MI/MHAV10W/D2N8-B2,2025-01-10 00:00:00,2024-10-16 00:00:00,2.83,541P742280246050100027
MI/MHAV10W/D2N8-B2,2025-01-10 00:00:00,2024-10-16 00:00:00,2.83,541P742280246050100031
MUZ-SF25VE,2015-03-04 00:00:00,2014-12-08 00:00:00,2.83,L20E4A1S4007633T
MX/NXRM-ID35XWM-1D,2025-07-10 00:00:00,2025-04-15 00:00:00,2.83,540S67722084C280130075
PEA-RP200GAQ,2014-07-09 00:00:00,2014-04-14 00:00:00,2.83,L50T00YS3YM01071
G- LCE324CQ,2014-03-20 00:00:00,2013-12-23 00:00:00,2.86,HF 1311046518
MD/M3OE27HFN1Q,2016-07-07 00:00:00,2016-04-11 00:00:00,2.86,2400865890361260160017
MDVD36G/N1-S,2016-08-29 00:00:00,2016-06-03 00:00:00,2.86,C703216980915209400036
MI/MCD1-24HRFNX-GA,2023-07-24 00:00:00,2023-04-28 00:00:00,2.86,340D961860419090160021
MI/MOX430U-24HFN8QGA,2023-07-24 00:00:00,2023-04-28 00:00:00,2.86,541H36103052B240120052
PLFY-P63VLMD-E,2015-06-25 00:00:00,2015-03-30 00:00:00,2.86,7GEB4832W03958
M/MOEU-48HFN1-R,2015-08-11 00:00:00,2015-05-15 00:00:00,2.89,D212309890615107160001
MD/AHPM-V10W/D2N8,2025-01-07 00:00:00,2024-10-11 00:00:00,2.89,54VN500980142230100001
MDV280(10WD1RN1T,2015-07-07 00:00:00,2015-04-10 00:00:00,2.89,C703148162013427400001
MI/MA-24N8D0-O,2023-04-30 00:00:00,2023-02-01 00:00:00,2.89,341C491150811230860141
MI/MA-24NXD0-I,2023-04-30 00:00:00,2023-02-01 00:00:00,2.89,341C612480713290850119
MI/MIH45GN18,2024-08-23 00:00:00,2024-05-27 00:00:00,2.89,541N377840441250100048
MI/MIH45GN18_N,2025-03-31 00:00:00,2025-01-02 00:00:00,2.89,541N539120242200100033
MI/MSMABU12HRDN1QD0,2016-09-30 00:00:00,2016-07-04 00:00:00,2.89,2411653770365070120298
MX/NXHPM-V12W/D2RN8,2024-05-27 00:00:00,2024-02-29 00:00:00,2.89,540L55868013C130100043
MD/CLFB-48R32IVT-IN,2023-08-31 00:00:00,2023-07-18 00:00:00,2.9,340D96490031A160160010
MD/UNVS-48R32INT-OU,2023-08-31 00:00:00,2023-07-18 00:00:00,2.9,540K228380635120150047
MI/MA-12NXD0-I,2019-07-31 00:00:00,2019-06-17 00:00:00,2.9,3417712260393270820456
MI/MOB03-12HFN1-Q_H,2018-04-13 00:00:00,2018-02-28 00:00:00,2.9,2413476050476130130116
M/MOEU-48HFN1-R,2015-08-12 00:00:00,2015-05-15 00:00:00,2.92,D212309890615107160001
MD/AHB-A160/CD9,2023-06-12 00:00:00,2023-03-15 00:00:00,2.92,34VH34446032B270100043
MDV335(12)W/DRN1(D),2017-01-18 00:00:00,2016-10-21 00:00:00,2.92,C701005700116226400007
MDVD22G/N1-S,2018-04-25 00:00:00,2018-01-26 00:00:00,2.92,C703635201617502400013
MI/AG-09NXD1-I,2023-12-27 00:00:00,2023-09-29 00:00:00,2.92,541K315870135180130065
MI/AGBP-12NXD0-I,2023-12-27 00:00:00,2023-09-29 00:00:00,2.92,541J612950135050810015
MI/AGBPW-12NXD0-IH,2025-05-28 00:00:00,2025-02-28 00:00:00,2.92,541Q672141049240170318
MI/AHUKZ-02D,2025-04-16 00:00:00,2025-01-17 00:00:00,2.92,341C43112060C200100016
MI/M5OE-42HFN8-QH,2024-01-16 00:00:00,2023-10-19 00:00:00,2.92,541K449120637100150009
MI/MHC-V12WD2RN7E30,2025-06-03 00:00:00,2025-03-06 00:00:00,2.92,541L856220144010100029
MI/MIH15GN18,2024-09-10 00:00:00,2024-06-13 00:00:00,2.92,541N983660144060100049
G-MTE018C0AA_01,2019-04-30 00:00:00,2019-01-30 00:00:00,2.96,19700027
H1400SI,2018-02-08 00:00:00,2017-11-10 00:00:00,2.96,20170800008
M/MKT3-1400FG30,2015-11-05 00:00:00,2015-09-21 00:00:00,2.96,C703218720115318400003
M/MOYU-30HFN1-QRD0,2015-08-18 00:00:00,2015-05-20 00:00:00,2.96,D212309890715107160019
M/MOZU-18HFN1-QD0,2016-07-21 00:00:00,2016-04-22 00:00:00,2.96,D200238820215728150007
MD/CLFB-55R32IVT-IN,2024-11-28 00:00:00,2024-08-30 00:00:00,2.96,340F405980823070160005
MD/MCD24HRFNXQRDA,2019-03-31 00:00:00,2018-12-31 00:00:00,2.96,340680193028A190160013
MD/MOCA24HFN8QRDA,2019-03-31 00:00:00,2018-12-31 00:00:00,2.96,340680193068A170160016
MD/MOX13309HFN8QRD1N,2024-08-19 00:00:00,2024-05-21 00:00:00,2.96,54VN382820241250120178
MDV560WDRN1-I(C),2017-06-22 00:00:00,2017-03-24 00:00:00,2.96,C702255371116906400004
MI/CB1-09HRFN8-I,2025-08-13 00:00:00,2025-05-15 00:00:00,2.96,541S9580201A1150130039
MI/MB-18N8D0-I,2019-03-31 00:00:00,2018-12-31 00:00:00,2.96,341680161078A250810041
MI/MCA3-18HRFN1-QD0,2016-07-25 00:00:00,2016-04-26 00:00:00,2.96,2410884740461200160030
MI/MCD1-48HRFNX-GA,2024-03-28 00:00:00,2023-12-29 00:00:00,2.96,541L45497043A190160001
MI/MHC-V10W/D2N8-B2,2025-06-12 00:00:00,2025-04-28 00:00:00,2.96,541N081420141270100071
MI/MHC-V6W/D2N8-B2,2024-12-10 00:00:00,2024-09-11 00:00:00,2.96,541L840770142040100025
MI/X2-12N8D6-OH,2024-02-27 00:00:00,2023-11-29 00:00:00,2.96,541H543311031020120203
MI/X4-24N8D0-O,2023-08-31 00:00:00,2023-06-02 00:00:00,2.96,541H54519052C190120013
MX/NXCO-OD35B-1A,2024-11-14 00:00:00,2024-08-16 00:00:00,2.96,540N737500443100120056
MX/NXRM-ID50XWM-1C,2023-12-27 00:00:00,2023-09-28 00:00:00,2.96,540G064910525050810100
SEZ-KD60VAQ,2015-05-25 00:00:00,2015-04-10 00:00:00,2.96,L50T211S39M00591
M/MOEU-55HFN1-RRD0,2016-07-05 00:00:00,2016-04-05 00:00:00,2.99,D210233680915721160029
M/MOYU-30HFN1-QRD0,2016-06-29 00:00:00,2016-03-30 00:00:00,2.99,D212322290415115160038
M/MOZU-18HFN1-QD0,2016-07-22 00:00:00,2016-04-22 00:00:00,2.99,D200238820215728150007
M/MS06/N1-D,2025-01-29 00:00:00,2024-10-30 00:00:00,2.99,341H889760232230100003
M2OE18HFN1Q,2016-06-22 00:00:00,2016-03-23 00:00:00,2.99,2410878280461290160010
MD/MSAFCU18HRFN1QRD0,2018-05-09 00:00:00,2018-02-07 00:00:00,2.99,2403496620574180810016
MDVV140WDRN1,2017-12-18 00:00:00,2017-09-18 00:00:00,2.99,C703105511617218400003
MI/AGBPW-12NXD0-IH,2024-07-09 00:00:00,2024-04-09 00:00:00,2.99,541K488620136090810144
MI/CB1-12HRFN8-I,2025-02-11 00:00:00,2024-11-12 00:00:00,2.99,541Q099170347250130093
MI/HB-A100/CDS90GN8B,2025-01-10 00:00:00,2024-10-11 00:00:00,2.99,541J496120234260100033
MI/HBT-A100/240CDS9B,2023-11-30 00:00:00,2023-08-31 00:00:00,2.99,34VG265240329030300010
MI/HBT-A100/240CDS9B,2023-11-30 00:00:00,2023-08-31 00:00:00,2.99,34VG265240329030300016
MI/M4O-36FN8-QH,2024-06-05 00:00:00,2024-03-06 00:00:00,2.99,541K493910638150150026
MI/MCA3-18HRFN1-QD0,2017-03-21 00:00:00,2016-12-20 00:00:00,2.99,2410884740461200160020
MI/MCA3U12HRFN1QD0,2018-02-20 00:00:00,2017-11-21 00:00:00,2.99,2411238620163230160007
MI/MCD1-48HRFNX-GA,2025-03-04 00:00:00,2024-12-03 00:00:00,2.99,541N736830343290160075
MI/MHAV10W/D2N8-B2,2025-01-10 00:00:00,2024-10-11 00:00:00,2.99,541P742280246050100076
MI/MIH22GN18,2024-09-18 00:00:00,2024-06-19 00:00:00,2.99,541N539080142190100193
MI/MOE30U-48HFN1-QD0,2017-04-13 00:00:00,2017-01-12 00:00:00,2.99,2412149270768080160005
MI/MTIU-12HWFNX-GA,2023-07-12 00:00:00,2023-04-12 00:00:00,2.99,341F654840123200160025
MI/MTIU-18HWFNX-GA,2023-07-12 00:00:00,2023-04-12 00:00:00,2.99,341F380670322280160019
MOJU36HFN1RRC8,2017-05-26 00:00:00,2017-02-24 00:00:00,2.99,240071890065C210160010
RSE50A,2017-03-21 00:00:00,2016-12-20 00:00:00,2.99,HD1610006113
HX/NXERV-150V1_ST2,2023-09-29 00:00:00,2023-06-29 00:00:00,3.02,F221010031
HX/NXERV-2000V1_ST2,2023-12-27 00:00:00,2023-09-26 00:00:00,3.02,F221090253
M/MI-80Q4/DHN1-D,2017-03-29 00:00:00,2016-12-27 00:00:00,3.02,C703247680415A08400028
MCCU105CN1,2016-05-10 00:00:00,2016-03-25 00:00:00,3.02,C703831000114516400001
MD/CSTS4-12R32IVT-IN,2024-12-11 00:00:00,2024-09-10 00:00:00,3.02,54VN736160543130160015
MI/AG-24NXD0-IH,2024-01-16 00:00:00,2023-10-16 00:00:00,3.02,541H639640231080130020
MI/HB-A160/CDS90GN8B,2023-08-31 00:00:00,2023-05-31 00:00:00,3.02,341H10751072B260100056
MI/M4O-36FN8-QH,2024-11-12 00:00:00,2024-08-12 00:00:00,3.02,541P344571646130150008
MI/M4O-36FN8-QH,2024-11-12 00:00:00,2024-08-12 00:00:00,3.02,541P344571646130150011
MI/M4O-36FN8-QH,2024-11-12 00:00:00,2024-08-12 00:00:00,3.02,541P344571646130150012
MI/MHAV4W/D2N8-B2,2025-06-04 00:00:00,2025-03-04 00:00:00,3.02,541N797500145270100019
MI/MI2-17GDN1,2023-05-31 00:00:00,2023-02-28 00:00:00,3.02,341F74311142B120100010
MI/MI2-22GDN1,2023-05-31 00:00:00,2023-02-28 00:00:00,3.02,341G45896012B240100149
MI/MI2-36GDN1,2023-05-31 00:00:00,2023-02-28 00:00:00,3.02,341F915980329070100059
MI/MI2-36GDN1,2023-05-31 00:00:00,2023-02-28 00:00:00,3.02,341F915980329070100094
MI/MIH28GN18_N,2025-03-21 00:00:00,2024-12-19 00:00:00,3.02,541N539170142200100107
MI/MSMBBU12HRFN1QRD0,2017-09-21 00:00:00,2017-06-21 00:00:00,3.02,2412229370268190120162
MI/MV6-I560WV2GN1-E,2023-05-31 00:00:00,2023-02-28 00:00:00,3.02,341H20326012B270100001
MOU60HFN1Q,2017-06-06 00:00:00,2017-03-06 00:00:00,3.02,D200238820715720160054
MS12F818HRFN1C8OU,2016-09-08 00:00:00,2016-06-08 00:00:00,3.02,D200073040615412150195
MSZ-EF42VEB,2014-03-18 00:00:00,2013-12-16 00:00:00,3.02,L20E11GS3000029T
M/AHUKZ-02A,2017-12-15 00:00:00,2017-09-13 00:00:00,3.06,C701747861916502400028
M/MDVS-252W/DRN1,2016-11-10 00:00:00,2016-08-09 00:00:00,3.06,C701901662516607400002
M/MI-45G/DHN1-M,2019-03-31 00:00:00,2018-12-28 00:00:00,3.06,341669922168A140100002
MDVD36G/N1-S,2016-10-28 00:00:00,2016-07-27 00:00:00,3.06,C703223070615406400049
MI/AGBP-12NXD0-I,2023-08-31 00:00:00,2023-05-30 00:00:00,3.06,541F678410125100871490
MI/M4O-36FN8-QH,2024-05-09 00:00:00,2024-02-06 00:00:00,3.06,541K493910638150150033
MI/MCD-18HRFN1-QD0,2017-07-21 00:00:00,2017-06-20 00:00:00,3.06,2411797620466170160015
MI/MI2-36Q4CDN1,2019-06-30 00:00:00,2019-03-29 00:00:00,3.06,341690186058C050100037
MI/MI2-36Q4CDN1,2019-06-30 00:00:00,2019-03-29 00:00:00,3.06,341690186058C050100041
MI/MI2-36Q4CDN1,2019-06-30 00:00:00,2019-03-29 00:00:00,3.06,341690186058C050100043
MI/MI2-45GDN1,2023-06-30 00:00:00,2023-03-29 00:00:00,3.06,341G45875032A240100082
MI/MI2-45GDN1,2023-12-27 00:00:00,2023-09-25 00:00:00,3.06,541H583870435260100008
MSR23U09HRDN1Q8(A),2015-02-18 00:00:00,2014-11-17 00:00:00,3.06,D202243900114712120103
MX/NXRM-ID35XWM-1C,2023-10-30 00:00:00,2023-09-13 00:00:00,3.08,540G064910325030830334
H/TAXR0281_02,2017-04-27 00:00:00,2017-01-23 00:00:00,3.09,HF1611068768
M/MI-22Q4/DHN1-A3,2018-02-19 00:00:00,2017-11-17 00:00:00,3.09,C701442582216401400033
M/MSMBCU-18HRFN1-QD0,2016-08-26 00:00:00,2016-05-24 00:00:00,3.09,2411224210563160120030
MCA3U12HRFN1QRD0W,2016-06-10 00:00:00,2016-03-08 00:00:00,3.09,240071816015C220160008
MD/MOX13312HFN8QRD0N,2023-06-30 00:00:00,2023-03-28 00:00:00,3.09,54V220000442B040850393
MI/CB1-12HRFN8-I,2025-06-27 00:00:00,2025-03-25 00:00:00,3.09,541Q79214034B120130385
MI/M2OD-18HFN8-Q,2023-07-31 00:00:00,2023-04-28 00:00:00,3.09,54V2230000427160150014
MI/MCA3U12HRFN1QD0,2018-02-23 00:00:00,2017-11-21 00:00:00,3.09,2411238620163230160002
MI/MV6-R450WV2RN1,2023-07-31 00:00:00,2023-04-28 00:00:00,3.09,341F922070525200100008
MI/MV6-R450WV2RN1,2023-07-31 00:00:00,2023-04-28 00:00:00,3.09,341G309070527240100005
MI/MV6-R500WV2RN1,2023-07-31 00:00:00,2023-04-28 00:00:00,3.09,341G309070627240100011
MI/MVI-450WV2RN1(A),2024-05-27 00:00:00,2024-02-23 00:00:00,3.09,54VK648610137220300007
MX/NXHPM-V10W/D2N8,2024-02-12 00:00:00,2023-11-10 00:00:00,3.09,540K441350138190100009
MX/NXHPM-V12W/D2RN8,2024-10-10 00:00:00,2024-07-08 00:00:00,3.09,540N443370143120100011
HX/NXERV-500V1_ST2,2024-03-18 00:00:00,2023-12-14 00:00:00,3.12,F231042533
MI/MCA3U-18HRFNX-GA,2023-09-29 00:00:00,2023-06-26 00:00:00,3.12,541J550650234250160024
MI/MSMACU18HRFN1QD0,2016-07-11 00:00:00,2016-04-07 00:00:00,3.12,2411110290563140120018
G-LER091CS,2015-07-21 00:00:00,2015-04-16 00:00:00,3.15,HF1502054718
MD/MDVO-VI450V2R1B,2024-01-31 00:00:00,2023-10-27 00:00:00,3.15,54VK648520137130300016
MD/MOBA3009HFN1QRD0,2016-06-21 00:00:00,2016-03-17 00:00:00,3.15,2400827550261150130198
MI/CB1-12HRFN8-I,2025-02-11 00:00:00,2024-11-07 00:00:00,3.15,541Q099170347250130093
MI/MHC-V12W/D2RN8-B2,2023-05-31 00:00:00,2023-02-24 00:00:00,3.15,341H31822012C080100044
MSR112HRN1QC2,2013-06-04 00:00:00,2013-02-28 00:00:00,3.15,D201426400512328150177
MUE51HRN1R,2017-06-12 00:00:00,2017-03-08 00:00:00,3.15,D200309360315909160015
MX/NXRM-OD35B-1CH-P,2023-05-31 00:00:00,2023-02-24 00:00:00,3.15,540G065980425280820032
PUHZ-P250YHA,2013-05-28 00:00:00,2013-02-21 00:00:00,3.15,L7H1S35S2YU01006
MCD18HRFN1QRC8,2015-05-13 00:00:00,2015-03-26 00:00:00,3.16,D202263610514911160009
MD/MOB3118HFN1QRD0GW,2018-02-26 00:00:00,2018-01-09 00:00:00,3.16,2401791190865170130026
MDVD22Q4/N1-A3,2015-02-19 00:00:00,2014-11-14 00:00:00,3.19,C703179470214320400006
MI/AGBP-18NXD0-I,2024-10-03 00:00:00,2024-06-28 00:00:00,3.19,541K465730738220860119
MI/HB-A60/CD30GN8B,2023-11-30 00:00:00,2023-08-25 00:00:00,3.19,341F745640525230100033
MI/M5OE-42HFN8-QH,2025-05-13 00:00:00,2025-02-05 00:00:00,3.19,541Q79283074B120150010
MI/MBT-09N8D6-OH,2019-06-30 00:00:00,2019-03-25 00:00:00,3.19,3416655800689210830036
MI/MOX630U-55HFN8RGA,2025-01-13 00:00:00,2024-10-08 00:00:00,3.19,541N448140641250150085
MI/MSMADU24HRFN1QD0,2017-06-19 00:00:00,2017-03-14 00:00:00,3.19,2411792200766020120058
MI/MSMBAU09HRFN1QRD0,2016-08-23 00:00:00,2016-05-18 00:00:00,3.19,2411224210163170120244
MI/MV8I-500WV2RN1E,2024-12-05 00:00:00,2024-08-30 00:00:00,3.19,541P231570444130100003
MX/NXHPM-V10W/D2N8,2024-01-31 00:00:00,2023-10-26 00:00:00,3.19,541H985650135130100073
MX/NXRM-ID35XWM-1C,2023-11-30 00:00:00,2023-08-25 00:00:00,3.19,540G064910325030830185
M/MI-36T2/DHN1-DA5,2016-07-14 00:00:00,2016-04-07 00:00:00,3.22,C703218300515312400009
M/MSABBU-12HRDN1-QC8,2016-06-10 00:00:00,2016-03-04 00:00:00,3.22,D210234490315717120010
MD/CLFB-55R32IVT-IN,2024-11-28 00:00:00,2024-08-22 00:00:00,3.22,340F405980823070160005
MD/CSTS4-18R32IVT-IN,2025-08-13 00:00:00,2025-05-07 00:00:00,3.22,54VS69622024C140160002
MD/MOU48HDN1R,2013-10-04 00:00:00,2013-06-28 00:00:00,3.22,D202041030713314160002
MI/AG-18NXD0-I,2023-08-31 00:00:00,2023-05-25 00:00:00,3.22,541H08716062A270130016
MI/MB-12N8D6-I,2019-07-31 00:00:00,2019-06-12 00:00:00,3.22,3417734300393240840822
MI/MCA3U12HRFN1QD0,2016-06-08 00:00:00,2016-03-02 00:00:00,3.22,240071816015C220160010
MI/MCD1-24HRFNX-GA,2025-05-29 00:00:00,2025-02-20 00:00:00,3.22,541Q98252014B030160001
MI/MHA-V8W/D2N8-B,2023-12-27 00:00:00,2023-09-20 00:00:00,3.22,541J519160135110100003
MI/MHA-V8W/D2N8-B,2024-01-16 00:00:00,2023-10-10 00:00:00,3.22,341H58392012C280100021
MI/MI2-22GDN1,2023-06-06 00:00:00,2023-02-28 00:00:00,3.22,341G45896012B240100149
MI/MOB02-18HFN1-QD0W,2016-05-24 00:00:00,2016-04-05 00:00:00,3.22,2411110290663100150185
MI/MOCA01-24HFN1-QD0,2016-10-06 00:00:00,2016-06-30 00:00:00,3.22,2411334130864010150034
MI/MT-09N8D6-I,2019-07-31 00:00:00,2019-04-24 00:00:00,3.22,3417463230292280860012
MI/MT-12N8D6-I,2019-07-31 00:00:00,2019-04-24 00:00:00,3.22,3417463230192280860009
MI/MUE-24HRFNX-GA,2023-11-30 00:00:00,2023-08-24 00:00:00,3.22,341D95397071A160160013
MI/MVI-335WV2RN1A,2023-09-29 00:00:00,2023-06-23 00:00:00,3.22,54VH964500133140100004
PUHZ-ZRP125YKA,2014-04-23 00:00:00,2014-01-15 00:00:00,3.22,L77JN02S34U01400
MCA218HRDN1Q,2013-07-02 00:00:00,2013-03-25 00:00:00,3.25,D201494370312A25160008
MD/MOBA3012HFN1QRD0,2016-06-24 00:00:00,2016-03-17 00:00:00,3.25,2400827550461150130369
MD/MOX13312HFN8QRD1N,2024-09-18 00:00:00,2024-06-11 00:00:00,3.25,54VN385250241270170196
MI/MCD1-55HRFNX-GA,2024-02-27 00:00:00,2023-11-20 00:00:00,3.25,541L131890239170160025
MI/MI2-28Q4CDN1,2023-06-30 00:00:00,2023-03-23 00:00:00,3.25,341F922710226090100017
MI/MSMBAU09HRFN1QRD0,2017-03-09 00:00:00,2016-11-30 00:00:00,3.25,2411785860165280120334
MX/NXHPM-V10W/D2N8,2024-07-12 00:00:00,2024-04-04 00:00:00,3.25,540L55863013C120100016
MI/MOE30U-55HFN8RGA,2023-10-20 00:00:00,2023-08-31 00:00:00,3.28,541K489170636140150020
SUZ-KA25VA,2014-06-18 00:00:00,2014-04-29 00:00:00,3.28,L65TD3HS3ZP00114
MHB192HRN2,2014-10-23 00:00:00,2014-07-15 00:00:00,3.29,C703084140111307400003
MI/AGBPW-12NXD0-IH,2024-10-11 00:00:00,2024-07-03 00:00:00,3.29,541H704500132010810726
MI/MHA-V16W/D2RN8-B,2023-05-31 00:00:00,2023-02-20 00:00:00,3.29,341G93460052B040100006
MI/MHC-V8WD2N7E30,2025-06-25 00:00:00,2025-03-17 00:00:00,3.29,541N100380142180100040
MI/MIH22GN18,2024-10-09 00:00:00,2024-07-01 00:00:00,3.29,541K480060137060100074
MD/MODA30HFN1QRDA,2018-03-22 00:00:00,2017-12-11 00:00:00,3.32,2403801980278200160019
MI/HB-A60/CD30GN8B,2025-01-27 00:00:00,2024-10-18 00:00:00,3.32,341F745640525230100039
MI/MCD-18HRFN1-QD0,2019-03-31 00:00:00,2018-12-20 00:00:00,3.32,2411657880465090160042
MI/X1BPW-09N8D0-OH,2024-03-28 00:00:00,2023-12-18 00:00:00,3.32,541K465730238160820130
MI/X1BPW-09N8D0-OH,2024-03-28 00:00:00,2023-12-18 00:00:00,3.32,541K465730238160820134
HX/NXERV-150V1_ST2,2024-02-27 00:00:00,2023-11-17 00:00:00,3.35,F221010023
HX/NXERV-150V1_ST2,2024-02-27 00:00:00,2023-11-17 00:00:00,3.35,F221010033
MD/FR12HRFN8QRD1,2024-11-05 00:00:00,2024-07-26 00:00:00,3.35,54VN816610345040130137
MI/HB-A60/CD30GN8B,2025-01-27 00:00:00,2024-10-17 00:00:00,3.35,341F745640525230100039
MI/MCA3U12HRFN1QD0,2018-02-26 00:00:00,2017-11-16 00:00:00,3.35,2411238620163230160013
MI/MCD1-36HRFN8-GA,2024-10-11 00:00:00,2024-07-01 00:00:00,3.35,541N692060343290160102
MX/NXHPM-V10W/D2N8,2024-01-16 00:00:00,2023-10-06 00:00:00,3.35,34VH34446042B240100023
MXZ-3D54VA,2015-02-27 00:00:00,2014-11-17 00:00:00,3.35,L65TD66S47P09226
MI/MCA3U-12FNXD0,2019-07-31 00:00:00,2019-06-10 00:00:00,3.36,3417734330194020160023
MI/MIH15GN18_N,2025-04-02 00:00:00,2025-02-10 00:00:00,3.36,541N539080142190100192
MD/MSAEAU09HRFNXQRD0,2019-07-31 00:00:00,2019-06-27 00:00:00,3.3600000000000003,3407782021494220120173
MI/MB-24N8D0-OH,2019-03-31 00:00:00,2019-02-25 00:00:00,3.3600000000000003,3415666360284080870074
MI/X3-18N8D0-OH,2024-01-31 00:00:00,2023-12-28 00:00:00,3.3600000000000003,541L25721043A070150047
G-MTE012C0AA,2015-07-28 00:00:00,2015-04-16 00:00:00,3.38,15700365
G-MTE015C0AA,2015-07-28 00:00:00,2015-04-16 00:00:00,3.38,15700218
M/M4OD-28HFN1-Q,2015-11-23 00:00:00,2015-08-12 00:00:00,3.38,D212309890215105160002
M/MI-56Q4/DHN1-D,2017-06-21 00:00:00,2017-03-10 00:00:00,3.38,C702662711416C01400011
MD/MDVI3-28WMVR12E,2025-05-13 00:00:00,2025-01-30 00:00:00,3.38,54VL775370341240100053
MDV615WDRN1-I(C),2016-01-11 00:00:00,2015-09-30 00:00:00,3.38,C703183102314419400002
MHG55HWN1RB6,2015-05-04 00:00:00,2015-01-21 00:00:00,3.38,D202263680514910160005
MI/MCA3-18HRFN1-QD0,2016-10-11 00:00:00,2016-06-30 00:00:00,3.38,2411201120363180160016
MOU48HN1R,2014-10-29 00:00:00,2014-07-18 00:00:00,3.38,D202130411013A24160003
MSR23U18HRDN1Q8,2015-08-03 00:00:00,2015-04-22 00:00:00,3.38,D202179890314228120143
HX/NXERV-250V1_ST2,2023-09-29 00:00:00,2023-08-08 00:00:00,3.42,F211024982
M/M2OD-18HFN1-Q,2015-10-05 00:00:00,2015-06-23 00:00:00,3.42,D212322270315119160024
M/MOB30U-18HFN1-QRD0,2019-03-31 00:00:00,2019-02-07 00:00:00,3.42,340510242057C280130023
MD/M5OE42HFN8QAH,2024-11-06 00:00:00,2024-07-25 00:00:00,3.42,54VK481070838150150027
MD/M5OE42HFN8QAH,2024-11-06 00:00:00,2024-07-25 00:00:00,3.42,54VK481070838150150029
MI/HBT-A100/190CD3B,2024-01-16 00:00:00,2023-10-04 00:00:00,3.42,340G172950128130300009
MI/MB-18N8D0-O,2019-07-31 00:00:00,2019-04-18 00:00:00,3.42,3416371760688040840031
MI/MHA-V6W/D2N8-B,2024-05-23 00:00:00,2024-02-09 00:00:00,3.42,340G169930128020100019
MX/NX2OE-18HFN8-QH,2025-05-09 00:00:00,2025-03-18 00:00:00,3.42,540Q449240248260150026
MX/NXKD-V400,2019-07-31 00:00:00,2019-04-18 00:00:00,3.42,340712451028C130100021
PEFY-P25VMS1L-E,2015-05-05 00:00:00,2015-01-21 00:00:00,3.42,L50T11CS26M00115
MTBU12HWFN1QRC8,2016-02-05 00:00:00,2016-01-21 00:00:00,3.4300000000000006,D200226770115715160019
HX/NXERV-500V1_ST2,2024-03-28 00:00:00,2023-12-14 00:00:00,3.45,F231042533
M/AHUKZ-03B,2017-03-31 00:00:00,2016-12-16 00:00:00,3.45,C703218272215307400070
M/M4OD-28HFN1-Q,2015-11-25 00:00:00,2015-08-12 00:00:00,3.45,D212309890215105160002
MI/AGBPW-12NXD0-IH,2025-06-27 00:00:00,2025-03-14 00:00:00,3.45,541Q79247034B130130179
MI/HB-A100/CDS90GN8B,2023-07-31 00:00:00,2023-04-17 00:00:00,3.45,341H607650231020100008
MI/HBT-A100/190CD3B,2023-12-27 00:00:00,2023-09-13 00:00:00,3.45,34VG265250127220300023
MI/MCD1-24HRFNX-GA,2024-03-18 00:00:00,2023-12-04 00:00:00,3.45,541K471460139010160002
MI/MOX230-12HFN8QGA,2023-05-31 00:00:00,2023-02-15 00:00:00,3.45,341D95291061A080120033
MI/X1BPW-12N8D0-OH,2024-11-13 00:00:00,2024-07-31 00:00:00,3.45,541H704500232030830675
MI/X3BP-18N8D0-O,2024-10-11 00:00:00,2024-06-28 00:00:00,3.45,541K465730838160830007
MX/NXHPM-V8W/D2N8,2023-11-30 00:00:00,2023-08-17 00:00:00,3.45,340H37787032C040100061
PUHZ-ZRP71VHA,2014-02-19 00:00:00,2013-11-06 00:00:00,3.45,L77JL01S23U02996
SO9ACPU40,2013-10-04 00:00:00,2013-06-21 00:00:00,3.45,920PC41201039NUH890
M/MDV-V180W/DRN1,2019-03-31 00:00:00,2019-02-06 00:00:00,3.48,341670781068A090100008
MD/FR12HRFN8QRD1,2024-09-26 00:00:00,2024-06-12 00:00:00,3.48,54VN816040344090130520
MD/MSAFCU18HRFN1QRD0,2018-05-24 00:00:00,2018-02-07 00:00:00,3.48,2403496620574180810016
MI/MIH22GN18,2024-10-03 00:00:00,2024-06-19 00:00:00,3.48,541N539080142190100193
MOF24HFN1QRD0GW,2016-07-26 00:00:00,2016-04-11 00:00:00,3.48,D210058920915317150057
MS12F812HRDN1C8,2015-10-14 00:00:00,2015-06-30 00:00:00,3.48,D200073040315409120408
PEAD-RP71JAQ,2014-01-14 00:00:00,2013-09-30 00:00:00,3.48,L7HJL01S21U00478
MD/AHPS-V16W/D2RN8,2023-06-30 00:00:00,2023-03-15 00:00:00,3.52,34VH34971012C040100055
MD/MDVI3A-22WMVR12E,2024-10-11 00:00:00,2024-06-26 00:00:00,3.52,54VL36811013B210100031
MI/AG-24NXD0-IH,2024-01-31 00:00:00,2023-10-16 00:00:00,3.52,541H639640231080130020
MI/AHUKZ-02DM,2024-03-28 00:00:00,2023-12-12 00:00:00,3.52,341H31206012C040100056
MI/M4O-36FN8-QH,2024-05-23 00:00:00,2024-02-06 00:00:00,3.52,541K493910638150150010
MI/M4O-36FN8-QH,2024-05-23 00:00:00,2024-02-06 00:00:00,3.52,541K493910638150150013
MI/MIH15Q4CN18,2025-04-17 00:00:00,2024-12-31 00:00:00,3.52,541K985270139140100046
MOF24HFN1QRD0GW,2016-07-27 00:00:00,2016-04-11 00:00:00,3.52,D210058920915317150057
MDVD71T2/CN1,2014-11-17 00:00:00,2014-08-01 00:00:00,3.55,C703056102210203400007
MI/MTI-55FNXD0,2019-03-31 00:00:00,2018-12-13 00:00:00,3.55,3415890690686190160005
MI/MTI-55FNXD0,2019-03-31 00:00:00,2018-12-13 00:00:00,3.55,3415890690686190160020
MX/NXHPM-V22W/D2RN8,2025-01-13 00:00:00,2024-09-27 00:00:00,3.55,540N737020144010100005
M/MDV-V120W/DRN1,2019-06-30 00:00:00,2019-03-13 00:00:00,3.58,341690205108C120100006
MOJU36HFN1RRC8,2017-07-17 00:00:00,2017-03-30 00:00:00,3.58,240071890065C210160006
MSTCBU12HRFN1QROU,2016-08-09 00:00:00,2016-04-22 00:00:00,3.58,D200073060415411130003
MUE60HRFN1QC2,2014-03-11 00:00:00,2013-11-22 00:00:00,3.58,D202104960213720160015
MCA2U12HRFN1QRC8,2014-06-18 00:00:00,2014-02-28 00:00:00,3.61,D202060140213418160032
MDVD36G/N1-S,2016-09-21 00:00:00,2016-06-03 00:00:00,3.61,C703216980915209400036
MI/MBT-09N8D6-OH,2019-03-31 00:00:00,2018-12-11 00:00:00,3.61,3415391680283180840131
MI/MIH80GN18,2024-11-18 00:00:00,2024-07-31 00:00:00,3.61,541P466080645160100002
MI/X1BPW-12N8D0-OH,2024-11-18 00:00:00,2024-07-31 00:00:00,3.61,541H704500232030830675
MS12F818HRFN1C8OU,2016-09-26 00:00:00,2016-06-08 00:00:00,3.61,D200073040615412150195
MX/NXRM-ID35XWM-1D,2025-08-04 00:00:00,2025-04-16 00:00:00,3.61,540S67722084C280130016
MX/NXRM-OD35B-1DH,2025-08-04 00:00:00,2025-04-16 00:00:00,3.61,540S67722094C260170140
PKA-RP100KAL,2014-07-08 00:00:00,2014-03-20 00:00:00,3.61,L65T7LDS39M04144
H1100SI,2018-03-19 00:00:00,2018-01-23 00:00:00,3.62,20150800040
MI/MCA3-18HRFN1-QD0,2016-08-31 00:00:00,2016-07-07 00:00:00,3.62,2410884740461200160008
M/MDV-V140W/DN1,2017-01-19 00:00:00,2016-09-30 00:00:00,3.65,C703209721615104400013
M/MKT3-1000G30,2019-03-31 00:00:00,2018-12-10 00:00:00,3.65,C703250440815A27400003
MD/AFBU12HRDNXQRD0,2023-06-12 00:00:00,2023-02-21 00:00:00,3.65,54V220000452C040820139
MD/MSAEAU09HRFN1QRD0,2016-10-25 00:00:00,2016-07-06 00:00:00,3.65,2401199390163140120079
MDVD71Q4/N1-D,2014-12-29 00:00:00,2014-09-09 00:00:00,3.65,C703167451313B27400002
MDV-D71T1/N1-B,2025-03-18 00:00:00,2024-11-27 00:00:00,3.65,C703105820117213400011
MI/AGF-09NXD1-I,2024-09-24 00:00:00,2024-06-05 00:00:00,3.65,541N436490141230170002
MI/HB-A160/CDS90GN8B,2024-02-27 00:00:00,2023-11-08 00:00:00,3.65,341H31183042B270100031
MI/HBT-A100/240CDS9B,2024-02-12 00:00:00,2023-10-24 00:00:00,3.65,34VG265250327230300003
MI/MB-18N8D0-I,2019-03-31 00:00:00,2018-12-10 00:00:00,3.65,3416655800989280810063
MI/MHA-V6W/D2N8-B,2024-10-21 00:00:00,2024-07-02 00:00:00,3.65,541L492890141080100098
MI/MOD30U-36HFN8RGA,2024-09-23 00:00:00,2024-06-04 00:00:00,3.65,541N692061344010150161
MI/X1F-09N8D1-O,2024-09-24 00:00:00,2024-06-05 00:00:00,3.65,541N429150241230170085
MSR23U18HRDN1Q8,2015-08-11 00:00:00,2015-04-22 00:00:00,3.65,D202179890314228120143
MX/NXHPM-V12W/D2RN8,2024-08-05 00:00:00,2024-04-16 00:00:00,3.65,540L55868013C130100005
MX/NXKT3-V1000G12-CL,2024-10-07 00:00:00,2024-06-18 00:00:00,3.65,540L706790742040100028
MX/NXRM-ID35XWM-1D,2025-08-04 00:00:00,2025-04-15 00:00:00,3.65,540S67722084C280130016
MX/NXRM-OD35B-1DH,2025-08-04 00:00:00,2025-04-15 00:00:00,3.65,540S67722094C260170140
HX/NXERV-1500V1_ST2,2024-01-16 00:00:00,2023-09-26 00:00:00,3.68,F221080324
M/MDV-V180W/DRN1,2016-09-21 00:00:00,2016-06-01 00:00:00,3.68,C703260441616120400001
MCA3U12HRFN1QRD0W,2016-06-28 00:00:00,2016-03-08 00:00:00,3.68,240071816015C220160008
MD/M4OB36HFN8QAH,2024-06-18 00:00:00,2024-02-27 00:00:00,3.68,54VK477900737120150018
MD/MCA318HRFN1QRDA,2018-03-05 00:00:00,2017-11-13 00:00:00,3.68,2403980810477230160015
MD/MDVO-VI500V2R1B,2024-12-19 00:00:00,2024-08-29 00:00:00,3.68,54VL792250241160300007
MI/MHA-V8W/D2N8-B,2024-01-31 00:00:00,2023-10-11 00:00:00,3.68,541J519500135110100052
MI/MHC-V12W/D2RN8-B,2024-01-31 00:00:00,2023-12-06 00:00:00,3.68,541K814480238190100016
MI/MHC-V16WD2RN7E30,2024-12-20 00:00:00,2024-08-30 00:00:00,3.68,541L963760741020100008
MI/MHC-V8WD2N7E30,2024-12-20 00:00:00,2024-08-30 00:00:00,3.68,541L963760341010100040
MI/MIH15GN18,2024-10-03 00:00:00,2024-06-13 00:00:00,3.68,541N983660144060100039
MI/MIH22GN18,2024-03-18 00:00:00,2023-11-27 00:00:00,3.68,541K480060137060100004
PEAD-RP50JAQ,2014-01-16 00:00:00,2013-09-26 00:00:00,3.68,7HF233G 2C00258
M/MSABBU-12HRDN1-QC8,2015-11-04 00:00:00,2015-07-14 00:00:00,3.71,D212322480115117120118
MD/M5OE42HFN8QAH,2025-08-13 00:00:00,2025-04-22 00:00:00,3.71,54VK481070838150150026
MDVD28Q4/N1-A3,2017-09-20 00:00:00,2017-05-30 00:00:00,3.71,C702579491816B05400008
MDVV140WDRN1,2018-01-09 00:00:00,2017-09-18 00:00:00,3.71,C703105511617218400003
MI/CB1-09HRFN8-I,2025-08-13 00:00:00,2025-04-22 00:00:00,3.71,541S9580201A1150130039
MI/HBT-A100/240CDS9B,2024-01-31 00:00:00,2023-10-10 00:00:00,3.71,34VG265240329030300033
MI/MCA3-18HRFN1-QD0,2016-10-21 00:00:00,2016-06-30 00:00:00,3.71,2411201120363180160016
MX/NXHPS-V12W/D2RN8,2023-12-27 00:00:00,2023-09-05 00:00:00,3.71,340H537270131050100050
PEA-RP200GAQ,2014-08-05 00:00:00,2014-04-14 00:00:00,3.71,L50T00YS3YM01071
PUHZ-RP200YKA,2014-08-05 00:00:00,2014-04-14 00:00:00,3.71,L7H1R31S3ZU02539
M/MKT2-600G30,2017-10-25 00:00:00,2017-08-29 00:00:00,3.74,C703218720615317400006
MI/MCA3-18HRFN1-QD0,2016-06-08 00:00:00,2016-04-12 00:00:00,3.74,2410884740461200160040
M/MI-22G/DHN1-M,2018-06-01 00:00:00,2018-02-07 00:00:00,3.75,C703718580917512400054
MD/CLFB-24R32IVT-IN,2025-03-27 00:00:00,2025-02-17 00:00:00,3.75,340D96499011B040160016
MD/CLFB-36R32IVT-IN,2025-02-06 00:00:00,2024-10-15 00:00:00,3.75,340D962090319110160002
MD/M3OE27HFN1Q,2016-08-03 00:00:00,2016-04-11 00:00:00,3.75,2400865890361260160017
MI/MOB02-18HFN1-Q_H,2017-11-27 00:00:00,2017-10-20 00:00:00,3.75,2413476050676140130002
MI/MOX430U-24HFN8QGA,2024-01-31 00:00:00,2023-10-09 00:00:00,3.75,540K228380535120120002
MX/NXKD-V300FA,2023-09-29 00:00:00,2023-06-07 00:00:00,3.75,340H50004012C140100036
MD/AFBU09HRFN8QRD1,2025-03-27 00:00:00,2024-12-02 00:00:00,3.78,54VN385150141200170207
MI/MI2-71Q4DN1,2024-08-02 00:00:00,2024-04-09 00:00:00,3.78,541L25796013A190100004
MI/MIH56Q4CN18,2024-04-08 00:00:00,2023-12-15 00:00:00,3.78,541K985270439150100002
MI/MOE30U-48HFN1-RD0,2018-01-04 00:00:00,2017-09-11 00:00:00,3.78,2413597970577280160025
MX/NXCO-OD35B-1A,2024-11-22 00:00:00,2024-07-30 00:00:00,3.78,540P420811245030120101
PUHZ-P125VHA,2014-10-16 00:00:00,2014-06-23 00:00:00,3.78,7H1N511G 4B00402
PUHZ-RP250YKA,2013-10-25 00:00:00,2013-07-02 00:00:00,3.78,L7H1S28S22U12051
MCD36HRFN1QRC8,2015-10-16 00:00:00,2015-06-22 00:00:00,3.81,D202232410214606160002
MD/AFBU09HRFN8QRD1,2024-08-19 00:00:00,2024-04-25 00:00:00,3.81,54VN385150141200170204
MD/AFBU12HRFN8QRD1,2025-02-07 00:00:00,2024-10-14 00:00:00,3.81,54VP420580345040820043
MHG55HWN1RB6,2015-10-02 00:00:00,2015-06-08 00:00:00,3.81,D202296210214C11160016
MUZ-EF25VE,2014-06-30 00:00:00,2014-03-06 00:00:00,3.81,L20E1D2S2003037T
MI/MOB02-18HFN1-QD0W,2017-10-04 00:00:00,2017-08-07 00:00:00,3.82,2413475890174300860169
PAC-IF051B-E,2015-11-27 00:00:00,2015-09-30 00:00:00,3.82,7H1FTC4G 4A00077
DX/NXACH101045EV1,2025-03-24 00:00:00,2024-11-27 00:00:00,3.84,CKR002B24032200010
M/MSABAU-09HRDN1-QC8,2015-08-07 00:00:00,2015-06-29 00:00:00,3.84,D210058920115326120077
M/MSABAU-09HRDN1-QC8,2015-08-07 00:00:00,2015-06-29 00:00:00,3.84,D210058920115326120084
M/MSABAU-09HRDN1-QC8,2015-08-07 00:00:00,2015-06-29 00:00:00,3.84,D210058920115326120093
M/MSABAU-09HRDN1-QC8,2015-08-07 00:00:00,2015-06-29 00:00:00,3.84,D210058920115326120095
MD/CSTB-24R32IVT-IN,2025-03-27 00:00:00,2024-11-30 00:00:00,3.84,54VN736160743130160014
MD/MI-28G/DHN1-M,2019-07-31 00:00:00,2019-04-05 00:00:00,3.84,C705902341718602400015
MD/MTI48HWFNXQRDA,2019-03-31 00:00:00,2018-12-04 00:00:00,3.84,3415844590585250160020
MDVD71G/N1Y-C,2015-09-28 00:00:00,2015-06-03 00:00:00,3.84,C703056531110207400001
MHB96HRN1,2013-04-09 00:00:00,2012-12-13 00:00:00,3.84,C703129070212828400004
MI/MCD-48HRFN1-QD0,2017-01-30 00:00:00,2016-10-05 00:00:00,3.84,2411797621266170160003
MI/MIH15GN18,2024-10-08 00:00:00,2024-06-13 00:00:00,3.84,541N983660144060100049
MI/MIH36GN18,2024-07-10 00:00:00,2024-03-15 00:00:00,3.84,541L126490139120100026
PKA-RP71KAL,2014-02-11 00:00:00,2013-10-17 00:00:00,3.84,L65T7LCS26M01625
PKA-RP71KAL,2014-02-11 00:00:00,2013-10-17 00:00:00,3.84,L65T7LCS26M01627
MD/MI-22Q4/DHN1-A3,2019-03-31 00:00:00,2018-12-03 00:00:00,3.88,C706242420487204000003
MD/MSAECU18HRFNXQRD0,2019-03-31 00:00:00,2018-12-03 00:00:00,3.88,3406655660389230150075
MDVD36Q4/N1-A3,2019-03-31 00:00:00,2018-12-03 00:00:00,3.88,C705103200318121400005
MI/HB-A100/CDS90GN8B,2023-12-27 00:00:00,2023-08-31 00:00:00,3.88,341G280210329040100095
MI/MCD1-55HRFNX-GA,2023-05-31 00:00:00,2023-02-02 00:00:00,3.88,541H36084042B270160016
MI/MHC-V12WD2RN7E30,2025-06-30 00:00:00,2025-03-04 00:00:00,3.88,541P086180344010100049
MI/MHC-V8W/D2N8-B,2023-08-31 00:00:00,2023-05-05 00:00:00,3.88,341H55086012C180100015
MI/MHC-V8WD2N7E30,2025-03-18 00:00:00,2024-11-20 00:00:00,3.88,541N100230142180100002
MI/MOD30U-42HFN8RGA,2023-07-31 00:00:00,2023-06-02 00:00:00,3.88,340D929840317240150008
MI/MSMAAU09HRDN1QD0,2017-11-20 00:00:00,2017-09-22 00:00:00,3.88,2413476010475070820066
MI/MSMADU24HRFN1QD0,2017-03-27 00:00:00,2016-11-29 00:00:00,3.88,2411698870765090120054
MI/X4BP-24N8D0-O,2024-05-20 00:00:00,2024-01-23 00:00:00,3.88,541F678530124270870157
MOU24HFN1QRC8,2016-08-04 00:00:00,2016-04-08 00:00:00,3.88,D202294390914C04160019
MS12FU09HRDN1QRD0GW,2016-10-18 00:00:00,2016-06-22 00:00:00,3.88,2401653710164290820016
M/MV5-X280W/V2GN1,2016-03-24 00:00:00,2015-11-26 00:00:00,3.91,C703209721915106400005
MD/MDV-036Q4/DN1,2024-02-12 00:00:00,2023-10-16 00:00:00,3.91,34VF735970628250100002
MI/MCA4U-12HRFNXGA,2024-11-19 00:00:00,2024-07-23 00:00:00,3.91,541P343960145060160120
MI/MCD-24HRFN1-QD0,2016-07-27 00:00:00,2016-03-30 00:00:00,3.91,D210233890415711160016
MI/MIH15GN18_N,2025-03-27 00:00:00,2024-11-28 00:00:00,3.91,541N539040142030100123
MI/MTI-24HWFNX-GA,2023-07-12 00:00:00,2023-03-15 00:00:00,3.91,541H36103012B230160023
MX/NXKA-V1500FA,2023-08-31 00:00:00,2023-05-04 00:00:00,3.91,340G161610627230100017
PKFY-P25VBM-E,2013-09-05 00:00:00,2013-05-09 00:00:00,3.91,L7H7B13S12A01135
M/MI-71Q4/DHN1-D,2017-06-20 00:00:00,2017-02-20 00:00:00,3.94,C702255351316902400004
M/MSMBBU-18HRFN1-QD0,2015-07-28 00:00:00,2015-03-30 00:00:00,3.94,D212312810315113120008
MI/AGBP-09NXD0-I,2023-12-29 00:00:00,2023-10-30 00:00:00,3.94,541F677890125070810519
MI/AHUKZ-03D,2024-12-05 00:00:00,2024-08-07 00:00:00,3.94,341H31206022C040100068
MI/HB-A160/CDS90GN8B,2023-05-31 00:00:00,2023-01-31 00:00:00,3.94,341G93451072A260100021
MI/MCA3-18HRFN1-QD0,2018-04-12 00:00:00,2017-12-13 00:00:00,3.94,2411657880365090160159
MI/MCA3U12HRFN1QD0,2017-06-28 00:00:00,2017-02-28 00:00:00,3.94,2411797620166160160094
MI/MOU-36FN8-RD0,2025-03-05 00:00:00,2024-11-05 00:00:00,3.94,341B522171309090150058
MI/MSMAAU09HRDN1QD0,2017-06-08 00:00:00,2017-02-08 00:00:00,3.94,2412228000168230120011
MI/MSMACU18HRFN1QD0,2016-08-05 00:00:00,2016-04-07 00:00:00,3.94,2411110290563140120018
MI/MSMBBU12HRFN1QRD0,2017-06-28 00:00:00,2017-02-28 00:00:00,3.94,2412148590368100120191
MI/MV6-I500WV2GN1-E,2023-12-27 00:00:00,2023-08-29 00:00:00,3.94,341H20316012B280100002
MI/MV8I-500WV2RN1E,2024-12-05 00:00:00,2024-08-07 00:00:00,3.94,541P231570444130100003
MSZ-SF50VE,2014-09-23 00:00:00,2014-07-25 00:00:00,3.94,L20E21JS3003763T
MX/NXHPM-V10W/D2N8_E,2024-12-04 00:00:00,2024-08-06 00:00:00,3.94,540N536780242220100010
PEFY-P50VMS1-E,2015-01-28 00:00:00,2014-09-30 00:00:00,3.94,L50T11TS35M01213
PKFY-P20VBM-E,2014-01-28 00:00:00,2013-09-30 00:00:00,3.94,L7H7H02S36A03546
MD/MCA3U12HRFN8QRDAW,2018-05-04 00:00:00,2018-04-04 00:00:00,3.96,3405102330382030160012
HX/NXCFA-350TV1,2025-06-25 00:00:00,2025-02-24 00:00:00,3.98,F2214401036
M/MDV-V120W/DN1,2017-02-22 00:00:00,2016-10-24 00:00:00,3.98,C703258980316106400004
M/MKA-750F,2019-03-31 00:00:00,2018-11-30 00:00:00,3.98,C703220341315411400018
M/MOTS-27HFN1QRD0,2018-03-29 00:00:00,2017-11-28 00:00:00,3.98,C703875230117602400008
MI/M4O-36FN8-QH,2024-01-31 00:00:00,2023-10-02 00:00:00,3.98,541K449120537100150015
MI/MCA3U-12HRFNX-GA,2023-05-31 00:00:00,2023-01-30 00:00:00,3.98,341F380330122220160007
MI/MHA-V6W/D2N8-B,2024-11-08 00:00:00,2024-07-10 00:00:00,3.98,541N081120142190100004
MI/MIH36GN18,2024-10-16 00:00:00,2024-06-17 00:00:00,3.98,541N539170142200100075
MOU36HN1R,2014-10-01 00:00:00,2014-06-02 00:00:00,3.98,D202131170313A29160023
MS11MU12HRFN1QR,2015-01-08 00:00:00,2014-09-09 00:00:00,3.98,D202079610513521120049
MSR2312HRDN1QC2OU,2013-09-20 00:00:00,2013-05-22 00:00:00,3.98,D201478900712829120074
G/MPET54C0AC,2025-01-30 00:00:00,2024-11-30 00:00:00,4,24700823
H1100SI,2018-03-19 00:00:00,2018-01-17 00:00:00,4,20150800040
MD/MCD48HRFNXQRDA,2019-07-31 00:00:00,2019-05-31 00:00:00,4,3405890570385250160003
SX/NX-HPDT-200-WCS,2023-04-30 00:00:00,2023-02-28 00:00:00,4,6300143520221102037
M/MDV-D36Q1/N1-D,2019-06-30 00:00:00,2019-02-28 00:00:00,4.01,341670787138A120100003
M/MI-71G/DHN1-M,2024-10-11 00:00:00,2024-06-11 00:00:00,4.01,C701442581716412400008
MD/M5OE42HFN8QA,2023-07-31 00:00:00,2023-03-31 00:00:00,4.01,540H571700231040150020
MI/HB-A100/CDS90GN8B,2023-07-31 00:00:00,2023-03-31 00:00:00,4.01,341H607650231020100021
MI/MI2-56Q4DN1,2023-07-31 00:00:00,2023-03-31 00:00:00,4.01,341F74311042B150100064
MI/MOBA03-09HFN1-QD0,2017-06-29 00:00:00,2017-02-27 00:00:00,4.01,2411698870265120130268
PKA-RP35HAL,2014-03-21 00:00:00,2013-11-19 00:00:00,4.01,L7G6A02S37A13897
SX/NX-HPDT-200-WCS,2023-06-30 00:00:00,2023-02-28 00:00:00,4.01,6300143520221102037
M/MI-28Q4/DHN1-A3,2017-08-01 00:00:00,2017-03-31 00:00:00,4.04,C702662710816C03400002
MD/MODA42HFN8RRDA,2023-04-30 00:00:00,2022-12-28 00:00:00,4.04,340C448321112030150005
MD/MOX13312HFN8QRD1N,2025-04-01 00:00:00,2024-11-29 00:00:00,4.04,54VQ449160249040170105
MI/CB1-12HRFN8-I,2024-09-27 00:00:00,2024-05-27 00:00:00,4.04,541J608190335130130210
MI/MIH56GN18,2025-01-31 00:00:00,2024-09-30 00:00:00,4.04,541L126720339080100047
MI/MOE30U-55HFN8RGA,2023-10-31 00:00:00,2023-06-30 00:00:00,4.04,340F336731123090150004
MI/MOU-18FN1-QD0,2019-03-31 00:00:00,2018-11-28 00:00:00,4.04,3415242940583010130161
MI/MSMBAU09HRFN1QRD0,2016-09-30 00:00:00,2016-05-30 00:00:00,4.04,2411224210163170120050
MOV150HN1R,2016-04-04 00:00:00,2015-12-03 00:00:00,4.04,C703201860514A17400003
MSABAU07HRFN1QRD0GWB,2016-11-04 00:00:00,2016-07-04 00:00:00,4.04,2401659970164280120101
MSR2312HRDN1QC2OU,2013-07-01 00:00:00,2013-02-28 00:00:00,4.04,D201478900712829120042
M/MOF-24HFN1-QD0,2016-05-25 00:00:00,2016-04-14 00:00:00,4.050000000000001,D210058920915317150043
M/HRV-500,2019-04-30 00:00:00,2018-12-27 00:00:00,4.07,C703218270415309400004
MI/MCA3-18HRFN1-QD0,2016-08-31 00:00:00,2016-04-29 00:00:00,4.07,2410884740461200160023
MI/MCA3-18HRFN1-QD0,2016-08-31 00:00:00,2016-04-29 00:00:00,4.07,2410884740461200160026
MI/MCA3-18HRFN1-QD0,2016-08-31 00:00:00,2016-04-29 00:00:00,4.07,2410884740461200160035
MI/MHA-V4W/D2N8-B,2024-01-31 00:00:00,2023-09-29 00:00:00,4.07,341F745770125240100069
MI/MIH22GN18,2025-01-14 00:00:00,2024-09-12 00:00:00,4.07,541N983620144150100035
MI/MIH22GN18,2025-01-14 00:00:00,2024-09-12 00:00:00,4.07,541N983620144150100036
MI/MIH22GN18,2025-01-14 00:00:00,2024-09-12 00:00:00,4.07,541N983620144150100076
G- LEW052CS,2014-07-31 00:00:00,2014-05-30 00:00:00,4.08,14700440
MI/MOBA03-12HFN1-QD0,2018-03-22 00:00:00,2018-01-19 00:00:00,4.08,2413476010775060850198
MCA318HRFN1QRD0,2017-11-29 00:00:00,2017-07-27 00:00:00,4.11,2411657880365090160038
MD/MTBU12HWFN1QRDAW,2018-02-06 00:00:00,2017-10-04 00:00:00,4.11,2402086930367190160008
MI/MUE-24HRFNX-GA,2023-12-27 00:00:00,2023-08-24 00:00:00,4.11,341D95291031A100160005
MI/MV8I-670WV2RN1E,2025-02-24 00:00:00,2024-10-22 00:00:00,4.11,541P294160144190100002
MX/NXRHP-25AWM-1A,2019-03-31 00:00:00,2018-11-26 00:00:00,4.11,2403611650774170810152
HX/NXERV-500V1_ST2,2024-06-21 00:00:00,2024-04-19 00:00:00,4.14,F231042507
M/MI-22G/DHN1-M,2019-07-31 00:00:00,2019-03-27 00:00:00,4.14,341669922138A130100093
M/MSABEU-24HRDN1-QC8,2015-08-14 00:00:00,2015-07-03 00:00:00,4.14,D212322500115119120088
M/MV5-X335W/V2GN1,2016-08-04 00:00:00,2016-03-31 00:00:00,4.14,C703258981116108400003
M/MV5-X615W/V2GN1,2016-07-26 00:00:00,2016-05-24 00:00:00,4.14,C703218311715306400001
MDVD36Q4/N1-A3,2016-07-06 00:00:00,2016-03-02 00:00:00,4.14,C703226360315511400042
MDVD71Q4/N1-E,2017-02-15 00:00:00,2016-10-12 00:00:00,4.14,C701902562216621400006
MI/AGBPW-12NXD0-IH,2024-11-20 00:00:00,2024-07-17 00:00:00,4.14,541K488620136090810015
MI/AGBPW-12NXD0-IH,2024-11-20 00:00:00,2024-07-17 00:00:00,4.14,541K488620136090810018
MI/AGBPW-12NXD0-IH,2024-11-20 00:00:00,2024-07-17 00:00:00,4.14,541K488620136090810024
MI/MCA3U12HRFN1QD0,2018-03-22 00:00:00,2017-11-16 00:00:00,4.14,2411238620163230160013
MI/MCD1-24HRFNX-GA,2023-06-30 00:00:00,2023-04-28 00:00:00,4.14,340F425710323240160016
MI/MCD1-55HRFNX-GA,2023-06-30 00:00:00,2023-04-28 00:00:00,4.14,541H36084042B270160011
MI/MOB03-12HFN1-QD0,2016-11-17 00:00:00,2016-07-14 00:00:00,4.14,2411653771265100150110
MOU60HFN1Q,2017-07-10 00:00:00,2017-03-06 00:00:00,4.14,D200238820715720160054
MS12F809HRDN1C8OU,2016-10-04 00:00:00,2016-05-31 00:00:00,4.14,D200073040215408130100
MX/NXHPM-V14W/D2RN8,2024-05-27 00:00:00,2024-01-22 00:00:00,4.14,541K814480238180100042
MX/NXHPM-V16W/D2RN8,2023-07-31 00:00:00,2023-03-27 00:00:00,4.14,341H31820032B180100008
M/MDV-V400W/DRN1,2017-10-18 00:00:00,2017-06-13 00:00:00,4.17,C702759730417107400001
M/MV5-X500W/V2GN1,2016-09-27 00:00:00,2016-05-23 00:00:00,4.17,C703247561415A19400001
MI/HB-A160/CDS90GN8B,2023-05-31 00:00:00,2023-01-24 00:00:00,4.17,341G93451072A260100021
MI/MCA3U12HRFN1QD0,2016-07-27 00:00:00,2016-03-22 00:00:00,4.17,2410884740161200160006
MI/X3F-18N8D0-O,2025-08-08 00:00:00,2025-04-03 00:00:00,4.17,541U0053202A1120120075
MOBA3007HFN1QRD0GW,2018-01-11 00:00:00,2017-09-06 00:00:00,4.17,D210244810215802130030
MOU51HN1RB6W,2015-09-30 00:00:00,2015-05-26 00:00:00,4.17,D202251770714730160013
M/MKA-950F,2017-03-22 00:00:00,2016-11-14 00:00:00,4.2,C702245761116902400003
MD/FR24HRFN8QRD0,2025-01-30 00:00:00,2024-09-24 00:00:00,4.2,54VP150570744230170021
MD/MCD48HRFNXQRDA,2019-07-31 00:00:00,2019-05-28 00:00:00,4.2,3405890570385250160003
MD/MOX33018HFN8QRD0N,2024-08-23 00:00:00,2024-04-17 00:00:00,4.2,54VK719790238150830028
MI/HBT-A100/240CDS9B,2024-02-29 00:00:00,2023-10-24 00:00:00,4.2,34VG265240329030300007
MI/MHC-V10W/D2N8-B2,2024-01-31 00:00:00,2023-09-25 00:00:00,4.2,341H55086012C180100042
MI/MUE-48HRFN1-QRD0,2017-06-07 00:00:00,2017-01-30 00:00:00,4.2,2412149270669100160008
MI/MUE-55HRFN1-QRD0,2018-05-29 00:00:00,2018-03-26 00:00:00,4.2,2412209200969100160010
MI-56Q4/DHN1-D,2018-04-27 00:00:00,2018-02-22 00:00:00,4.2,C703152112317219400008
M/MDV-D28Q1/N1-D,2018-04-23 00:00:00,2017-12-15 00:00:00,4.24,C703218281015301400007
M/MSABAU-09HRDN1-QC8,2019-03-31 00:00:00,2018-11-22 00:00:00,4.24,2401199670363180120044
MD/MCA318HRFN1QRDA,2018-03-22 00:00:00,2017-11-13 00:00:00,4.24,2403980810477230160007
MD/MOX33012HFN8QRE3,2025-05-29 00:00:00,2025-01-20 00:00:00,4.24,54VL743220441060170067
MOU36HN1R,2014-10-09 00:00:00,2014-06-02 00:00:00,4.24,D202131170313A29160023
MS12F824HRDN1C8,2015-11-26 00:00:00,2015-07-20 00:00:00,4.24,D200101740715426120054
MCD48HRFN1QRD0,2016-03-29 00:00:00,2015-11-20 00:00:00,4.27,D200226390415710160020
MD/MOU60HDN1R,2013-09-30 00:00:00,2013-05-23 00:00:00,4.27,D201495750512A30160002
MD/MOX13309HFN8QRD1N,2025-04-11 00:00:00,2024-12-02 00:00:00,4.27,54VN816610245030120287
MI/MA-12N8D0-O,2019-06-30 00:00:00,2019-02-20 00:00:00,4.27,3416412520288280830039
MI/MTI-36FNXD0,2019-03-31 00:00:00,2018-11-21 00:00:00,4.27,3415844590485270160014
MI/MTI-36FNXD0,2019-03-31 00:00:00,2018-11-21 00:00:00,4.27,3415844590485270160018
MX/NXHPS-V6W/D2N8,2025-03-18 00:00:00,2024-11-08 00:00:00,4.27,541L492890141080100047
PUHZ-P140VHA,2014-12-15 00:00:00,2014-08-07 00:00:00,4.27,7H1P611G 4D00616
MI/MI2-36GDN1,2019-05-31 00:00:00,2019-03-27 00:00:00,4.28,341690200058C010100051
MX/NXP-25CPO1-CA,2023-08-31 00:00:00,2023-06-27 00:00:00,4.28,340A1919101051502I0021
MD/AFBU12HRDNXQRD0,2023-07-31 00:00:00,2023-03-22 00:00:00,4.3,54V220000452C040820510
MD/M5OE42HFN8QAH,2025-03-10 00:00:00,2024-10-30 00:00:00,4.3,540K227550335240150007
MI/HB-A160/CDS90GN8B,2023-12-31 00:00:00,2023-08-22 00:00:00,4.3,341H31183042B270100039
MI/MHA-V12W/D2RN8-B,2023-12-31 00:00:00,2023-08-22 00:00:00,4.3,341H607730131100100056
MI/MI2-28Q4CDN1,2024-05-08 00:00:00,2023-12-29 00:00:00,4.3,341F74311012B120100025
MI/MOB03-12HFN1-Q_H,2018-02-12 00:00:00,2017-10-04 00:00:00,4.3,2413621200477050130060
M/MKA-950F,2017-03-22 00:00:00,2016-11-10 00:00:00,4.34,C702245761116902400003
M2OD18HFN1Q,2013-11-20 00:00:00,2013-07-11 00:00:00,4.34,D202044750513316160002
MHC24HWN1Q,2013-11-04 00:00:00,2013-06-25 00:00:00,4.34,D201473390112730160004
MI/MHC-V10W/D2N8-B2,2024-12-23 00:00:00,2024-08-13 00:00:00,4.34,541L85507013C160100029
MI/MOCA30U24HFN1ZQD0,2018-06-12 00:00:00,2018-01-31 00:00:00,4.34,2413105470172090150002
MI/MOE30U-55HFN1-RD0,2017-05-11 00:00:00,2016-12-30 00:00:00,4.34,2412234100269100160004
MI/MV6-I850WV2GN1-E,2023-06-06 00:00:00,2023-01-25 00:00:00,4.34,341B96722050C240100001
MS12F818HRFN1C8,2016-02-01 00:00:00,2015-11-27 00:00:00,4.34,D200073040515407120159
HRV200,2013-09-18 00:00:00,2013-05-08 00:00:00,4.37,C703095590111617400017
MCA218HRDN1Q,2013-06-27 00:00:00,2013-02-14 00:00:00,4.37,D201494370312A25160002
MD/MOU60HDN1R,2014-02-12 00:00:00,2013-10-02 00:00:00,4.37,D202041030913313160013
MD/UNVS-24R32INT-OU,2023-11-02 00:00:00,2023-06-22 00:00:00,4.37,340D961560617210120009
MI/AGF-09NXD1-I,2024-10-16 00:00:00,2024-06-05 00:00:00,4.37,541N436490141230170002
MI/MCD-24HRFN1-Z-QD0,2018-01-11 00:00:00,2017-08-31 00:00:00,4.37,2413105470472150160017
MI/MHA-V8W/D2N8-B,2024-01-31 00:00:00,2023-09-20 00:00:00,4.37,541J519160135110100008
MI/MOB03-12HFN1-QD0,2016-11-24 00:00:00,2016-07-14 00:00:00,4.37,2411653771265100150110
MI/MOBA03-12HFN1-QD0,2017-02-03 00:00:00,2016-09-23 00:00:00,4.37,2411698870465090150046
MI/MSMAAU09HRDN1QD0,2018-01-17 00:00:00,2017-09-06 00:00:00,4.37,2413475890474290810248
MI/MUE-48HRFN1-QRD0,2017-06-12 00:00:00,2017-01-30 00:00:00,4.37,2412149270669100160008
MOU51HN1RB6W,2015-12-01 00:00:00,2015-07-21 00:00:00,4.37,D202251770714730160062
MSR23U18HRDN1QROU,2013-10-24 00:00:00,2013-06-13 00:00:00,4.37,D202044470613322120159
MX/NXKT3-V300F,2025-06-04 00:00:00,2025-01-22 00:00:00,4.37,540H991590233200100013
PAC-IF011B-E,2013-09-23 00:00:00,2013-05-13 00:00:00,4.37,L7H2C13S24E00639
PKA-RP100KAL,2014-07-31 00:00:00,2014-03-20 00:00:00,4.37,L65T7LDS39M04144
SX/NX-HPDT-200-WCS,2024-05-10 00:00:00,2023-12-29 00:00:00,4.37,6300143520221102106
MCD45HRN1R,2016-02-11 00:00:00,2015-09-30 00:00:00,4.4,D202251770514729160010
MI/HBT-A100/190CD3B,2024-02-27 00:00:00,2023-10-16 00:00:00,4.4,340G172950128130300003
MI/MV6-280WV2GN1-E,2024-04-30 00:00:00,2023-12-18 00:00:00,4.4,341F921090125020100007
MONO (HRP200YHA),2014-03-17 00:00:00,2014-01-09 00:00:00,4.4,917HF100921075
PUHZ-ZRP100VKA,2014-12-16 00:00:00,2014-08-04 00:00:00,4.4,L77JM01S44U05297
PUHZ-ZRP60VHA,2015-04-17 00:00:00,2014-12-04 00:00:00,4.4,L77JK01S45U04029
MI/AGBP-12NXD0-I,2024-06-14 00:00:00,2024-01-31 00:00:00,4.43,541K46599013A060830016
MI/HBT-A100/190CD3B,2023-12-27 00:00:00,2023-08-14 00:00:00,4.43,34VG265250127220300005
M/MI-36Q4/DHN1-A3,2019-06-30 00:00:00,2019-04-23 00:00:00,4.46,C705243110518210400107
MCD24HRFN1QRC8,2016-06-27 00:00:00,2016-04-20 00:00:00,4.46,D200226390215710160028
M/MDVS-252W/DRN1,2016-12-23 00:00:00,2016-08-09 00:00:00,4.47,C701901662516607400002
M/MDV-V224W/DRN1,2019-03-31 00:00:00,2018-11-15 00:00:00,4.47,C705243272118225400012
M/MDV-V450W/DRN1,2018-05-14 00:00:00,2017-12-29 00:00:00,4.47,C703329251517307400003
M/MOB01-18HFN1-QD0W,2016-04-28 00:00:00,2015-12-14 00:00:00,4.47,D210058950615325130030
MD/M3OA27HFN8QA,2023-04-30 00:00:00,2022-12-15 00:00:00,4.47,340F334780422250150024
MDVD22G/N1-S,2019-03-31 00:00:00,2018-11-15 00:00:00,4.47,C703319880717309400025
MDVD22G/N1-S,2019-03-31 00:00:00,2018-11-15 00:00:00,4.47,C703319880717309400044
MI/MI2-56Q4DN1,2023-08-31 00:00:00,2023-04-17 00:00:00,4.47,341F74311042B150100083
MI/MI2-56Q4DN1,2023-08-31 00:00:00,2023-04-17 00:00:00,4.47,341F74311042B150100086
MI/MI2-56Q4DN1,2023-08-31 00:00:00,2023-04-17 00:00:00,4.47,341F74311042B150100146
MOU48HN1R,2014-07-14 00:00:00,2014-02-28 00:00:00,4.47,D202115340813913160018
MS12F812HRDN1C8OU,2016-01-14 00:00:00,2015-08-31 00:00:00,4.47,D200073040415411130723
MX/NXCO-OD50B-1A,2025-01-17 00:00:00,2024-09-03 00:00:00,4.47,540P420941446070120007
H1100SI,2018-03-19 00:00:00,2018-02-13 00:00:00,4.48,20150800041
MDVV450WDRN1,2023-05-31 00:00:00,2023-04-27 00:00:00,4.48,341H132720131110100007
MD/MCD36HRFNXQRDA,2019-03-31 00:00:00,2018-11-14 00:00:00,4.5,3416356161488170160005
MDVD22G/N1-S,2016-04-25 00:00:00,2015-12-10 00:00:00,4.5,C703226360915512400102
MI/HB-A160/CDS90GN8B,2025-01-31 00:00:00,2024-09-16 00:00:00,4.5,341H607620131020100015
MI/M2OE-18HFN8-Q,2023-07-31 00:00:00,2023-03-16 00:00:00,4.5,541F727740224150150026
MI/MCA4U-18HRFNXGA,2025-06-17 00:00:00,2025-01-31 00:00:00,4.5,541Q79157024C020160053
MI/MOE30U-48HFN1-RD0,2018-01-26 00:00:00,2017-09-11 00:00:00,4.5,2413597970577280160025
HX/NXERV-1300V1,2019-04-30 00:00:00,2018-12-13 00:00:00,4.53,F81070187
M/MDV-V260W/DRN1,2017-08-16 00:00:00,2017-03-31 00:00:00,4.53,C703014031117109400005
MD/MOX33009HFN8QRE3,2025-03-04 00:00:00,2024-10-17 00:00:00,4.53,54VL743220241070120027
MI/M4OE-28HFN8-QH,2025-01-15 00:00:00,2024-08-30 00:00:00,4.53,541N585030543250150013
MI/M5OE-42HFN8-QH,2025-04-16 00:00:00,2024-11-29 00:00:00,4.53,541P665931347010150006
MI/MCA4U-12HRFNXGA,2025-05-27 00:00:00,2025-01-09 00:00:00,4.53,541P343960145060160069
MI/MHA-V16W/D2RN8-B,2024-01-16 00:00:00,2023-08-31 00:00:00,4.53,341H36623032C290100031
MI/MOB02-18HFN1-QD0W,2017-01-10 00:00:00,2016-08-25 00:00:00,4.53,2411653771465110150088
MSR2312HRDN1QC2OU,2013-07-16 00:00:00,2013-02-28 00:00:00,4.53,D201478900712829120042
MSTCCU18HRFN1QR,2015-12-30 00:00:00,2015-08-14 00:00:00,4.53,D200073060515413120031
M/HRV-2000,2016-02-29 00:00:00,2015-12-22 00:00:00,4.54,C703209710115106400005
MD/MDVI3-71C4VR12E,2025-01-29 00:00:00,2024-11-21 00:00:00,4.54,54VL775400641170300001
M/MSMBDU-24HRFN1-QD0,2016-02-25 00:00:00,2015-10-09 00:00:00,4.57,D212312810115116120039
MHB192HRN2,2014-12-01 00:00:00,2014-07-15 00:00:00,4.57,C703083170111226400009
MI/MHC-V8W/D2N8-B,2024-02-29 00:00:00,2023-10-13 00:00:00,4.57,541H985650135130100034
MI/MOB02-18HFN1-QD0W,2017-04-20 00:00:00,2016-12-02 00:00:00,4.57,2411792200665310150191
MI/X4-24N8D0-OH,2023-07-31 00:00:00,2023-03-14 00:00:00,4.57,541H639640131080120037
MSR23U12HRDN1QROU,2014-05-07 00:00:00,2013-12-19 00:00:00,4.57,D202079120613515120070
M/MDV-V400W/DRN1,2017-10-31 00:00:00,2017-06-13 00:00:00,4.6,C702759730417107400001
MD/MOB30U12HFN1QRD0W,2017-11-27 00:00:00,2017-07-10 00:00:00,4.6,2411797620266160130016
MD/MV6-I900WV2GN1-E,2023-11-30 00:00:00,2023-09-21 00:00:00,4.6,541K480180336270100001
MDV280(10WD1RN1T,2015-06-19 00:00:00,2015-04-10 00:00:00,4.6,C703148162013427400001
MDVD22G/N1-S,2016-04-28 00:00:00,2015-12-10 00:00:00,4.6,C703226360915512400102
MI/AGF-12NXD1-I,2025-01-03 00:00:00,2024-08-16 00:00:00,4.6,541P344570346070130112
MI/HB-A160/CDS90GN8B,2024-02-27 00:00:00,2023-10-10 00:00:00,4.6,341G93460072B110100057
MI/MCA3-18HRFN1-QD0,2016-11-17 00:00:00,2016-06-30 00:00:00,4.6,2411201120363180160016
MI/X1BP-12N8D0-O,2024-02-29 00:00:00,2023-10-12 00:00:00,4.6,541J612950235030820129
MOF24HFN1QRD0GW,2016-08-29 00:00:00,2016-04-11 00:00:00,4.6,D210058920915317150057
MONO (HRP200YHA),2014-03-20 00:00:00,2014-01-09 00:00:00,4.6,917HF100921075
MS12F809HRDN1C8,2015-08-18 00:00:00,2015-03-31 00:00:00,4.6,D202263690214918120068
MTBU12HWFN1QRC8,2016-06-09 00:00:00,2016-01-21 00:00:00,4.6,D200226770115715160019
MX/NXHBT-A100/240CD9,2024-04-17 00:00:00,2023-11-29 00:00:00,4.6,34VG265250327230300004
MX/NXHPM-V14W/D2RN8,2024-02-12 00:00:00,2023-09-25 00:00:00,4.6,34VH34971022C040100002
PUHZ-ZRP100YKA,2014-08-07 00:00:00,2014-03-20 00:00:00,4.6,L77JM03S3XU00736
MD/AFDU24HRFN8QRD0,2024-09-10 00:00:00,2024-04-22 00:00:00,4.63,54VL74268053B180860054
MD/MSAEAU09HRFNXQRD0,2019-05-31 00:00:00,2019-01-10 00:00:00,4.63,3405834320185040120044
MI/MHA-V12W/D2RN8-B,2024-04-30 00:00:00,2023-12-11 00:00:00,4.63,341H560320131100100021
MI/MHA-V6W/D2N8-B,2023-11-30 00:00:00,2023-07-12 00:00:00,4.63,341F745640125240100061
MOU24HFN1QRC4,2014-04-03 00:00:00,2013-11-13 00:00:00,4.63,D202060140313418160026
MX/NXHPM-V10W/D2N8,2024-04-26 00:00:00,2023-12-07 00:00:00,4.63,341H11304022C020100016
M/MI-71Q4/DHN1-D,2017-01-11 00:00:00,2016-08-22 00:00:00,4.66,C703247680515A08400002
MI/HBT-A100/190CDS9B,2024-11-13 00:00:00,2024-06-24 00:00:00,4.66,541L446220141030300019
MI/MI2-28Q4DN1,2024-06-05 00:00:00,2024-03-26 00:00:00,4.66,341F74311032B140100045
MI/MOCA02-24HFN1-QD0,2017-11-09 00:00:00,2017-08-30 00:00:00,4.66,2411698870865130130021
MI/MSMBBU12HRFN1QRD0,2017-01-11 00:00:00,2016-08-22 00:00:00,4.66,2411653771165140120323
N/ACH203100E.BK,2018-01-26 00:00:00,2017-11-16 00:00:00,4.66,CKR006A16062700005
M/MI-56Q4/DHN1-D,2018-05-23 00:00:00,2017-12-31 00:00:00,4.7,C703152112317219400009
M/MKA-950F,2017-04-06 00:00:00,2016-11-14 00:00:00,4.7,C702245761116902400003
MD/MOEA55HFN8RRDA,2019-03-31 00:00:00,2018-11-08 00:00:00,4.7,3406355890688010160059
MI/MV8I-670WV2RN1E,2025-03-20 00:00:00,2024-10-28 00:00:00,4.7,541P294160144190100001
MD/MDVI3A-56WMVR12E,2025-03-21 00:00:00,2024-10-28 00:00:00,4.73,54VL36805013A190100018
MI/MCA3U-12HRFNX-GA,2024-01-16 00:00:00,2023-08-25 00:00:00,4.73,541K488860136120160038
MI/MHA-V4W/D2N8-B,2024-01-16 00:00:00,2023-08-25 00:00:00,4.73,341F745640125240100054
MD/MDVI3-71C4VR12E,2025-07-02 00:00:00,2025-05-15 00:00:00,4.74,54VS81782024C280100017
MI/MCA3U-12HRFNX-GA,2023-04-30 00:00:00,2023-02-17 00:00:00,4.74,54V2250000827180160084
MI/MCD-24HRFN1-QD0,2016-07-22 00:00:00,2016-05-11 00:00:00,4.74,D210233890415711160005
M/MDV-V180W/DRN1,2023-09-20 00:00:00,2023-04-28 00:00:00,4.76,341H13279022B210100007
MD/MCA3U18HRFN8QRCAW,2019-03-31 00:00:00,2018-11-06 00:00:00,4.76,3406412710988200160020
MD/MOX13312HFN8QRD1N,2024-12-16 00:00:00,2024-07-24 00:00:00,4.76,54VP150730445080120257
MDVD36G/N1-S,2016-10-26 00:00:00,2016-06-03 00:00:00,4.76,C703216980915209400036
MI/MA-09NXD0-XI,2024-01-16 00:00:00,2023-08-24 00:00:00,4.76,341C491290112180810345
MX/NXHPM-V10W/D2N8_E,2025-03-25 00:00:00,2024-10-31 00:00:00,4.76,540P079810143270100049
M/MDV-V260W/DRN1,2017-08-24 00:00:00,2017-03-31 00:00:00,4.8,C703014031117109400005
M/MV5-X335W/V2GN1,2016-08-24 00:00:00,2016-03-31 00:00:00,4.8,C703258981116108400003
MI/HB-A100/CDS90GN8B,2023-10-30 00:00:00,2023-06-06 00:00:00,4.8,341G27939022A110100085
MI/HBT-A100/190CDS9B,2023-08-31 00:00:00,2023-04-07 00:00:00,4.8,341G347310128250300011
MI/MHC-V22W/D2RN8,2023-08-31 00:00:00,2023-04-07 00:00:00,4.8,341F743970831290100003
MI/MTI-36HWFNX-GA,2023-08-31 00:00:00,2023-06-19 00:00:00,4.8,541H36103022B230160032
MSR23U12HRDN1QROU,2014-10-20 00:00:00,2014-05-27 00:00:00,4.8,D202079120613515120129
G-SAIWC052F01,2014-07-04 00:00:00,2014-02-07 00:00:00,4.83,00035037
M/MKA-950F,2017-04-06 00:00:00,2016-11-10 00:00:00,4.83,C702245761116902400003
MCA212HRFN1QRC8,2014-11-06 00:00:00,2014-06-12 00:00:00,4.83,D202061580113522160014
MCD24HRFN1QRD0,2016-12-30 00:00:00,2016-08-05 00:00:00,4.83,2411201120663190160006
MI/HB-A100/CDS90GN8B,2024-01-02 00:00:00,2023-08-08 00:00:00,4.83,341H58326052C270100003
MI/MCD-24FNXD0,2019-07-31 00:00:00,2019-06-12 00:00:00,4.83,3417734310493300160016
MI/MHC-V10W/D2N8-B2,2023-12-27 00:00:00,2023-08-02 00:00:00,4.83,541H985650135130100002
MI/MHC-V8W/D2N8-B,2023-09-29 00:00:00,2023-05-05 00:00:00,4.83,341H55086012C180100015
MI/MOX330U-18HFN8QGA,2025-06-24 00:00:00,2025-01-28 00:00:00,4.83,541Q79157164C030170017
MI/MVI-260WV2RN1A,2023-10-20 00:00:00,2023-05-26 00:00:00,4.83,341F74282032A110100006
MS12F824HRDN1C8,2015-12-14 00:00:00,2015-07-20 00:00:00,4.83,D200101740715426120054
M4OA36HFN1Q,2014-11-04 00:00:00,2014-06-09 00:00:00,4.86,D202130400313A26160019
MD/MODA36HFN1RRDA,2018-04-12 00:00:00,2017-11-15 00:00:00,4.86,2402977590371060160001
MI/AHUKZ-02DM,2023-11-30 00:00:00,2023-07-05 00:00:00,4.86,341H31206012C040100072
MI/MB-18N8D0-O,2019-03-31 00:00:00,2019-01-16 00:00:00,4.86,3416437330488280840029
MI/MHC-V10WD2N7E30,2025-08-13 00:00:00,2025-03-18 00:00:00,4.86,541L856180142170100016
MOU51HN1RB6W,2015-11-04 00:00:00,2015-06-09 00:00:00,4.86,D202251770714730160055
MX/NX3OA-27HFN8-QHP,2024-11-28 00:00:00,2024-07-03 00:00:00,4.86,540G168390426040150029
MXZ-6C122VA,2015-01-27 00:00:00,2014-09-01 00:00:00,4.86,L7H9N32S44U00275
MCA212HRFN1QRC8,2014-08-28 00:00:00,2014-04-01 00:00:00,4.89,D202061580113522160021
MD/M4OB36HFN8QA,2023-05-31 00:00:00,2023-01-02 00:00:00,4.89,340F405980223030150016
MI/HB-A60/CD30GN8B,2023-12-27 00:00:00,2023-07-31 00:00:00,4.89,341F745640525230100029
MI/MIH22T2N18,2024-09-13 00:00:00,2024-04-17 00:00:00,4.89,541N377810141240100010
MI/MIH22T2N18,2024-09-13 00:00:00,2024-04-17 00:00:00,4.89,541N377810141240100013
MI/MIH22T2N18,2024-09-13 00:00:00,2024-04-17 00:00:00,4.89,541N377810141240100019
MI/MIH28T2N18,2024-09-13 00:00:00,2024-04-17 00:00:00,4.89,541N377810241240100011
MI/MIH28T2N18,2024-09-13 00:00:00,2024-04-17 00:00:00,4.89,541N377810241240100045
MI/MIH28T2N18,2024-09-13 00:00:00,2024-04-17 00:00:00,4.89,541N377810241240100054
MI/MIH28T2N18,2024-09-13 00:00:00,2024-04-17 00:00:00,4.89,541N377810241240100066
MI/MIH28T2N18,2024-09-13 00:00:00,2024-04-17 00:00:00,4.89,541N377810241240100067
MI/MOB03-12HFN1-QD0,2017-05-04 00:00:00,2016-12-06 00:00:00,4.89,2411653771265100150053
MI/MOD30U-36HFN8RGA,2025-01-24 00:00:00,2024-08-28 00:00:00,4.89,541N692061344010150027
M/M4OD-28HFN1-Q,2015-10-26 00:00:00,2015-08-12 00:00:00,4.92,D212309890215105160002
MD/MCD24HRFNXQRDA,2019-03-31 00:00:00,2019-01-15 00:00:00,4.92,3406089901087100160010
MI/MIH71Q4N18,2024-07-12 00:00:00,2024-05-23 00:00:00,4.92,541N377520241260300003
MI/HB-A160/CDS90GN8B,2025-02-27 00:00:00,2024-09-30 00:00:00,4.93,341H607650131020100007
MI/M3OA-27HFN8-Q,2023-06-30 00:00:00,2023-01-31 00:00:00,4.93,541G018280224290150032
MI/MOE30U-48HFN1-RD0,2018-02-08 00:00:00,2017-09-11 00:00:00,4.93,2413597970577280160025
M/MOFU-24HFN1-QD0,2016-04-11 00:00:00,2015-11-12 00:00:00,4.96,D210233680315716150030
MD/MDV-280T1/DN1,2023-04-30 00:00:00,2022-11-30 00:00:00,4.96,34VF735970928250100013
MDVV400WDRN1,2018-04-30 00:00:00,2017-11-30 00:00:00,4.96,C703635201317505400007
MUE18HRFN1QRC8,2016-11-18 00:00:00,2016-06-20 00:00:00,4.96,D202294390514B28160010
M/MI-36Q4/DHN1-D,2018-05-22 00:00:00,2017-12-21 00:00:00,4.99,C703247680215A08400004
M/MI-56G/DHN1-M,2018-02-28 00:00:00,2017-09-29 00:00:00,4.99,C704053430317712400014
M/MOB30U-18HFN1-QRD0,2018-02-28 00:00:00,2017-09-29 00:00:00,4.99,2413972770277260130028
M/MSABAU-09HRDN1-QC8,2016-08-29 00:00:00,2016-03-30 00:00:00,4.99,2410878180662190120052
MD/MDV-045Q4C/DN1,2023-05-31 00:00:00,2022-12-30 00:00:00,4.99,34VE372810921050100006
MI/AGBPW-12NXD0-IH,2025-06-25 00:00:00,2025-01-24 00:00:00,4.99,541Q672141049240170253
MI/MHA-V16W/D2RN8-B,2024-11-19 00:00:00,2024-06-20 00:00:00,4.99,341H49979032C100100010
MI/MHC-V10W/D2N8-B2,2023-12-27 00:00:00,2023-07-28 00:00:00,4.99,341H31820022B180100008
MI/MHC-V4WD2N7E30,2025-05-14 00:00:00,2024-12-13 00:00:00,4.99,541P086180243290100018
M2OE18HFN1Q,2016-07-07 00:00:00,2016-04-22 00:00:00,5,2400865890161250160018
MDV400(14WD1RN1C,2014-09-02 00:00:00,2014-06-18 00:00:00,5,C703130550712919400005
MSTCCU18HRFN1QR,2015-10-29 00:00:00,2015-08-14 00:00:00,5,D200073060515413120031
MD/AFBU12HRDNXQRD0,2024-02-12 00:00:00,2023-09-12 00:00:00,5.03,54VK731970337110130039
MD/MDVI3-71C4VR12E,2024-09-23 00:00:00,2024-04-23 00:00:00,5.03,54VL775400641170300020
MI/AG-12NXD1-IH,2023-11-30 00:00:00,2023-06-30 00:00:00,5.03,541H640610131030130036
MI/AGBP-09NXD0-I,2023-08-31 00:00:00,2023-03-31 00:00:00,5.03,341F401970523250810075
MI/AHUKZ-02D,2019-03-31 00:00:00,2018-10-29 00:00:00,5.03,C703230462315610400009
MI/HB-A160/CDS90GN8B,2024-02-13 00:00:00,2023-09-13 00:00:00,5.03,341H56022012C200100006
MI/MCA4U-18HRFNXGA,2025-07-03 00:00:00,2025-01-31 00:00:00,5.03,541Q79157024C020160053
MI/MCD1-48HRFNX-GA,2023-11-30 00:00:00,2023-06-30 00:00:00,5.03,541H53166042C150160029
MI/MHA-V6W/D2N8-B,2024-01-31 00:00:00,2023-08-31 00:00:00,5.03,341F745640125240100069
MI/MHC-V12W/D2RN8-B,2024-01-31 00:00:00,2023-08-31 00:00:00,5.03,541H985650235130100043
MI/MHC-V12W/D2RN8-B,2024-01-31 00:00:00,2023-08-31 00:00:00,5.03,541H985650235140100001
MI/MHC-V12WD2RN7E30,2025-05-21 00:00:00,2024-12-19 00:00:00,5.03,541L963760541020100050
MI/X1BPW-12N8D0-OH,2024-11-13 00:00:00,2024-06-13 00:00:00,5.03,541H704500232030830675
MSZ-GC25VA,2015-08-20 00:00:00,2015-03-20 00:00:00,5.03,L20E80HS2001108T
MX/NXCO-OD35B-1A,2024-12-16 00:00:00,2024-07-16 00:00:00,5.03,540N347240442290120250
MX/NXM-25APO1-A,2019-07-31 00:00:00,2019-02-28 00:00:00,5.03,2403321710173230200055
G-EF10CSX,2014-12-29 00:00:00,2014-07-28 00:00:00,5.06,14029963
H/TADR0251_02,2017-07-06 00:00:00,2017-04-20 00:00:00,5.06,HF1702070572
H/TADR0251_02,2017-07-06 00:00:00,2017-04-20 00:00:00,5.06,HF1702070573
M/MI-71Q4/DHN1-D,2017-03-14 00:00:00,2016-10-11 00:00:00,5.06,C701902562216621400006
MCA318HRFN1QRD0,2018-06-04 00:00:00,2018-03-19 00:00:00,5.06,2411797620366160160056
MD/MOU60HDN1R,2014-05-12 00:00:00,2013-12-09 00:00:00,5.06,D202079140213524160005
MI/HB-A160/CDS90GN8B,2024-02-13 00:00:00,2023-09-12 00:00:00,5.06,341H56022012C200100044
MI/MHC-V22W/D2RN8,2023-08-02 00:00:00,2023-05-17 00:00:00,5.06,341G117980132250100002
MI/MSMAAU09HRDN1QD0,2017-07-12 00:00:00,2017-02-08 00:00:00,5.06,2412228000168230120011
MI/X1BP-12N8D0-O,2023-08-31 00:00:00,2023-03-30 00:00:00,5.06,541F678410225090811121
MX/NXHPM-V14W/D2RN8,2025-01-16 00:00:00,2024-10-31 00:00:00,5.06,540P079930143280100036
MX/NXM-35APO1-A,2017-08-17 00:00:00,2017-03-16 00:00:00,5.06,2401925030266140200008
MXZ-6C122VA,2015-02-02 00:00:00,2014-09-01 00:00:00,5.06,L7H9N32S44U00275
M/MSABDU-18HRDN1-QC8,2016-09-29 00:00:00,2016-04-27 00:00:00,5.09,D210234490515720120001
MD/M4OB36HFN8QAH,2023-11-02 00:00:00,2023-05-31 00:00:00,5.09,540H878030232110150008
MI/MCD1-24HRFNX-GA,2025-07-16 00:00:00,2025-02-11 00:00:00,5.09,541Q79157034C030160018
MI/MHA-V14W/D2RN8-B,2023-05-31 00:00:00,2022-12-27 00:00:00,5.09,341G347010228280100018
MI/MHC-V10WD2N7E30,2025-01-15 00:00:00,2024-08-13 00:00:00,5.09,541P086180143300100020
MI/MI2-400T1DN1,2023-06-30 00:00:00,2023-01-26 00:00:00,5.09,34VF735971028250100005
MI/X1BPW-12N8D0-OH,2023-11-30 00:00:00,2023-06-28 00:00:00,5.09,541H704500232030830141
MX/NXHPM-V8W/D2N8,2024-02-27 00:00:00,2023-09-25 00:00:00,5.09,34VH53735042C180100024
MX/NXHPM-V8W/D2N8_E,2024-11-13 00:00:00,2024-06-11 00:00:00,5.09,540N500700142040100003
MI/CB1-12HRFN8-I,2024-08-09 00:00:00,2024-03-06 00:00:00,5.12,541J608190335130130027
MI/HBT-A100/240CDS9B,2024-03-28 00:00:00,2023-10-24 00:00:00,5.12,34VG265240329030300007
MI/MA-12N8D0-O,2019-07-26 00:00:00,2019-02-20 00:00:00,5.12,3416412520288280830039
MI/MCD-36FNXD0,2019-06-30 00:00:00,2019-01-25 00:00:00,5.12,341682877018A260160015
MI/MHC-V22W/D2RN8,2023-08-02 00:00:00,2023-05-16 00:00:00,5.12,341G117980132250100002
MI/MTI-55FNXD0,2019-03-31 00:00:00,2018-10-26 00:00:00,5.12,3415890690686190160007
MX/NXRM-ID35XWM-1C,2023-06-30 00:00:00,2023-01-25 00:00:00,5.12,540G064910325030830269
T-T1000ER.NT.12KW,2016-03-01 00:00:00,2015-12-14 00:00:00,5.12,182395001
M/MDV-V400W/DRN1,2017-08-04 00:00:00,2017-02-28 00:00:00,5.16,C702255370916903400012
MI/AGBP-12NXD0-I,2023-09-29 00:00:00,2023-04-25 00:00:00,5.16,541F678410125100871317
MI/M4O-36FN8-QH,2025-02-27 00:00:00,2024-09-23 00:00:00,5.16,541P349421145090150006
MI/MSMBBU12HRFN8QRD6,2019-03-31 00:00:00,2018-10-25 00:00:00,5.16,2414150800178080120069
MX/NXHPM-V10W/D2N8,2024-04-15 00:00:00,2023-11-10 00:00:00,5.16,540K441350138190100031
MX/NXHPM-V10W/D2N8_E,2024-10-25 00:00:00,2024-05-21 00:00:00,5.16,540N536690142210100008
M/AHUKZ-01N1,2024-10-11 00:00:00,2024-05-06 00:00:00,5.19,C706154151687024000027
MD/MCD18HRFN1QRDA,2017-03-27 00:00:00,2016-10-20 00:00:00,5.19,2411797620466170160076
MI/AG-12NXD1-IH,2024-09-09 00:00:00,2024-04-04 00:00:00,5.19,541L51143013A200130037
MI/M4O-36FN8-QH,2024-04-16 00:00:00,2023-11-10 00:00:00,5.19,541K449120537100150007
MI/MHC-V30W/D2RN8,2023-10-30 00:00:00,2023-05-25 00:00:00,5.19,341F743970931180100003
MI/X1BPW-12N8D0-OH,2024-11-18 00:00:00,2024-06-13 00:00:00,5.19,541H704500232030830675
MOJU36HFN1RRC8,2017-08-01 00:00:00,2017-02-24 00:00:00,5.19,240071890065C210160010
MX/NXHPM-V12W/D2RN8,2023-09-29 00:00:00,2023-04-24 00:00:00,5.19,340H537270231020100047
PEA-RP200GAQ,2014-01-03 00:00:00,2013-07-29 00:00:00,5.19,L50T00YS2YM01023
PKA-RP100KAL,2015-05-19 00:00:00,2014-12-12 00:00:00,5.19,L65T7LDS43M01843
HX/NXERV-250V1_ST2,2025-06-18 00:00:00,2025-03-31 00:00:00,5.2,F211023014
M/MOB30U-18HFN1-QRD0,2016-09-30 00:00:00,2016-08-08 00:00:00,5.22,2411201120563160150040
M/MSABBU-12HRDN1-QC8,2016-08-10 00:00:00,2016-03-04 00:00:00,5.22,D210234490315717120010
MD/MCA318HRFN1QRDA,2019-03-31 00:00:00,2018-10-23 00:00:00,5.22,3406344820987290160005
MI/MHC-V8W/D2N8-B2,2023-05-31 00:00:00,2022-12-23 00:00:00,5.22,341G84735012A050100012
MI/MI2-71Q4DN1,2024-01-31 00:00:00,2023-08-25 00:00:00,5.22,341F74311042B150100101
MI/MOX230-12HFN8QGA,2024-01-31 00:00:00,2023-08-25 00:00:00,5.22,341D95378061A150120022
MI/MTI-24FNXD0,2019-03-31 00:00:00,2018-10-23 00:00:00,5.22,3415643180684210160020
MUE-55HRFN1-QRD0,2017-08-16 00:00:00,2017-03-10 00:00:00,5.22,D200309360115909160010
M/MDV-V450W/DRN1,2019-03-31 00:00:00,2018-10-22 00:00:00,5.26,C705243270618203400003
M/MI-28G/DHN1-S,2016-09-07 00:00:00,2016-03-31 00:00:00,5.26,C703260440416124400043
M/MI-80Q4/DHN1-D,2017-06-05 00:00:00,2016-12-27 00:00:00,5.26,C703247680415A08400035
M/MSABAU-07HRFN1-QD0,2016-08-23 00:00:00,2016-03-16 00:00:00,5.26,2410878180562190120086
MI/AGBP-12NXD0-I,2024-04-30 00:00:00,2023-11-22 00:00:00,5.26,541J612950135050810274
MI/AGBP-12NXD0-IH,2023-10-31 00:00:00,2023-05-24 00:00:00,5.26,541F678410125100871054
MI/MSMBAU09HRFN1QRD0,2017-03-22 00:00:00,2016-10-13 00:00:00,5.26,2411785860165280120291
MI/MTI-36FNXD0,2019-03-31 00:00:00,2018-10-22 00:00:00,5.26,3415844590485270160020
MI/X1BP-12N8D0-O,2023-10-31 00:00:00,2023-05-24 00:00:00,5.26,541H852310333110810529
MX/NXHPM-V8W/D2N8,2023-12-27 00:00:00,2023-07-20 00:00:00,5.26,340H37787032C040100063
MD/AFBU09HRDN8QRD0,2025-01-22 00:00:00,2024-08-14 00:00:00,5.29,54VP290210145060130066
MD/AFCU18HRFN8QRD0,2025-01-17 00:00:00,2024-08-09 00:00:00,5.29,54VP420580545030810108
MI/AGF-09NXD1-I,2024-11-13 00:00:00,2024-06-05 00:00:00,5.29,541N436490141230170002
MI/CB1-09HRFN8-I,2025-01-17 00:00:00,2024-08-09 00:00:00,5.29,541Q017500147010130057
MI/CB1-12HRFN8-I,2024-09-27 00:00:00,2024-04-19 00:00:00,5.29,541N249170341130130094
MI/HB-A160/CDS90GN8B,2023-08-31 00:00:00,2023-03-23 00:00:00,5.29,341H10751072B260100056
MI/MI2-22GDN1,2023-04-18 00:00:00,2022-11-08 00:00:00,5.29,341F806470128150100114
MI/MOU-48FN8-RD0,2023-10-31 00:00:00,2023-05-23 00:00:00,5.29,341D533230617020150033
MHB76HRN1,2013-07-09 00:00:00,2013-05-16 00:00:00,5.3100000000000005,C703115580112321400005
M4OA36HFN1Q,2016-03-23 00:00:00,2015-10-13 00:00:00,5.32,D212309890315106160008
MD/MOX13312HFN8QRD1N,2024-09-20 00:00:00,2024-04-11 00:00:00,5.32,54VN385220241270170242
MI/AGBP-12NXD0-I,2023-08-31 00:00:00,2023-03-22 00:00:00,5.32,541F678410125100870328
MI/MUE-36HRFN1-QRD0,2015-12-09 00:00:00,2015-06-30 00:00:00,5.32,D212322300315119160005
MSR124HRN1QB8OU,2013-09-26 00:00:00,2013-04-17 00:00:00,5.32,D201497140512A30130001
MUB24HRN1Q,2014-11-04 00:00:00,2014-05-26 00:00:00,5.32,D202090140213616160075
MX/NXHPM-V10W/D2N8,2024-06-14 00:00:00,2024-01-04 00:00:00,5.32,541H777870433170100015
MX/NXKD-V400,2019-07-31 00:00:00,2019-02-19 00:00:00,5.32,340712451028C130100021
PUHZ-ZRP60VHA,2015-02-17 00:00:00,2014-09-08 00:00:00,5.32,L77JK01S35U01666
M/MSABAU-09HRDN1-QC8,2016-09-09 00:00:00,2016-03-30 00:00:00,5.35,2410878180662190120052
MDV280(10WD1RN1C,2015-04-10 00:00:00,2014-10-29 00:00:00,5.35,C703137681413107400003
MI/MH-SU65M-RN8L,2025-05-28 00:00:00,2024-12-16 00:00:00,5.35,541N848900244060100003
MI/MOBA03-09HFN1-QD0,2016-09-15 00:00:00,2016-04-05 00:00:00,5.35,2411110290263140130176
M/MOEU-55HFN1-R,2015-10-14 00:00:00,2015-07-24 00:00:00,5.38,D212309891015107160010
M/MOZ-09HFN1-QD0,2015-11-02 00:00:00,2015-08-12 00:00:00,5.38,D210058920315327130024
MDV335(12)W/DRN1(D),2017-01-11 00:00:00,2016-10-21 00:00:00,5.38,C701005700116226400007
MD/MOU60HDN1R,2017-03-13 00:00:00,2016-09-30 00:00:00,5.39,2400865790861230160012
MI/MB-24N8D0-I,2019-03-31 00:00:00,2018-10-18 00:00:00,5.39,3415543550584080870038
MOE30U55HFN1RRD0,2017-08-18 00:00:00,2017-03-07 00:00:00,5.39,240269061036B080160040
MX/NXKT3-V400F,2024-08-31 00:00:00,2024-03-20 00:00:00,5.39,3407992720394250100006
MD/AHPS-V8W/D2N8,2024-02-12 00:00:00,2023-08-31 00:00:00,5.42,34VG265630227230100098
MI/MCA4U-12HRFNXGA,2025-05-27 00:00:00,2024-12-13 00:00:00,5.42,541P343960145060160069
MI/MHA-V10W/D2N8-B,2023-06-30 00:00:00,2023-01-16 00:00:00,5.42,34VG265630227230100032
MX/NXHPM-V14W/D2RN8,2024-05-20 00:00:00,2023-12-07 00:00:00,5.42,341H31822012C080100035
MXZ-8B140VA,2013-06-24 00:00:00,2013-01-10 00:00:00,5.42,L7H9M76S26U02325
MI/X3BPW-18N8D0-OH,2023-11-30 00:00:00,2023-10-06 00:00:00,5.43,541K488620436140860065
MUZ-SF25VE,2014-10-14 00:00:00,2014-08-20 00:00:00,5.43,L20E2C0S2006081T
M/AHUKZ-03B,2019-03-31 00:00:00,2018-10-16 00:00:00,5.45,3416327611688020100025
M/MDV-D18Q1/N1-D,2017-09-04 00:00:00,2017-03-22 00:00:00,5.45,C703218281915301400038
MI/AGBP-09NXD0-I,2023-10-31 00:00:00,2023-05-18 00:00:00,5.45,541F677890125070810914
MI/HBT-A100/190CD3B,2024-05-08 00:00:00,2023-11-24 00:00:00,5.45,34VG265240129030300012
MI/HBT-A100/190CDS9B,2024-02-12 00:00:00,2023-08-30 00:00:00,5.45,341G92697012B080300003
MI/HBT-A160/240CDS9B,2023-04-30 00:00:00,2022-11-15 00:00:00,5.45,341G347310228250300012
MI/MTI-48FNXD0,2019-03-31 00:00:00,2018-10-16 00:00:00,5.45,3415844590585250160008
MI/MUE-48HRFN1-QRD0,2017-06-14 00:00:00,2016-12-30 00:00:00,5.45,2412234061169100160010
MOFU24HFN1QRC8,2019-04-30 00:00:00,2018-11-15 00:00:00,5.45,D200238820315728150003
MS12F812HRDN1C8OU,2016-01-26 00:00:00,2015-08-13 00:00:00,5.45,D200101740415503130121
MSZ-HJ35VA,2015-02-10 00:00:00,2014-08-28 00:00:00,5.45,L20E30WS4020392T
MX/NXKA-V600FA,2024-02-12 00:00:00,2023-08-30 00:00:00,5.45,540K480500937010100065
MX/NXKA-V750FA,2024-02-12 00:00:00,2023-08-30 00:00:00,5.45,540K480501037010100054
MXZ-8B160VA,2014-04-07 00:00:00,2013-10-23 00:00:00,5.45,L7H9M79S34U00556
PUHZ-P140VHA,2014-03-18 00:00:00,2013-10-03 00:00:00,5.45,7H1P610G 2F00995
MI/MCD1-55HRFNX-GA,2024-07-09 00:00:00,2024-04-17 00:00:00,5.46,541L43432123A210160022
MI/MV8M-180WV2RN8,2023-11-30 00:00:00,2023-09-08 00:00:00,5.46,255440136060100019
HX/NXERV-1000V1,2019-06-30 00:00:00,2019-01-14 00:00:00,5.49,F81070178
MD/MOU60HDN1R,2013-09-11 00:00:00,2013-03-28 00:00:00,5.49,D201495750512A30160018
MD/UNVS-36R32INTSOUH,2024-02-12 00:00:00,2023-08-29 00:00:00,5.49,340D962090919040150007
MDVD112Q4/N1-E,2017-05-29 00:00:00,2016-12-13 00:00:00,5.49,C703254670215C02400019
MI/CB1-12HRFN8-I,2024-10-03 00:00:00,2024-04-19 00:00:00,5.49,541N249170341130130094
MI/M3OE-27HFN1-Q,2016-09-14 00:00:00,2016-03-31 00:00:00,5.49,2410878280561280160028
MI/M5OE-42HFN8-QH,2025-04-16 00:00:00,2024-10-31 00:00:00,5.49,541P665931347010150006
MI/MHA-V8W/D2N8-B,2023-11-30 00:00:00,2023-06-16 00:00:00,5.49,341H56022032C250100069
MLZ-KA35VA,2014-03-13 00:00:00,2013-09-27 00:00:00,5.49,L5F3G15S203070
MOU24HDN1Q,2015-08-10 00:00:00,2015-02-24 00:00:00,5.49,D20213300813722160004
MSR23U09HRDN1QROU,2013-12-16 00:00:00,2013-07-02 00:00:00,5.49,D202044470513322120070
MX/NXHPM-V22W/D2RN8,2024-01-31 00:00:00,2023-08-17 00:00:00,5.49,341G288020132250100009
M/MI-28G/DHN1-S,2016-09-15 00:00:00,2016-03-31 00:00:00,5.52,C703260440416124400043
MCD24HRFN1QRD0,2017-01-20 00:00:00,2016-08-05 00:00:00,5.52,2411201120663190160006
MD/MCD36HRFN1QRDA,2017-04-20 00:00:00,2016-11-03 00:00:00,5.52,2401942430666240160017
MD/MCD36HRFN1QRDA,2018-02-20 00:00:00,2017-11-28 00:00:00,5.52,2403801981378200160011
MI/M4O-36FN8-QH,2023-12-27 00:00:00,2023-10-04 00:00:00,5.52,541K449120537100150018
MI/M4O-36FN8-QH,2025-07-14 00:00:00,2025-01-27 00:00:00,5.52,541Q79283064B120150033
MI/MHC-V8W/D2N8-B2,2023-10-30 00:00:00,2023-05-15 00:00:00,5.52,341G84745012B050100053
MI/X1BP-12N8D0-O,2024-05-08 00:00:00,2023-11-22 00:00:00,5.52,541J556040234280820402
MOU51HN1RB6W,2015-01-12 00:00:00,2014-07-28 00:00:00,5.52,D202201950614414160024
MS12F812HRDN1C8,2016-03-10 00:00:00,2015-12-17 00:00:00,5.52,D200073040315409120384
MD/FR12HRFN8QRD1,2025-06-24 00:00:00,2025-04-29 00:00:00,5.5200000000000005,54VU2289203A2070810873
HX/NXERV-1300V1,2019-05-31 00:00:00,2018-12-13 00:00:00,5.55,F81070187
MD/MDV-022Q4C/DN1,2024-01-16 00:00:00,2023-07-31 00:00:00,5.55,54VK331470135280100006
MI/HB-A60/CD30GN8B,2024-01-16 00:00:00,2023-07-31 00:00:00,5.55,341F745640525230100029
MI/MHC-V10W/D2N8-B2,2024-01-16 00:00:00,2023-07-31 00:00:00,5.55,541H985650135130100003
MI/MIH28T2N18,2024-10-03 00:00:00,2024-04-17 00:00:00,5.55,541N377810241240100002
MI/MIH28T2N18,2024-10-03 00:00:00,2024-04-17 00:00:00,5.55,541N377810241240100003
MI/MIH28T2N18,2024-10-03 00:00:00,2024-04-17 00:00:00,5.55,541N377810241240100048
MI/MIH28T2N18,2024-10-03 00:00:00,2024-04-17 00:00:00,5.55,541N377810241240100069
MI/MIH36T2N18,2024-10-03 00:00:00,2024-04-17 00:00:00,5.55,541N377810341240100006
MI/MIH36T2N18,2024-10-03 00:00:00,2024-04-17 00:00:00,5.55,541N377810341240100024
MI/MOU-36FN8-RD0,2019-07-31 00:00:00,2019-02-12 00:00:00,5.55,341692901028B130160033
MI/X3BPW-18N8D0-OH,2024-04-17 00:00:00,2023-10-31 00:00:00,5.55,541K488620436140860004
MD/MCD24HRFNXQRDA,2019-03-31 00:00:00,2018-10-12 00:00:00,5.58,3406344821087290160015
MD/MOU48HDN1R,2015-07-29 00:00:00,2015-02-09 00:00:00,5.58,D202263650514912160026
MD/MOX13312HFN8QRD0N,2025-07-24 00:00:00,2025-04-30 00:00:00,5.58,540J548440334240810354
MD/MOX33012HFN8QRE3,2024-11-06 00:00:00,2024-05-20 00:00:00,5.58,54VL743220441060170019
MI/CB1-18HFNX-O,2024-05-10 00:00:00,2023-11-22 00:00:00,5.58,541K487830236140860085
MI/MBT-12N8D6-O,2019-03-31 00:00:00,2018-10-12 00:00:00,5.58,3416371760488040840179
PLA-RP140BA,2014-10-22 00:00:00,2014-05-05 00:00:00,5.58,7G7G001G 3J01408
MCD18HRFN1QRD0,2017-09-28 00:00:00,2017-08-02 00:00:00,5.61,2410884740361200160010
MHD60HRDN1R,2013-03-26 00:00:00,2013-01-28 00:00:00,5.61,D201462410112619160046
M/MKA-950F,2017-05-04 00:00:00,2016-11-14 00:00:00,5.62,C702245761116902400003
MD/AFBU09HRFN8QRD1,2024-12-16 00:00:00,2024-06-28 00:00:00,5.62,54VN385150141200170072
MD/M3OE27HFN1Q,2017-07-28 00:00:00,2017-02-07 00:00:00,5.62,2400865890361260160023
MD/MSAEAU09HRFNXQRD0,2019-06-30 00:00:00,2019-01-10 00:00:00,5.62,3405834320185040120046
MD/MSAEAU09HRFNXQRD0,2019-06-30 00:00:00,2019-01-10 00:00:00,5.62,3405834320185040120067
MD/MSAEAU09HRFNXQRD0,2019-06-30 00:00:00,2019-01-10 00:00:00,5.62,3405834320185040120083
MI/MOU-36FN8-RD0,2025-04-25 00:00:00,2024-11-05 00:00:00,5.62,341B522171309090150058
MI/MOX330U-18HFN8QGA,2024-03-28 00:00:00,2023-10-09 00:00:00,5.62,341D95483071B060120035
HX/NXERV-350V1_ST2,2024-11-26 00:00:00,2024-06-07 00:00:00,5.65,F231031040
M/MDV-D140Q4/N1-E,2016-09-19 00:00:00,2016-03-31 00:00:00,5.65,C703212750715110400001
M/MI-22G/DHN1-S,2016-05-02 00:00:00,2015-11-12 00:00:00,5.65,C703247530815A09400184
MD/AHBT-A100/190CD3,2024-03-18 00:00:00,2023-09-28 00:00:00,5.65,34VG265250127220300020
MI/MSMBAU09HRFN1QRD0,2017-04-03 00:00:00,2016-10-13 00:00:00,5.65,2411785860165280120291
MOU60HFN1Q,2017-05-08 00:00:00,2016-11-17 00:00:00,5.65,D200238820715720160035
MX/NXHPM-V10W/D2N8,2024-04-30 00:00:00,2023-11-10 00:00:00,5.65,540K441350138190100031
M/MI-71Q4/DHN1-D,2019-07-31 00:00:00,2019-02-08 00:00:00,5.68,341670781098A120100015
MCD18HRFN1QRD0,2018-01-22 00:00:00,2017-08-02 00:00:00,5.68,2410884740361200160010
MI/M4O-36FN8-QH,2023-12-27 00:00:00,2023-07-07 00:00:00,5.68,541J609560235050150029
MI/MB-09N8D6-I,2019-03-31 00:00:00,2018-10-09 00:00:00,5.68,3416345230187280820197
MI/MTI-48HWFNX-GA,2024-05-27 00:00:00,2023-12-06 00:00:00,5.68,340D961861319080160015
MX/NXHPM-V10W/D2N8,2024-04-16 00:00:00,2023-10-26 00:00:00,5.68,541H985650135130100073
M/MDV-V224W/DRN1,2019-03-31 00:00:00,2018-10-08 00:00:00,5.72,C705243272118225400010
MD/MOX43124HFN8QRD0N,2025-01-21 00:00:00,2024-07-31 00:00:00,5.72,54VL74268063B180870001
MI/AGF-12NXD1-I,2025-01-16 00:00:00,2024-07-26 00:00:00,5.72,541N429300141230130296
MOU24HDN1Q,2015-08-17 00:00:00,2015-02-24 00:00:00,5.72,D20213300813722160004
MSR2324HRDN1QC2OU,2013-10-16 00:00:00,2013-04-25 00:00:00,5.72,D201477110212822130029
MX/NXHPM-V10W/D2N8,2024-03-28 00:00:00,2023-10-06 00:00:00,5.72,34VH34446042B240100021
MX/NXHPM-V14W/D2RN8,2024-03-28 00:00:00,2023-10-06 00:00:00,5.72,34VH34971022C040100028
MX/NXHPM-V8W/D2N8,2024-10-15 00:00:00,2024-04-24 00:00:00,5.72,540L840680141300100090
HX/NXCFA-250TV1,2023-09-29 00:00:00,2023-04-07 00:00:00,5.75,F2214314739
HX/NXERV-400ACV1,2023-09-29 00:00:00,2023-04-07 00:00:00,5.75,F211031553
M/MKA-950F,2017-05-04 00:00:00,2016-11-10 00:00:00,5.75,C702245761116902400003
M/MOEU-48HFN1-QRD0,2016-06-15 00:00:00,2015-12-23 00:00:00,5.75,D210233680715717160032
MD/AFBU09HRFN8QRD1,2025-03-07 00:00:00,2024-09-13 00:00:00,5.75,54VP420580145040840233
MD/AHPS-V6W/D2N8,2024-03-18 00:00:00,2023-09-25 00:00:00,5.75,34VG265700129080100013
MI/AHUKZ-03DM,2024-06-04 00:00:00,2023-12-12 00:00:00,5.75,341H31206022C040100093
MI/MCD1-48HRFNX-GA,2024-11-28 00:00:00,2024-06-06 00:00:00,5.75,541N736830343290160084
MI/MVI-200WV2RN1A,2023-09-29 00:00:00,2023-04-07 00:00:00,5.75,341F74242012A220100014
MOJU36HFN1RRC8,2017-08-18 00:00:00,2017-02-24 00:00:00,5.75,240071890065C210160010
MOU36HFN1RRC8,2016-03-17 00:00:00,2015-09-24 00:00:00,5.75,D202263650614912160005
M/MDV-V160W/DRN1,2024-06-11 00:00:00,2023-12-18 00:00:00,5.78,340F882290828030100010
M/MKA-750F,2017-08-04 00:00:00,2017-05-08 00:00:00,5.78,C702523992016B04400005
MI/MCA3U12HRFN1QD0,2016-11-16 00:00:00,2016-05-24 00:00:00,5.78,2410884740161200160002
MI/MHC-V10WD2N7E30,2025-04-11 00:00:00,2024-10-17 00:00:00,5.78,541L856180142170100042
MI/MV8I-500WV2RN1E,2024-11-26 00:00:00,2024-08-30 00:00:00,5.78,541P231570444130100003
MI/X3-18N8D0-O,2025-01-23 00:00:00,2024-07-31 00:00:00,5.78,541N249720841130170057
MOYU-36HFN1-RRD0,2019-03-31 00:00:00,2019-01-02 00:00:00,5.78,D210233680615717160025
PAC-AH500M-J,2014-05-08 00:00:00,2013-11-13 00:00:00,5.78,7GGAH400000521Z
PAC-AH500M-J,2014-05-08 00:00:00,2013-11-13 00:00:00,5.78,7GGAH4000006370
PKFY-P20VBM-E,2013-11-06 00:00:00,2013-05-14 00:00:00,5.78,L7H7A02S2XA01953
M/MI-28Q4/DHN1-A3,2019-06-30 00:00:00,2019-01-04 00:00:00,5.81,341669922108A150100002
M/MOCA30U-24HFN1-QD0,2016-12-21 00:00:00,2016-06-27 00:00:00,5.81,2411334750763250150015
M/MOEU-48HFN1-QRD0,2016-06-17 00:00:00,2015-12-23 00:00:00,5.81,D210233680715717160032
MCD18HRFN1QRD0,2019-03-31 00:00:00,2018-10-05 00:00:00,5.81,2413654290576010160040
MI/MUE-48HRFN1-QRD0,2017-07-26 00:00:00,2017-01-30 00:00:00,5.81,2412149270669100160008
MOU18HDN1Q,2013-09-18 00:00:00,2013-03-25 00:00:00,5.81,D201494320512A24160007
MSZ-SF20VA,2014-05-28 00:00:00,2013-12-02 00:00:00,5.81,L20E32DS3013232T
MI/MBT-12N8D6-OH,2019-06-30 00:00:00,2019-04-02 00:00:00,5.84,341692893028B090840127
MI/MCD1-55HRFNX-GA,2024-07-10 00:00:00,2024-04-12 00:00:00,5.84,541L43432123A210160016
MI/MHC-V6W/D2N8-B2,2024-12-09 00:00:00,2024-09-11 00:00:00,5.84,541L840770142040100025
MI/MOBA03-12HFN1-QD0,2016-08-29 00:00:00,2016-06-01 00:00:00,5.84,2411323790464080130011
MSR23U18HRDN1QROU,2013-09-25 00:00:00,2013-06-28 00:00:00,5.84,D202044470613322120074
MI/MIH22Q4CN18,2024-10-31 00:00:00,2024-05-06 00:00:00,5.85,541N377420241240100064
MI/MUE-48HRFNX-GA,2023-04-30 00:00:00,2022-11-03 00:00:00,5.85,341F380820822240160004
MD/MCD36HRFN1QRDA,2018-05-28 00:00:00,2017-11-30 00:00:00,5.88,2403801981378200160016
M/MOEU-48HFN1-QRD0,2016-06-20 00:00:00,2015-12-23 00:00:00,5.91,D210233680715717160032
MD/AHPS-V8W/D2N8,2024-02-27 00:00:00,2023-08-31 00:00:00,5.91,34VG265630227230100098
MI/MHA-V4W/D2N8-B,2024-11-20 00:00:00,2024-05-24 00:00:00,5.91,541L492890141080100025
MI/MI2-28Q4CDN1,2023-12-27 00:00:00,2023-06-30 00:00:00,5.91,341F74321012A200100026
MI/MOBA03-09HFN1-QD0,2016-11-30 00:00:00,2016-06-03 00:00:00,5.91,2411323790264080130229
MI/MOD30U-36HFN1-QD0,2017-06-29 00:00:00,2016-12-31 00:00:00,5.91,2411797621166140160011
MI/MOU-36FN8-RD0,2024-04-10 00:00:00,2023-10-13 00:00:00,5.91,341D668370417240150043
MI/MV8M-160WV2RN8,2025-01-27 00:00:00,2024-07-31 00:00:00,5.91,541N983730145080100004
M/MI-45Q4/DHN1-D,2019-07-31 00:00:00,2019-01-31 00:00:00,5.95,C703219680415326400020
M50A36HRDN1Q,2014-05-27 00:00:00,2013-11-27 00:00:00,5.95,D201447770612522160001
MI/HB-A100/CDS90GN8B,2023-04-30 00:00:00,2022-10-31 00:00:00,5.95,341G280210329040100002
MI/HB-A100/CDS90GN8B,2023-04-30 00:00:00,2022-10-31 00:00:00,5.95,341G280210329040100058
MI/HBT-A100/190CDS9B,2024-02-27 00:00:00,2023-08-30 00:00:00,5.95,341G347310128250300065
MI/M4OE-28HFN8-QH,2025-02-27 00:00:00,2024-08-30 00:00:00,5.95,541N585030543250150013
MI/MI2-200T1DN1,2023-06-30 00:00:00,2022-12-31 00:00:00,5.95,341E785360221210100002
MI/MOE30U-48HFN1-QD0,2017-07-18 00:00:00,2017-01-18 00:00:00,5.95,2412149270768080160004
MI/MV-252WD2RN1T_D,2024-06-25 00:00:00,2023-12-27 00:00:00,5.95,34V670806138A080100001
MSZ-GC25VA,2015-09-17 00:00:00,2015-03-20 00:00:00,5.95,L20E80HS2001108T
M/MOB30U-18HFN1-QRD0,2017-05-10 00:00:00,2016-11-09 00:00:00,5.98,2411657880565160160232
MD/MOCA24HFN1QRDA,2017-02-10 00:00:00,2016-08-12 00:00:00,5.98,2411657880765180160043
MI/AG-18NXD0-I,2023-09-29 00:00:00,2023-03-31 00:00:00,5.98,341D682330317120860150
MI/AGBP-12NXD0-I,2023-08-31 00:00:00,2023-03-02 00:00:00,5.98,541F678720124240870048
MI/M3OA-27HFN8-Q,2023-09-29 00:00:00,2023-03-31 00:00:00,5.98,340F425710123200150044
MI/M4O-36FN8-QH,2025-04-17 00:00:00,2025-01-16 00:00:00,5.98,541Q79283064B120150060
MI/MCA3U12HRFN1QD0,2016-08-23 00:00:00,2016-02-23 00:00:00,5.98,D210233890115713160010
MI/MHA-V10W/D2N8-B,2023-09-29 00:00:00,2023-03-31 00:00:00,5.98,341H10751022B230100014
MI/MI2-17Q4CDN1,2024-02-12 00:00:00,2023-08-14 00:00:00,5.98,341F922710126090100032
MI/MIH22GN18,2025-01-16 00:00:00,2024-07-18 00:00:00,5.98,541N983540144050100011
MI/MOE30U-48HFN8RGA,2023-08-01 00:00:00,2023-01-31 00:00:00,5.98,340F286920122190150040
MI/MSMAAU09HRDN1QD0,2017-01-10 00:00:00,2016-07-12 00:00:00,5.98,2411698870165110120269
MI/MUE-48HRFN1-QRD0,2017-07-31 00:00:00,2017-01-30 00:00:00,5.98,2412149270669100160008
MI/X1BPW-12N8D0-OH,2023-12-27 00:00:00,2023-06-28 00:00:00,5.98,541H704500232030830141
MX/NXCO-OD25B-1A,2025-01-24 00:00:00,2024-07-26 00:00:00,5.98,540P420811045030120108
MX/NXRM-OD25B-1DH,2025-04-11 00:00:00,2024-10-11 00:00:00,5.98,540P420940246050120081
PUHY-P250YJM-A,2013-12-10 00:00:00,2013-06-11 00:00:00,5.98,7GFYB822W07765
PUHZ-P140VHA,2015-05-04 00:00:00,2014-11-03 00:00:00,5.98,7H1P610G 2F01098
H/PEC3N-213,2016-12-30 00:00:00,2016-06-30 00:00:00,6.01,HF1511061110
M/MOZU-18HFN1-QC8,2016-04-12 00:00:00,2015-10-12 00:00:00,6.01,D200238820215728150023
MD/MOX43124HFN8QRD0N,2025-01-30 00:00:00,2024-07-31 00:00:00,6.01,54VL74268063B180870001
MDV400(14WD1RN1C,2015-08-19 00:00:00,2015-02-17 00:00:00,6.01,C703167452013B27400003
MI/MHA-V8W/D2N8-B,2023-11-30 00:00:00,2023-05-31 00:00:00,6.01,341H56022032C250100055
MI/MHC-V12WD2RN7E30,2024-12-11 00:00:00,2024-06-11 00:00:00,6.01,541L963760541020100029
MI/MHC-V8W/D2N8-B2,2023-12-27 00:00:00,2023-06-27 00:00:00,6.01,341G84745012B050100034
MI/MOU-48FN8-RD0,2023-05-30 00:00:00,2022-11-28 00:00:00,6.01,341D533230617020150090
MS12F824HRDN1C8OU,2016-06-08 00:00:00,2015-12-08 00:00:00,6.01,D200073040815407150090
HX/NXWRV-150V2S1,2023-04-27 00:00:00,2023-01-25 00:00:00,6.04,HB2022522006
MI/MCA3U-18HRFNX-GA,2023-08-31 00:00:00,2023-02-28 00:00:00,6.04,341F380330222220160033
MI/MOB0112HFN8QRD6GW,2019-03-31 00:00:00,2018-09-28 00:00:00,6.04,2414150800478170130161
MI/MOD30U-36HFN1-QD0,2017-07-03 00:00:00,2016-12-31 00:00:00,6.04,2411797621166140160011
MI/MOX330U-18HFN8QGA,2023-08-31 00:00:00,2023-02-28 00:00:00,6.04,341D95378071A150120019
MI/MOX330U-18HFN8QGA,2023-08-31 00:00:00,2023-02-28 00:00:00,6.04,541H36103042B240120067
MI/X3BPW-18N8D0-OH,2025-02-19 00:00:00,2024-08-19 00:00:00,6.04,541P344571046060120030
MX/NXKD-V400F,2019-03-31 00:00:00,2018-09-28 00:00:00,6.04,C706141390687054000003
PUHZ-SHW140YHA,2015-04-02 00:00:00,2014-12-31 00:00:00,6.04,7H1SH03G 4L00028
MKD300,2015-06-26 00:00:00,2014-12-23 00:00:00,6.08,C703206400614B10400001
MOD30U36HFN1RRD0,2019-03-31 00:00:00,2018-09-27 00:00:00,6.08,2400865790261250160022
MX/NXHPM-V14W/D2RN8,2024-03-28 00:00:00,2023-09-25 00:00:00,6.08,34VH34971022C040100002
PUHZ-P140VHA,2015-05-07 00:00:00,2014-11-03 00:00:00,6.08,7H1P610G 0C00743
M/MV5-X335W/V2GN1,2016-10-03 00:00:00,2016-03-31 00:00:00,6.11,C703258981116108400003
MD/AHPM-V12W/D2RN8,2023-04-30 00:00:00,2022-10-26 00:00:00,6.11,34VG261690328080100029
MI/MHC-V8WD2N7E30,2025-03-04 00:00:00,2024-08-30 00:00:00,6.11,541L963760341010100037
MXZ-8B160YA,2013-05-28 00:00:00,2012-11-23 00:00:00,6.11,L7H9M81S27U00701
M/MDV-V180W/DRN1,2019-03-31 00:00:00,2018-09-25 00:00:00,6.14,C706154150887054000003
M/MOYU-36HFN1-RD0,2017-02-28 00:00:00,2016-08-25 00:00:00,6.14,D210059140515325160028
MD/AFCU18HRFN8QRD0,2023-04-30 00:00:00,2022-10-25 00:00:00,6.14,54V2200004028190810061
MI/HB-A60/CD30GN8B,2024-03-18 00:00:00,2023-09-13 00:00:00,6.14,341F745640525230100093
MX/NXKD-V400F,2019-03-31 00:00:00,2018-09-25 00:00:00,6.14,C706141390687054000005
SX/NX-HPDT-250-WCS,2024-12-17 00:00:00,2024-06-13 00:00:00,6.14,6300143620220924042
M/MI-56T2/DHN1-DA5,2017-06-19 00:00:00,2016-12-13 00:00:00,6.18,C703247540915A08400009
M/MOFU-24HFN1-QD0,2016-10-05 00:00:00,2016-03-31 00:00:00,6.18,D210233680315716150003
M/MOFU-24HFN1-QD0,2016-10-05 00:00:00,2016-03-31 00:00:00,6.18,D210233680315716150019
M/MOFU-24HFN1-QD0,2016-10-05 00:00:00,2016-03-31 00:00:00,6.18,D212322290215112150029
M/MOYU-36HFN1-QRD0,2016-10-05 00:00:00,2016-03-31 00:00:00,6.18,D210059140815325160014
M/MOYU-36HFN1-QRD0,2016-10-05 00:00:00,2016-03-31 00:00:00,6.18,D210059140815325160019
MD/FR12HRFN8QRD1,2025-06-05 00:00:00,2024-11-29 00:00:00,6.18,54VP452430345240820643
MI/AGBP-09NXD0-I,2024-08-14 00:00:00,2024-02-08 00:00:00,6.18,541L73107143C070170032
MI/AGBPW-18NXD0-IH,2024-07-15 00:00:00,2024-01-09 00:00:00,6.18,541H704500331280850019
MI/MCA3U-18FNXD0,2023-11-30 00:00:00,2023-05-26 00:00:00,6.18,341E44919021A060160020
MI/MIH15GN18,2025-04-23 00:00:00,2024-10-17 00:00:00,6.18,541P557720645220100038
MI/MOUU-18FN8-QD0,2023-11-30 00:00:00,2023-05-26 00:00:00,6.18,341D228511015030120019
MI/MTI-24HWFNX-GA,2024-06-04 00:00:00,2023-11-29 00:00:00,6.18,541K973350838250160002
MS12F818HRFN1C8OU,2016-02-18 00:00:00,2015-08-14 00:00:00,6.18,D200101740615507150088
MX/NXHPM-V10W/D2N8,2024-10-21 00:00:00,2024-04-16 00:00:00,6.18,541L85507013C160100041
MD/MOU48HDN1R,2014-09-26 00:00:00,2014-07-25 00:00:00,6.209999999999999,D202184530914314160004
M/MDV-V160W/DN1(B),2017-06-20 00:00:00,2016-12-13 00:00:00,6.21,C701747860416505400003
M/MI-22Q4/DHN1-A3,2016-12-29 00:00:00,2016-06-23 00:00:00,6.21,C703247681315A09400048
M/MOZ1-18HFN1-QD0,2015-11-23 00:00:00,2015-05-18 00:00:00,6.21,D212322500615117150015
MD/MOB30U12HFN1QRD0W,2017-06-22 00:00:00,2016-12-15 00:00:00,6.21,2411334750263290130027
MD/MOX43124HFN8QRD0N,2025-02-05 00:00:00,2024-07-31 00:00:00,6.21,54VL74268063B180870001
MI/M5OE-42HFN8-Q,2023-08-31 00:00:00,2023-02-23 00:00:00,6.21,341F559020223280150008
MI/MV-252WD2RN1T_D,2024-07-03 00:00:00,2023-12-27 00:00:00,6.21,34V670806138A080100001
MI/MVI-335WV2RN1(B),2024-05-20 00:00:00,2023-11-13 00:00:00,6.21,541K977470139040300008
MUE36HRFN1QRC8A,2017-12-18 00:00:00,2017-06-12 00:00:00,6.21,D202294390114B28160002
PUHZ-RP250YKA,2014-04-08 00:00:00,2013-10-01 00:00:00,6.21,L7H1S28S23U12260
HX/NXCFA-350TV1,2025-06-25 00:00:00,2024-12-17 00:00:00,6.24,F2214401036
M/MI-45T2/DHN1-DA5,2019-04-30 00:00:00,2018-10-22 00:00:00,6.24,C702255291116909400009
M/MOTS-27HFN1QRD0,2016-12-28 00:00:00,2016-06-21 00:00:00,6.24,C703258980516106400002
MD/AFBU09HRDN8QRD0,2024-01-16 00:00:00,2023-07-10 00:00:00,6.24,540J548440134280820297
MD/MCD36HRFN1QRDA,2017-05-12 00:00:00,2016-11-03 00:00:00,6.24,2401942430666240160017
MI/HB-A160/CDS90GN8B,2023-09-29 00:00:00,2023-03-23 00:00:00,6.24,341H10751072B250100024
MI/MHA-V6W/D2N8-B,2024-03-28 00:00:00,2023-09-20 00:00:00,6.24,341F745770125240100068
MI/MOCA02-24HFN1-QD0,2016-12-15 00:00:00,2016-06-08 00:00:00,6.24,2411323790864080150055
MI/MSMBBU12HRFN1QRD0,2017-03-02 00:00:00,2016-08-24 00:00:00,6.24,2411785860365270120176
MSR23U18HRDN1QR,2013-12-20 00:00:00,2013-06-13 00:00:00,6.24,D202044680213316130026
PUHZ-RP250YKA,2014-04-08 00:00:00,2013-09-30 00:00:00,6.24,L7H1S28S23U12260
MD/MDVI3A-56WMVR12E,2025-05-07 00:00:00,2024-10-28 00:00:00,6.27,54VL775370141250100066
MHG60HWFN1Q,2017-06-14 00:00:00,2016-12-05 00:00:00,6.27,D200226770615714160012
MI/HB-A160/CDS90GN8B,2023-06-30 00:00:00,2022-12-21 00:00:00,6.27,341G27939042A110100050
MI/HB-A60/CD30GN8B,2024-11-06 00:00:00,2024-04-29 00:00:00,6.27,541N081300141230100025
MI/MOD30U-36HFN1-QD0,2017-07-10 00:00:00,2016-12-31 00:00:00,6.27,2411797621166140160011
MX/NXHB-A100/CD9,2024-11-22 00:00:00,2024-05-15 00:00:00,6.27,340H37787022C040100090
MI/MSFAAU-12HRFN8-I,2023-04-30 00:00:00,2022-10-20 00:00:00,6.31,341F374840323150260066
M/MOEU-48HFN1-R,2017-06-06 00:00:00,2016-11-25 00:00:00,6.34,D210059140615406160019
M/MOYU-36HFN1-RD0,2017-03-06 00:00:00,2016-08-25 00:00:00,6.34,D210059140515325160028
MD/MCD36HRFN1QRDA,2017-05-15 00:00:00,2016-11-03 00:00:00,6.34,2401942430666240160017
MDVD28Q4/N1-A3,2013-06-17 00:00:00,2012-12-06 00:00:00,6.34,C703102640211917400019
MI/AGBP-09NXD0-I,2023-12-29 00:00:00,2023-06-19 00:00:00,6.34,541F677890125070810089
MI/MBT-12N8D6-O,2019-06-30 00:00:00,2018-12-19 00:00:00,6.34,341680161068A210840124
MI/MI2-36GDN1,2023-06-30 00:00:00,2022-12-19 00:00:00,6.34,341F915980329070100139
MI/MV6-I335WV2GN1-E,2024-01-16 00:00:00,2023-07-07 00:00:00,6.34,341H20287012B270100012
MOU18HDN1Q,2014-05-27 00:00:00,2013-11-15 00:00:00,6.34,D202103300313720160004
M/MI-45T2/DHN1-DA5,2017-04-10 00:00:00,2016-09-28 00:00:00,6.37,C703230461215612400003
M/MOD30U-30HFN1-QRD0,2018-04-11 00:00:00,2017-09-29 00:00:00,6.37,2413621320677120160013
MD/MDVO-VI560V2R1B,2025-05-19 00:00:00,2024-11-06 00:00:00,6.37,54VL792250341160300004
MI/MCA4U-18HRFNXGA,2025-08-13 00:00:00,2025-01-31 00:00:00,6.37,541Q79157024C020160053
MI/MTI-42HWFN1-QRD0,2019-03-31 00:00:00,2018-09-18 00:00:00,6.37,2412921940671040160005
MI/MTI-42HWFN1-QRD0,2019-03-31 00:00:00,2018-09-18 00:00:00,6.37,2412921940671040160006
MI/MTI-42HWFN1-QRD0,2019-03-31 00:00:00,2018-09-18 00:00:00,6.37,2412921940671040160008
MI/MTI-42HWFN1-QRD0,2019-03-31 00:00:00,2018-09-18 00:00:00,6.37,2412921940671040160009
MI/MTI-42HWFN1-QRD0,2019-03-31 00:00:00,2018-09-18 00:00:00,6.37,2412921940671040160010
MUE-55HRFN1-QRD0,2017-09-20 00:00:00,2017-03-10 00:00:00,6.37,D200309360115909160010
MDVD22G/N1-S,2017-01-26 00:00:00,2016-10-21 00:00:00,6.38,C702245680216825400047
M/MI-28Q4/DHN1-A3,2018-04-05 00:00:00,2017-09-22 00:00:00,6.41,C703875170717620400008
M/MV5-X335W/V2GN1,2016-06-15 00:00:00,2015-12-03 00:00:00,6.41,C703218311115312400013
MI/MA-09NXD0-XI,2024-01-31 00:00:00,2023-07-20 00:00:00,6.41,341C491290112180810359
MI/MOBA03-09HFN1-QD0,2016-10-19 00:00:00,2016-04-07 00:00:00,6.41,2411110290263140130216
MI/MUE-36HRFN1-QRD0,2016-01-11 00:00:00,2015-06-30 00:00:00,6.41,D212322300315119160005
MI/X2-12N8D6-O,2024-07-10 00:00:00,2023-12-28 00:00:00,6.41,541L25653013A090120028
M/MDV-D36Q1/N1-D,2017-10-04 00:00:00,2017-03-22 00:00:00,6.44,C703218280915301400012
M/MV5-X615W/V2GN1,2018-06-11 00:00:00,2017-11-27 00:00:00,6.44,C702759731317103400002
MD/MOB30U12HFN1QRD0W,2017-06-29 00:00:00,2016-12-15 00:00:00,6.44,2411334750263290130027
MD/MOX33018HFN8QRD0,2023-05-31 00:00:00,2022-11-16 00:00:00,6.44,340D577700617250830077
MI/HBT-A100/190CD3B,2024-06-07 00:00:00,2023-11-24 00:00:00,6.44,34VG265250127220300004
MI/HBT-A100/240CDS9B,2024-05-09 00:00:00,2023-10-26 00:00:00,6.44,340G172950228130300008
MI/MCA3U-18HRFNX-GA,2024-05-24 00:00:00,2023-11-10 00:00:00,6.44,541K973350238240160037
MI/MCA3U-18HRFNX-GA,2024-05-24 00:00:00,2023-11-10 00:00:00,6.44,541K973350238240160038
MI/MCD-24HRFN1-Z-QD0,2018-03-21 00:00:00,2017-09-06 00:00:00,6.44,2413244870473050160014
MOU45HN1RB6W,2016-04-13 00:00:00,2015-09-30 00:00:00,6.44,D202251770614730160013
MX/NXHPM-V8W/D2N8_E,2025-02-18 00:00:00,2024-08-06 00:00:00,6.44,540N536780242220100055
PKFY-P20VBM-E,2013-11-26 00:00:00,2013-05-14 00:00:00,6.44,L7H7A02S2XA01953
M/MI-140Q4/DHN1-D,2019-04-30 00:00:00,2018-10-15 00:00:00,6.47,C701442621516407400003
MD/MDV-036T2/DN1,2024-06-06 00:00:00,2023-11-22 00:00:00,6.47,34VG51778082C090100078
MD/MOBA3109HFN1QRD0,2018-02-13 00:00:00,2017-07-31 00:00:00,6.47,2401791190465130150203
MDVD71Q4/N1-E,2017-04-27 00:00:00,2016-10-12 00:00:00,6.47,C701902562216621400006
MI/MCD-24HRFN1-Z-QD0,2018-03-21 00:00:00,2017-09-05 00:00:00,6.47,2413244870473050160014
MUE48HRFN1QRD0,2017-02-09 00:00:00,2016-07-27 00:00:00,6.47,2400865810861230160005
M/MI-36G/DHN1-M,2019-03-31 00:00:00,2018-09-14 00:00:00,6.5,C706252540987164000001
M2OE18HFN1Q,2016-11-23 00:00:00,2016-05-09 00:00:00,6.5,2400865790461260160010
MD/AFBU12HRFN8QRD1,2025-06-26 00:00:00,2024-12-10 00:00:00,6.5,54VN383100141200170361
MI/MHC-V6WD2N7E30,2025-03-21 00:00:00,2024-09-04 00:00:00,6.5,541L856140142040100010
MI/MV6-R450WV2RN1,2025-01-13 00:00:00,2024-06-29 00:00:00,6.5,341F922070525200100006
T-C1000E.NT,2014-03-12 00:00:00,2013-12-03 00:00:00,6.5,105753
G-SAIWC052F01,2014-08-25 00:00:00,2014-02-07 00:00:00,6.54,00035137
M/MI-45Q4/DHN1-D,2019-03-31 00:00:00,2018-09-13 00:00:00,6.54,C701747951816512400017
MI/AGBPW-12NXD0-IH,2025-01-09 00:00:00,2024-06-24 00:00:00,6.54,541H704500132010810839
MI/HBT-A100/240CDS9B,2024-04-19 00:00:00,2023-10-03 00:00:00,6.54,34VG265240329030300045
MS12F812HRDN1C8OU,2015-09-04 00:00:00,2015-02-17 00:00:00,6.54,D202212880314503130288
M/MOEU-48HFN1-R,2017-06-06 00:00:00,2016-11-18 00:00:00,6.57,D210059140615406160019
MD/AHPS-V8W/D2N8,2024-03-18 00:00:00,2023-08-31 00:00:00,6.57,34VG265630227230100098
MD/AHPS-V8W/D2N8,2024-06-28 00:00:00,2023-12-11 00:00:00,6.57,34VG265700229050100095
MI/MI2-90GDN1,2024-01-16 00:00:00,2023-06-30 00:00:00,6.57,341G45906052C130100038
MI/MOD30U-36HFN1-QD0,2017-07-19 00:00:00,2016-12-31 00:00:00,6.57,2411797621166140160011
MSABEU24HRFN1QRD0GWB,2019-03-31 00:00:00,2018-09-12 00:00:00,6.57,2402086910467180120040
MX/NXCO-OD25B-1A,2025-02-11 00:00:00,2024-07-26 00:00:00,6.57,540P420811045030120108
MX/NXHPM-V8W/D2N8_E,2025-04-15 00:00:00,2024-09-27 00:00:00,6.57,540P079870143270100049
HX/NXERV-250V1_ST2,2024-08-22 00:00:00,2024-05-14 00:00:00,6.58,F231022209
HX/NXERV-250V1_ST2,2024-08-22 00:00:00,2024-05-14 00:00:00,6.58,F231022210
HX/NXERV-250V1_ST2,2024-08-22 00:00:00,2024-05-14 00:00:00,6.58,F231022211
HX/NXERV-500V1_ST2,2024-08-22 00:00:00,2024-05-14 00:00:00,6.58,F231042517
HX/NXERV-500V1_ST2,2024-08-22 00:00:00,2024-05-14 00:00:00,6.58,F231042518
MI/MSMBAU09HRFN1QRD0,2016-08-26 00:00:00,2016-05-18 00:00:00,6.58,2411224210163170120244
M/MSMBCU-18HRFN1-QD0,2018-03-20 00:00:00,2017-08-31 00:00:00,6.6,2413476050576160120061
MD/MDVO-V8500V2R1B,2025-06-09 00:00:00,2024-11-20 00:00:00,6.6,54VQ638320149120100005
MI/HBT-A100/190CDS9B,2024-03-18 00:00:00,2023-08-30 00:00:00,6.6,341G92697012B080300003
MI/X1F-09N8D1-O,2025-01-28 00:00:00,2024-07-11 00:00:00,6.6,541N436770241270170090
MI/X3-18N8D0-O,2025-02-17 00:00:00,2024-07-31 00:00:00,6.6,541N249720841130170057
MOU45HN1RB6W,2016-04-18 00:00:00,2015-09-30 00:00:00,6.6,D202251770614730160013
AT-50A,2015-04-14 00:00:00,2014-09-24 00:00:00,6.64,22513-222
H/JAUR0080,2016-09-15 00:00:00,2016-02-26 00:00:00,6.64,HF1512061586
M/MOZU-12HFN1-QD0,2016-03-22 00:00:00,2015-09-02 00:00:00,6.64,D212322290315112150001
M4OA36HFN1Q,2014-09-29 00:00:00,2014-03-11 00:00:00,6.64,D202130400313A26160004
MD/MDVO-VI335V2R1B,2024-11-25 00:00:00,2024-05-07 00:00:00,6.64,54VL25805013C110300005
MD/MOX13312HFN8QRD0N,2023-04-30 00:00:00,2022-10-10 00:00:00,6.64,54V2200004427300850105
PUHZ-P140VHA,2014-04-23 00:00:00,2013-10-03 00:00:00,6.64,7H1P610G 2F00995
M2OD18HFN1Q,2016-01-22 00:00:00,2015-07-03 00:00:00,6.67,D202294800614C03160012
MD/MDV-036T2/DN1,2024-06-12 00:00:00,2023-11-22 00:00:00,6.67,34VG51778082C090100078
MI/AGBP-09NXD0-I,2023-10-20 00:00:00,2023-03-31 00:00:00,6.67,341F401970523250810173
MI/M4O-36FN8-QH,2024-05-21 00:00:00,2023-10-31 00:00:00,6.67,541K449120537100150022
MI/MCA3U-18HRFNX-GA,2023-10-31 00:00:00,2023-04-11 00:00:00,6.67,341F380330222220160022
MUZ-SF25VE,2015-01-19 00:00:00,2014-06-30 00:00:00,6.67,L20E4E3S4001965T
MX/NXKD-V500FA,2023-12-27 00:00:00,2023-06-07 00:00:00,6.67,340G161580325280100033
MX/NXPA-035CCO1A,2024-04-19 00:00:00,2023-09-29 00:00:00,6.67,A4178A373402W00312
PCA-RP140KAQ,2014-09-29 00:00:00,2014-03-10 00:00:00,6.67,L7G4G03S3YA07584
PUHZ-ZRP60VHA,2015-06-25 00:00:00,2014-12-04 00:00:00,6.67,L77JK01S45U04029
WL1363BD/6HERA,2017-03-22 00:00:00,2016-08-31 00:00:00,6.67,N10M00S016001306002000
MCD48HRFN1QRD0,2017-12-18 00:00:00,2017-09-07 00:00:00,6.7,240071816025C220160010
MI/M5OE-42HFN8-Q,2023-05-31 00:00:00,2022-11-08 00:00:00,6.7,541F727860725140150014
MSR112HRDN1QC2OU,2013-12-11 00:00:00,2013-05-21 00:00:00,6.7,C101336100411418120085
M/MI-28Q4/DHN1-A3,2019-03-31 00:00:00,2018-09-07 00:00:00,6.73,C701442582316401400065
M/MOTS-27HFN1QRD0,2017-01-12 00:00:00,2016-06-21 00:00:00,6.73,C703258980516106400002
MD/MOBA0309HFN8QRD0,2019-05-31 00:00:00,2018-11-07 00:00:00,6.73,3405592280285030830127
MD/MSAEDU24HRFN1QRD0,2018-03-21 00:00:00,2017-08-28 00:00:00,6.73,2402086910367170120003
MI/MHC-V10W/D2N8-B2,2023-09-29 00:00:00,2023-03-08 00:00:00,6.73,341H31815022B160100015
MS12F818HRFN1C8OU,2016-06-30 00:00:00,2015-12-08 00:00:00,6.73,D200073040615412150163
M/MKT3-400FG30,2016-06-01 00:00:00,2016-02-19 00:00:00,6.76,C703218721315317400024
MI/MOE30U-48HFN8RGA,2023-04-30 00:00:00,2023-01-17 00:00:00,6.76,340F405460923070150025
M/MS11PU-12HRFN1-QD0,2018-03-19 00:00:00,2017-08-25 00:00:00,6.77,D212322260115119120115
MD/MOBA18HFN1QRDA,2018-04-12 00:00:00,2017-09-18 00:00:00,6.77,2403566090277090130002
MDV335(12)W/DRN1(D),2017-05-15 00:00:00,2016-10-21 00:00:00,6.77,C701005700116226400007
MI/MHA-V14W/D2RN8-B,2023-10-30 00:00:00,2023-04-07 00:00:00,6.77,341H607680231020100010
MI/MHC-V12W/D2RN8-B,2023-10-30 00:00:00,2023-04-07 00:00:00,6.77,341H31169022B180100022
MI/MHC-V22W/D2RN8,2023-10-30 00:00:00,2023-04-07 00:00:00,6.77,341F743970831290100003
MXZ-8B160YA,2013-06-17 00:00:00,2012-11-23 00:00:00,6.77,L7H9M81S27U00701
PEFY-P32VMS1-E,2014-05-08 00:00:00,2013-10-14 00:00:00,6.77,L50T11RS37M03226
PUHZ-SHW112YHA,2015-12-31 00:00:00,2015-06-08 00:00:00,6.77,7H1SH11 5B00388
G/WRE082CQ,2024-12-16 00:00:00,2024-05-23 00:00:00,6.8,24700201
M/MI-22G/DHN1-M,2018-05-25 00:00:00,2017-10-30 00:00:00,6.8,C701442620516409400178
M/MI-56Q4/DHN1-D,2018-01-23 00:00:00,2017-06-30 00:00:00,6.8,C702662711416C02400014
MD/CSTB-24R32IVT-IN,2024-03-18 00:00:00,2023-08-24 00:00:00,6.8,540K321060435240160001
MI/MCA3-18HRFN1-QD0,2016-11-22 00:00:00,2016-04-29 00:00:00,6.8,2410884740461200160011
MI/MI2-36Q4DN1,2023-06-30 00:00:00,2022-12-05 00:00:00,6.8,341E237030119150100025
MI/MOX230-12HFN8QGA,2023-06-30 00:00:00,2022-12-05 00:00:00,6.8,341D95483061B060120004
MI/MSMACU18HRFN1QD0,2017-07-25 00:00:00,2016-12-30 00:00:00,6.8,2412228000568240120036
MI/MTI-24FNXD0,2019-03-31 00:00:00,2018-09-05 00:00:00,6.8,3415643180684210160001
MI/MTI-24FNXD0,2019-03-31 00:00:00,2018-09-05 00:00:00,6.8,3415643180684210160017
MUE48HRFN1QRD0,2017-02-20 00:00:00,2016-07-27 00:00:00,6.83,2400865810861230160005
EHSC-VM6E-B,2015-01-27 00:00:00,2014-10-15 00:00:00,6.84,7H1HB08G 3C00079
MX/NXKA-V1500R,2019-07-31 00:00:00,2019-04-18 00:00:00,6.84,3407644030793220100006
M/MI-22G/DHN1-M,2017-06-28 00:00:00,2016-12-01 00:00:00,6.87,C702096970116719400002
M/MSABBU-12HRDN1-QC8,2019-06-30 00:00:00,2018-12-03 00:00:00,6.87,D212322480115117120144
MD/M4OB36HFN8QAH,2025-04-23 00:00:00,2024-09-26 00:00:00,6.87,54VP399990746090150008
MD/MDVI3A-56WMVR12E,2025-06-18 00:00:00,2024-11-21 00:00:00,6.87,54VL36805013A190100009
MD/MDVO-VI500V2R1B,2024-11-18 00:00:00,2024-04-23 00:00:00,6.87,54VL792250241160300014
MI/MHC-V8WD2N7E30,2025-04-22 00:00:00,2024-09-25 00:00:00,6.87,541P086180143300100030
MI/MOB03-12HFN1-QD0,2017-04-04 00:00:00,2016-09-07 00:00:00,6.87,2411653771265100150065
MSTCBU12HRFN1QR,2016-06-09 00:00:00,2015-11-13 00:00:00,6.87,D200073060115408120117
M/MOD30U-30HFN1-QRD0,2017-11-30 00:00:00,2017-09-21 00:00:00,6.8999999999999995,2413621321177120160019
MI/MB-18N8D0-I,2019-07-31 00:00:00,2019-05-22 00:00:00,6.8999999999999995,3416371760588030820128
MI/AGBPW-18NXD0-IH,2024-03-28 00:00:00,2023-08-31 00:00:00,6.9,541K488620336090810056
MI/CB1-18HRFN8-I,2024-12-17 00:00:00,2024-09-03 00:00:00,6.9,541P720630146150810001
MI/MCA3U12HRFN1QD0,2017-06-27 00:00:00,2016-11-29 00:00:00,6.9,2411797620166160160005
MI/MOD30U-42HFN8RGA,2023-06-30 00:00:00,2023-03-17 00:00:00,6.9,341D95397131A140150022
MI/MSMADU24HRFN1QD0,2017-01-04 00:00:00,2016-06-08 00:00:00,6.9,2411323790764110120071
MSR23U18HRDN1QROU,2014-09-26 00:00:00,2014-02-28 00:00:00,6.9,D202079120813517120198
MX/NXCO-OD25B-1A,2024-11-21 00:00:00,2024-04-25 00:00:00,6.9,540N347120241230170007
MX/NXHPM-V22W/D2RN8,2024-02-15 00:00:00,2023-07-20 00:00:00,6.9,341G288020132250100006
MX/NXHPM-V8W/D2N8,2024-11-26 00:00:00,2024-04-30 00:00:00,6.9,540L840680141300100015
H/JAXR0060_01,2017-06-29 00:00:00,2016-11-30 00:00:00,6.93,HF1610068022
MI/HB-A60/CD30GN8B,2024-11-20 00:00:00,2024-04-23 00:00:00,6.93,341G198520125170100031
M/MI-22G/DHN1-M,2018-05-30 00:00:00,2017-10-30 00:00:00,6.96,C701442620516409400178
MD/AHB-A60/CD3,2023-04-30 00:00:00,2022-09-30 00:00:00,6.96,34VG265630427230100008
MD/MDV-071G/DN1,2023-04-30 00:00:00,2022-09-30 00:00:00,6.96,C701442581716412400001
MD/MDV-071G/DN1,2023-04-30 00:00:00,2022-09-30 00:00:00,6.96,C701442581716412400011
MD/MDV-071G/DN1,2023-04-30 00:00:00,2022-09-30 00:00:00,6.96,C701442581716412400021
MD/MI-22Q4/DHN1-A3,2019-06-30 00:00:00,2018-11-30 00:00:00,6.96,C706242420487204000001
MD/MI-22Q4/DHN1-A3,2019-06-30 00:00:00,2018-11-30 00:00:00,6.96,C706242420487204000006
MDVV160WDRN1,2019-07-31 00:00:00,2018-12-31 00:00:00,6.96,C705790011418504400006
MI/HBT-A100/190CDS9B,2023-04-30 00:00:00,2022-09-30 00:00:00,6.96,341G347050127200300022
MI/M2OE-18HFN8-Q,2023-10-20 00:00:00,2023-03-22 00:00:00,6.96,541F727740224150150022
MI/MIH22GN18,2024-10-09 00:00:00,2024-03-11 00:00:00,6.96,541K480060137060100074
MI/MTI-48FNXD0,2019-03-31 00:00:00,2018-08-31 00:00:00,6.96,3415844590585250160018
PUHZ-ZRP140YKA,2014-02-05 00:00:00,2013-11-26 00:00:00,6.99,L77JP02S22U01407
MD/FR24HRFN8QRD0,2025-01-30 00:00:00,2024-07-01 00:00:00,7,54VP150570744230170021
MD/MOEA55HFN1RRDA,2019-03-31 00:00:00,2018-08-30 00:00:00,7,3405755590985160160048
MD/MOX13312HFN8QRD1N,2024-12-12 00:00:00,2024-05-13 00:00:00,7,54VN382920241250120388
MDVD45G/N1-S,2018-05-28 00:00:00,2017-10-27 00:00:00,7,C702073950616712400012
MI/HBT-A100/190CDS9B,2023-10-30 00:00:00,2023-03-31 00:00:00,7,341G347310128250300049
MI/MCA3U-18HRFNX-GA,2023-09-29 00:00:00,2023-02-28 00:00:00,7,341F380330222220160033
MI/MHA-V12W/D2RN8-B,2023-10-30 00:00:00,2023-03-31 00:00:00,7,341H607730131100100014
MI/MHA-V6W/D2N8-B,2023-04-30 00:00:00,2022-09-29 00:00:00,7,341F745080124040100030
MI/MHA-V8W/D2N8-B,2023-10-30 00:00:00,2023-03-31 00:00:00,7,341H10751012B230100010
MI/MHC-V12WD2RN7E30,2025-07-14 00:00:00,2024-12-13 00:00:00,7,541P742250146080100017
PEAD-RP140JAQ,2014-10-02 00:00:00,2014-03-03 00:00:00,7,7HF753G 2M00006
MD/MCA318HRFN1QRDA,2019-06-30 00:00:00,2018-11-28 00:00:00,7.03,3406344820987290160012
MD/MDVI3A-56WMVR12E,2025-05-12 00:00:00,2024-10-10 00:00:00,7.03,54VL775370141250100038
MD/MDVI3A-56WMVR12E,2025-05-12 00:00:00,2024-10-10 00:00:00,7.03,54VL775370141250100072
MD/MOCA24HFN8QRDA,2019-05-31 00:00:00,2018-10-29 00:00:00,7.03,3406355890488010160045
MD/MSAEAU09HRFNXQRD0,2019-03-31 00:00:00,2018-08-29 00:00:00,7.03,3405102330182060120028
MD/MSAEAU09HRFNXQRD0,2019-03-31 00:00:00,2018-08-29 00:00:00,7.03,3405102330182060120033
MD/MSAEAU09HRFNXQRD0,2019-03-31 00:00:00,2018-08-29 00:00:00,7.03,3405102330182060120167
MD/MSAFDU24HRFN1QRD0,2019-03-31 00:00:00,2018-08-29 00:00:00,7.03,24032452007732008B0024
MI/MA-09NXD0-XI,2024-05-21 00:00:00,2023-10-20 00:00:00,7.03,341C612480114020820171
MI/MUE-48FNXD0,2023-10-31 00:00:00,2023-03-31 00:00:00,7.03,341A000430503230160010
MX/NXKA-V750F,2019-04-30 00:00:00,2018-09-28 00:00:00,7.03,C706141390987054000018
G-SCX162CS0A_01,2019-06-30 00:00:00,2018-11-27 00:00:00,7.06,18701131
MD/AFBU09HRFN8QRD1,2025-04-16 00:00:00,2024-09-13 00:00:00,7.06,54VP420580145040840425
MD/MCD30HRFN1QRDA,2019-03-31 00:00:00,2018-08-28 00:00:00,7.06,2403801981278200160015
MDV335(12)W/DRN1(D),2017-05-24 00:00:00,2016-10-21 00:00:00,7.06,C701005700116226400007
MI/MCA3-18HRFN1-QD0,2017-07-03 00:00:00,2016-11-30 00:00:00,7.06,2411334750363240160026
MI/MIH28GN18,2025-07-03 00:00:00,2024-11-30 00:00:00,7.06,541P864970346220100011
MI/MIH28GN18,2025-07-03 00:00:00,2024-11-30 00:00:00,7.06,541P864970346220100012
MI/MOB03-12HFN1-QD0,2017-04-10 00:00:00,2016-09-07 00:00:00,7.06,2411653771265100150065
MI/X3-18N8D0-O,2025-01-30 00:00:00,2024-06-29 00:00:00,7.06,541N738241144030120004
MX/NXKD-V300FA,2024-03-18 00:00:00,2023-08-16 00:00:00,7.06,340G161580125280100036
M/MSABBU-12HRDN1-QC8,2016-06-20 00:00:00,2016-03-04 00:00:00,7.1,D210234490315717120010
MD/UNVS-18R32INT-OU,2024-02-12 00:00:00,2023-07-11 00:00:00,7.1,340D96499071B030120033
MI/HB-A100/CDS90GN8B,2023-11-30 00:00:00,2023-04-28 00:00:00,7.1,341G93460062B120100025
MI/M4O-36FN8-QH,2025-02-11 00:00:00,2024-07-10 00:00:00,7.1,541N738241644070150001
MI/M4O-36FN8-QH,2025-02-11 00:00:00,2024-07-10 00:00:00,7.1,541N738241644070150006
MI/M4O-36FN8-QH,2025-05-15 00:00:00,2024-10-11 00:00:00,7.1,541Q302930548020150001
MI/MCA3U-18FNXC8,2019-04-30 00:00:00,2018-09-26 00:00:00,7.1,3415844570286030160014
MI/MCA3U-18FNXC8,2019-04-30 00:00:00,2018-09-26 00:00:00,7.1,3415844570286030160020
MI/MCA3U-18FNXC8,2019-04-30 00:00:00,2018-09-26 00:00:00,7.1,3415844570286030160025
MI/MCA3U-18FNXC8,2019-04-30 00:00:00,2018-09-26 00:00:00,7.1,3415844570286030160029
MI/MCA3U-18FNXC8,2019-04-30 00:00:00,2018-09-26 00:00:00,7.1,3416180020287120160001
MI/MCA3U-18FNXC8,2019-04-30 00:00:00,2018-09-26 00:00:00,7.1,3416180020287120160003
MI/MCA3U-18FNXC8,2019-04-30 00:00:00,2018-09-26 00:00:00,7.1,3416180020287120160006
MI/MCA3U-18FNXC8,2019-04-30 00:00:00,2018-09-26 00:00:00,7.1,3416180020287120160007
MI/MCA3U-18FNXC8,2019-04-30 00:00:00,2018-09-26 00:00:00,7.1,3416180020287120160008
MI/MCA3U-18FNXC8,2019-04-30 00:00:00,2018-09-26 00:00:00,7.1,3416180020287120160009
MI/MCA3U-18FNXC8,2019-04-30 00:00:00,2018-09-26 00:00:00,7.1,3416180020287120160010
MI/MCA3U-18FNXC8,2019-04-30 00:00:00,2018-09-26 00:00:00,7.1,3416180020287120160011
MI/MCA3U-18FNXC8,2019-04-30 00:00:00,2018-09-26 00:00:00,7.1,3416180020287120160012
MI/MCA3U-18FNXC8,2019-04-30 00:00:00,2018-09-26 00:00:00,7.1,3416180020287120160013
MI/MCA3U-18FNXC8,2019-04-30 00:00:00,2018-09-26 00:00:00,7.1,3416180020287120160014
MI/MCA3U-18FNXC8,2019-04-30 00:00:00,2018-09-26 00:00:00,7.1,3416180020287120160015
MI/MCA3U-18FNXC8,2019-04-30 00:00:00,2018-09-26 00:00:00,7.1,3416180020287120160017
MI/MCA3U-18FNXC8,2019-04-30 00:00:00,2018-09-26 00:00:00,7.1,3416180020287120160018
MI/MCA3U-18FNXC8,2019-04-30 00:00:00,2018-09-26 00:00:00,7.1,3416180020287120160019
MI/MCA3U-18FNXC8,2019-04-30 00:00:00,2018-09-26 00:00:00,7.1,3416180020287120160020
MI/MHA-V6W/D2N8-B,2023-11-30 00:00:00,2023-04-28 00:00:00,7.1,341G076700125240100020
MI/MHC-V10W/D2N8-B2,2023-12-27 00:00:00,2023-05-25 00:00:00,7.1,341H31820022B180100026
MI/MSMBBU12HRFN1QRD0,2016-04-21 00:00:00,2015-09-18 00:00:00,7.1,D212322230215115120138
MI/MTI-18FNXD0,2019-03-31 00:00:00,2018-08-27 00:00:00,7.1,3415643180584200160003
MI/MV8M-180WV2RN8,2024-12-10 00:00:00,2024-05-08 00:00:00,7.1,541L24054013C030100004
MOU48HN1R,2014-08-14 00:00:00,2014-01-10 00:00:00,7.1,D202110120713822160007
MCA2U12HRFN1QRC8,2016-02-26 00:00:00,2015-07-24 00:00:00,7.13,D200073450115410160033
MD/AHBT-A100/190CD9,2024-04-16 00:00:00,2023-09-12 00:00:00,7.13,34VG265240129030300010
MD/MOX13312HFN8QRD1N,2025-06-05 00:00:00,2024-10-31 00:00:00,7.13,54VP452430445210830316
MI/CB1-12HRFN8-I,2025-05-26 00:00:00,2024-10-21 00:00:00,7.13,541Q099170347250130147
MI/MHA-V4W/D2N8-B,2024-12-18 00:00:00,2024-05-15 00:00:00,7.13,541L492890141080100067
MI/X1BPW-12N8D0-OH,2025-02-21 00:00:00,2024-07-19 00:00:00,7.13,541H704500232030830524
MI/X3BP-18N8D0-O,2024-08-13 00:00:00,2024-01-09 00:00:00,7.13,541J612950435040830056
MOB30U18HFN1QRD0,2017-06-26 00:00:00,2016-11-21 00:00:00,7.13,2411797740466060150008
MS12FU18HRFN1QRD0GW,2016-10-20 00:00:00,2016-03-17 00:00:00,7.13,2400827550561160120032
MX/NXHPM-V8W/D2N8_E,2025-03-11 00:00:00,2024-08-06 00:00:00,7.13,540N536780242220100055
T-C1500W.EE.NT,2016-08-22 00:00:00,2016-01-18 00:00:00,7.13,148178002
MI/HB-A60/CD30GN8B,2023-08-31 00:00:00,2023-01-25 00:00:00,7.16,341G198520125170100029
MI/HBT-A100/240CDS9B,2025-02-04 00:00:00,2024-07-01 00:00:00,7.16,541L496420141210300014
MI/M3O-27FN8-Q,2019-06-30 00:00:00,2019-03-13 00:00:00,7.16,3416356160888020160026
MI/MHA-V10W/D2N8-B,2025-02-04 00:00:00,2024-07-01 00:00:00,7.16,541L492920142190100060
MI/MHC-V14W/D2RN8-B2,2024-03-18 00:00:00,2023-11-30 00:00:00,7.16,541H985650235130100067
MI/MOU-55FN8-RD0,2024-12-04 00:00:00,2024-04-30 00:00:00,7.16,341E44919041A070150008
MI/MOX330U-18HFN8QGA,2023-05-31 00:00:00,2022-10-25 00:00:00,7.16,541F381761024190120049
MI/MUE-55FNXD0,2024-12-04 00:00:00,2024-04-30 00:00:00,7.16,341C448080512010160005
MD/MOBA18HFN1QRDA,2019-03-31 00:00:00,2018-08-24 00:00:00,7.19,3405755590885190130006
MD/MOBA3009HFN8QRD0,2023-09-29 00:00:00,2023-02-22 00:00:00,7.19,340A648050206040120040
MD/MODA30HFN1QRDA,2019-03-31 00:00:00,2018-08-24 00:00:00,7.19,2403566290277110160016
MD/MSAEAU09HRFNXQRD0,2023-09-29 00:00:00,2023-02-22 00:00:00,7.19,340C448300112060130059
MI/MB-09N8D6-I,2019-03-31 00:00:00,2018-08-24 00:00:00,7.19,3415891820185190820012
MI/MOE30U-48HFN8RGA,2024-05-17 00:00:00,2023-10-11 00:00:00,7.19,541K642791037080150008
MTBU12HWFN1QRC8,2016-05-10 00:00:00,2016-01-21 00:00:00,7.22,D200226770115715160019
M/MI-36Q4/DHN1-A3,2019-06-30 00:00:00,2018-11-22 00:00:00,7.23,C705243110518210400018
MCD18HRFN1QRD0,2017-06-22 00:00:00,2016-11-14 00:00:00,7.23,2411797620466170160072
MD/M2OH14HFN8QAH,2025-07-11 00:00:00,2024-12-03 00:00:00,7.23,54VQ449380149110150001
MI/MB-09N8D6-I,2019-06-30 00:00:00,2018-11-22 00:00:00,7.23,3416655800589280810141
MI/MCA4U-12HRFNXGA,2025-05-09 00:00:00,2024-10-01 00:00:00,7.23,541N435990142230160018
MI/MOB02-18HFN1-QD0W,2019-03-31 00:00:00,2018-08-23 00:00:00,7.23,2413726550675260860016
MI/MV8I-900WV2RN1E,2025-06-23 00:00:00,2024-11-15 00:00:00,7.23,541P508710145210100002
MX/NXCO-OD25B-1A,2024-11-21 00:00:00,2024-04-15 00:00:00,7.23,540N347120241230170007
MX/NXHPM-V12W/D2RN8,2023-11-30 00:00:00,2023-04-24 00:00:00,7.23,340H537270231030100052
MX/NXKD-V400F,2019-03-31 00:00:00,2018-08-23 00:00:00,7.23,C706141390687054000003
MX/NXKD-V400F,2019-03-31 00:00:00,2018-08-23 00:00:00,7.23,C706141390687054000005
PCA-RP140KAQ,2014-10-16 00:00:00,2014-03-10 00:00:00,7.23,L7G4G03S3YA07584
T-C1500E.EE.NT,2013-06-17 00:00:00,2012-11-09 00:00:00,7.23,101186
M/MKA-600R,2019-04-30 00:00:00,2018-09-21 00:00:00,7.26,C702245760116902400024
MD/AHB-A100/CD9,2023-04-30 00:00:00,2022-09-21 00:00:00,7.26,34VG265630527230100003
MD/AHB-A100/CD9,2023-04-30 00:00:00,2022-09-21 00:00:00,7.26,34VG265630527230100018
MD/AHB-A160/CD9,2023-04-30 00:00:00,2022-09-21 00:00:00,7.26,34VG265630627230100002
MD/AHB-A160/CD9,2023-04-30 00:00:00,2022-09-21 00:00:00,7.26,34VG265630627230100005
MD/AHPS-V12W/D2RN8,2023-04-30 00:00:00,2022-09-21 00:00:00,7.26,34VG265630327230100026
MD/AHPS-V8W/D2N8,2023-04-30 00:00:00,2022-09-21 00:00:00,7.26,34VG265630227230100026
MI/HB-A160/CDS90GN8B,2023-10-30 00:00:00,2023-03-23 00:00:00,7.26,341H10751072B260100079
MI/M4OE-28HFN1-Q,2018-02-06 00:00:00,2017-06-30 00:00:00,7.26,2411657690365130160043
MI/MTI-36HWFN1-QRD0,2018-03-27 00:00:00,2017-08-18 00:00:00,7.26,2413140540772210160004
MI/X1F-09N8D1-O,2025-03-25 00:00:00,2024-08-16 00:00:00,7.26,541P344570246030120055
MOB30U18HFN1QRD0,2017-06-30 00:00:00,2016-11-21 00:00:00,7.26,2411797740466060150008
PUHY-P350YJM-A,2014-01-28 00:00:00,2013-06-21 00:00:00,7.26,7GFYD828W03244
HX/NXERV-1300V1,2019-04-30 00:00:00,2018-09-20 00:00:00,7.29,F81070187
MD/MOX13312HFN8QRD0N,2024-01-31 00:00:00,2023-06-23 00:00:00,7.29,540J374530334240810002
MDV560WDRN1-I(C),2017-05-30 00:00:00,2016-10-20 00:00:00,7.29,C701901661716613400010
MOU24HN1Q,2014-06-04 00:00:00,2013-10-25 00:00:00,7.29,D202090140313617150007
MXZ-5D102VA,2015-06-30 00:00:00,2014-11-20 00:00:00,7.29,L7H9M42S48U02673
G- LCE092CSG,2014-03-07 00:00:00,2013-12-23 00:00:00,7.290000000000001,13701194
MI/MB-18N8D0-O,2019-03-31 00:00:00,2018-12-10 00:00:00,7.3,341680161088A210840082
MI/MV8I-500WV2RN1E,2024-11-26 00:00:00,2024-08-07 00:00:00,7.3,541P231570444130100003
MD/MOBA0312HFN8QRD0,2019-07-31 00:00:00,2018-12-20 00:00:00,7.33,3405592280485030830026
MI/HB-A100/CDS90GN8B,2024-01-02 00:00:00,2023-05-24 00:00:00,7.33,341H58326052C270100003
MI/MIH28GN18,2024-11-26 00:00:00,2024-04-17 00:00:00,7.33,541L126580239080100049
MOUE60HDN1R,2015-09-01 00:00:00,2015-01-21 00:00:00,7.33,D202130410913A24160008
MX/MC-SU30-RN8L,2023-04-30 00:00:00,2022-09-19 00:00:00,7.33,340943459019C140100003
MX/NXCO-ID35XWM-1A,2025-07-30 00:00:00,2024-12-19 00:00:00,7.33,540Q100360649090130098
MX/NXHBT-A100/190CD3,2024-04-17 00:00:00,2023-09-07 00:00:00,7.33,340G172920127180300026
G-LCE101FS,2016-08-18 00:00:00,2016-06-23 00:00:00,7.36,HF1605064156
M/MS11PU-09HRFN1-QD0,2016-11-10 00:00:00,2016-03-31 00:00:00,7.36,D212322260215117120095
M/MUE-48HRFN1-Q(A),2016-01-28 00:00:00,2015-06-18 00:00:00,7.36,D212322300415119160002
MD/AHBT-A100/190CD3,2024-07-11 00:00:00,2023-11-30 00:00:00,7.36,340G172950128130300024
MD/M4OB36HFN8QAH,2025-06-11 00:00:00,2024-10-30 00:00:00,7.36,54VP399990746090150020
MI/MBT-12N8D6-O,2019-07-31 00:00:00,2018-12-19 00:00:00,7.36,341680161068A210840124
MI/MSMBBU12HRFN1QRD0,2017-06-26 00:00:00,2016-11-14 00:00:00,7.36,2411785860365270120107
MI/X1F-12N8D1-O,2025-02-17 00:00:00,2024-07-08 00:00:00,7.36,541N584620444060120122
MI/X3BP-18N8D0-O,2024-08-20 00:00:00,2024-01-09 00:00:00,7.36,541J612950435040830056
T-C1000E.NT,2013-04-25 00:00:00,2012-09-13 00:00:00,7.36,142307007
MI/AGBP-24NXD0-I,2024-06-12 00:00:00,2023-10-31 00:00:00,7.39,541F678530224240850033
MI/CB1-12HRFN8-I,2025-06-05 00:00:00,2024-10-23 00:00:00,7.39,541Q099170347250130101
MI/MVI-280WV2RN1(B),2025-06-27 00:00:00,2024-11-14 00:00:00,7.39,541P864990246210300002
MI/MVI-560WV2RN1(A),2024-12-19 00:00:00,2024-05-08 00:00:00,7.39,541L24068013C160300003
MOV192HN1R,2018-06-08 00:00:00,2017-10-26 00:00:00,7.39,C702208260116819400014
MSZ-SF25VE,2015-02-10 00:00:00,2014-06-30 00:00:00,7.39,L20E42VS4002713T
MD/M2OE18HFN8QAH,2024-10-31 00:00:00,2024-07-10 00:00:00,7.42,54VL25310043A050150080
MD/MOBA0312HFN8QRD0,2019-03-31 00:00:00,2018-08-17 00:00:00,7.42,3405543450485030830022
MDVV400WDRN1,2019-03-31 00:00:00,2018-08-17 00:00:00,7.42,C705790010418510400002
MI/MV8I-850WV2RN1E,2025-05-14 00:00:00,2024-09-30 00:00:00,7.42,541P156440144050100004
MOJU36HFN1RRC8,2017-05-11 00:00:00,2016-09-27 00:00:00,7.42,D202294400414C05160007
MX/NXRHP-35BWM-1B,2019-03-31 00:00:00,2018-08-17 00:00:00,7.42,3405844440185290830036
MX/NXRM-ID35XWM-1D,2025-02-07 00:00:00,2024-06-26 00:00:00,7.42,540N347240742260130035
MCD24HRFN1QRC8,2016-02-26 00:00:00,2015-07-14 00:00:00,7.46,D202263610114911160025
MD/MTI55HWFNXQRDA,2019-03-31 00:00:00,2018-08-16 00:00:00,7.46,3405890540786020160007
MD/MTI55HWFNXQRDA,2019-03-31 00:00:00,2018-08-16 00:00:00,7.46,3405890540786020160009
MD/MTI55HWFNXQRDA,2019-03-31 00:00:00,2018-08-16 00:00:00,7.46,3405890540786020160010
MI/AGBP-12NXD0-I,2023-04-30 00:00:00,2022-09-15 00:00:00,7.46,541F678720124240870643
MI/AHUKZ-02D,2025-07-17 00:00:00,2024-12-02 00:00:00,7.46,541N928590244010100016
MI/MHC-V18W/D2RN8,2024-03-28 00:00:00,2023-08-14 00:00:00,7.46,341G837980132260100028
MI/MIH28GN18_N,2025-07-28 00:00:00,2024-12-13 00:00:00,7.46,541N539120142210100138
MI/MTI-48FNXD0,2019-03-31 00:00:00,2018-08-16 00:00:00,7.46,3415844590585250160017
MI/MV8I-785WV2RN1E,2024-11-07 00:00:00,2024-03-25 00:00:00,7.46,541L24352043B290100002
MI/X3-18N8D0-OH,2023-09-29 00:00:00,2023-02-14 00:00:00,7.46,541G437580228260850052
MS12FU12HRDN1QRD0GW,2017-05-15 00:00:00,2016-09-30 00:00:00,7.46,2401302930363260810176
M/MSMBBU-09HRFN1-QD0,2016-05-13 00:00:00,2015-09-28 00:00:00,7.49,D210058950115329120070
MCA212HRN1Q,2013-11-04 00:00:00,2013-03-21 00:00:00,7.49,D201494360112A24160009
MCD18HRFN1QRD0,2017-06-30 00:00:00,2016-11-14 00:00:00,7.49,2411797620466170160072
MI/MIH112Q4N18,2025-06-13 00:00:00,2024-10-28 00:00:00,7.49,541N539190342240300010
M/MI-22G/DHN1-M,2019-03-31 00:00:00,2018-08-14 00:00:00,7.52,C705244861118202400032
M/MI-22Q4/DHN1-A3,2019-03-31 00:00:00,2018-08-14 00:00:00,7.52,C705847970718514400019
MD/MOBA3009HFN8QRD0,2019-07-31 00:00:00,2018-12-14 00:00:00,7.52,3405516610284030130127
MD/MODA42HFN1RRDA,2019-03-31 00:00:00,2018-08-14 00:00:00,7.52,2403802141278260160006
MD/MSAEAU09HRFNXQRD0,2019-07-31 00:00:00,2018-12-14 00:00:00,7.52,3405834320185040120191
MI/MCA3U-12FNXD0,2019-07-01 00:00:00,2018-11-14 00:00:00,7.52,3415896380786050160073
MI/MHC-V8W/D2N8-B2,2024-02-12 00:00:00,2023-06-28 00:00:00,7.52,341G84745012B050100017
MI/MOD30U-36HFN1-QD0,2017-08-16 00:00:00,2016-12-30 00:00:00,7.52,2411797621166140160008
MX/NXRM-OD35B-1CH-P,2024-01-31 00:00:00,2023-06-16 00:00:00,7.52,540G064910425030850229
MD/MSAEBU12HRFNXQRD0,2019-03-31 00:00:00,2018-08-13 00:00:00,7.56,3405834320385070120120
MD/MSAECU18HRFN1QRD0,2019-04-30 00:00:00,2018-09-12 00:00:00,7.56,2402977480271100150052
MI/AG-24NXD0-IH,2025-05-19 00:00:00,2024-10-01 00:00:00,7.56,541P349840245220130011
MI/MOU-24FN1-QD0,2019-03-31 00:00:00,2018-08-13 00:00:00,7.56,3415242940683060150043
MI/MUE-36HRFN1-QRD0,2016-07-26 00:00:00,2015-12-09 00:00:00,7.56,D212322300315119160003
MI/MVI-280WV2RN1(B),2025-07-17 00:00:00,2024-11-29 00:00:00,7.56,541P000560144030300009
MS12F809HRDN1C8OU,2017-02-06 00:00:00,2016-06-21 00:00:00,7.56,D200101740215504130049
MX/NXRHP-35BWM-1B,2019-03-31 00:00:00,2018-08-13 00:00:00,7.56,3405844440185290830036
DD3OX-21HLB1X-Q,2018-01-09 00:00:00,2017-05-23 00:00:00,7.59,2403136160273040160026
M2OD18HFN1Q,2016-02-19 00:00:00,2015-07-03 00:00:00,7.59,D202294800614C03160012
MD/MDVO-VI500V2R1B,2024-12-10 00:00:00,2024-04-23 00:00:00,7.59,54VL792250241160300014
MD/MOBA3012HFN8QRD0,2019-07-31 00:00:00,2018-12-12 00:00:00,7.59,3406655660289260130042
MI/M4O-36FN8-QH,2025-05-30 00:00:00,2024-10-11 00:00:00,7.59,541Q302930548020150001
MI/MTIU-18HWFNX-GA,2023-06-06 00:00:00,2022-10-18 00:00:00,7.59,541F381761424180160001
G/MPE008H0AA,2025-05-20 00:00:00,2024-09-30 00:00:00,7.62,24700568
G-MTE012C0AA,2015-08-10 00:00:00,2015-04-16 00:00:00,7.62,15700365
MD/OP12HRFN8QRE3,2023-12-27 00:00:00,2023-05-09 00:00:00,7.62,540H57926012C270130106
MI/M2OE-18HFN8-Q,2023-12-27 00:00:00,2023-05-09 00:00:00,7.62,541F727790226050150037
MI/MHA-V6W/D2N8-B,2024-11-15 00:00:00,2024-03-28 00:00:00,7.62,541L492890141090100002
MI/MOU-18FN8-QD0,2019-03-31 00:00:00,2018-12-05 00:00:00,7.62,3416442000188250130009
MI/X3-18N8D0-OH,2024-11-27 00:00:00,2024-04-09 00:00:00,7.62,541L73107053C070170002
MOJU36HFN1RRC8,2017-05-17 00:00:00,2016-09-27 00:00:00,7.62,D202294400414C05160007
MS12FU09HRDN1QRD0GW,2017-02-01 00:00:00,2016-06-14 00:00:00,7.62,2401302930163230830029
MX/NXHPM-V22W/D2RN8,2025-04-09 00:00:00,2024-08-20 00:00:00,7.62,540N536520144010100001
M/MSMBBU-09HRFN1-QD0,2016-04-21 00:00:00,2015-09-01 00:00:00,7.65,D212322230415114120063
MI/M3OE-27HFN1-Q,2018-01-25 00:00:00,2017-06-06 00:00:00,7.65,2411785820266080160017
MI/MCA3-18FN1D0,2019-03-31 00:00:00,2018-08-10 00:00:00,7.65,3415896380686030160019
MI/MHC-V12W/D2RN8-B,2024-02-15 00:00:00,2023-06-27 00:00:00,7.65,341H559530131100100028
MI/MOU-18FN1-QD0,2019-03-31 00:00:00,2018-08-10 00:00:00,7.65,3415242940583010130158
MSR124HRN1QB8OU,2013-12-06 00:00:00,2013-04-17 00:00:00,7.65,D201497140512A30130001
T-C1500E.EE.NT,2014-09-22 00:00:00,2014-05-28 00:00:00,7.68,162344005
MI/AG-24NXD0-IH,2023-08-31 00:00:00,2023-01-09 00:00:00,7.69,541G99507062A080130017
MI/M5OE-42HFN8-QH,2025-06-02 00:00:00,2024-10-11 00:00:00,7.69,541N585030743240150031
MI/MCA3U-12FNXD0,2019-03-31 00:00:00,2018-08-09 00:00:00,7.69,3415643390784140160037
MI/MHA-V6W/D2N8-B,2024-11-15 00:00:00,2024-03-26 00:00:00,7.69,541L492890141090100002
MI/MIH36Q4CN18,2025-02-18 00:00:00,2024-06-29 00:00:00,7.69,541N538990442030100034
MI/MIH36Q4CN18,2025-02-18 00:00:00,2024-06-29 00:00:00,7.69,541N538990442030100042
M/MOD30U-30HFN1-QRD0,2019-03-31 00:00:00,2018-08-08 00:00:00,7.72,2403566090677110160012
MD/DCTB-55R32IVT-IN,2024-02-12 00:00:00,2023-06-22 00:00:00,7.72,340D929840817240160013
MD/MSAFBU12HRDN8QRD0,2019-03-31 00:00:00,2018-08-08 00:00:00,7.72,3405592280385050830082
MI/MB-09N8D6-I,2019-03-31 00:00:00,2018-08-08 00:00:00,7.72,3415891820185190820114
MI/MOB03-12HFN1-Q_H,2017-05-09 00:00:00,2016-09-16 00:00:00,7.72,2411224210463180130053
MSTCAU09HRFN1QR,2016-09-12 00:00:00,2016-01-21 00:00:00,7.72,D200073060215409120096
M/MI-22Q4/DHN1-A3,2017-02-14 00:00:00,2016-06-23 00:00:00,7.75,C703247681315A09400044
M/MI-28Q4/DHN1-A3,2019-03-31 00:00:00,2018-08-07 00:00:00,7.75,C705847970818515400010
MI/MCA3-18HRFN1-QD0,2017-07-24 00:00:00,2016-11-30 00:00:00,7.75,2411334750363240160026
MI/MUE-24HRFN1-QRD0,2019-03-31 00:00:00,2018-08-07 00:00:00,7.75,2410884740761240160020
MX/NXHPM-V10W/D2N8,2024-04-09 00:00:00,2023-08-17 00:00:00,7.75,340H37787032C040100090
MX/NXHPM-V12W/D2RN8,2024-01-31 00:00:00,2023-06-09 00:00:00,7.75,340H537270231020100021
M/MI-100Q4/DHN1-D,2018-05-14 00:00:00,2018-01-16 00:00:00,7.76,C703645961617510400006
M/MSABBU-12HRDN1-QC8,2019-03-31 00:00:00,2018-12-03 00:00:00,7.76,D212322480115117120144
MX/NXHPM-V6W/D2N8,2023-04-30 00:00:00,2023-01-02 00:00:00,7.76,34VG261690128050100004
MD/MSAEAU09HRFN1QRD0,2017-03-27 00:00:00,2016-08-02 00:00:00,7.79,2401713990165170120140
MHB96HRN1,2013-09-25 00:00:00,2013-01-31 00:00:00,7.79,C703126090512723400006
MI/CB1-12HRFN8-I,2025-06-17 00:00:00,2024-10-23 00:00:00,7.79,541Q099170347250130101
MI/MIH28GN18,2025-07-03 00:00:00,2024-11-08 00:00:00,7.79,541P864970346220100011
MI/MIH28GN18,2025-07-03 00:00:00,2024-11-08 00:00:00,7.79,541P864970346220100012
MX/NXHB-A160/CD9,2023-04-30 00:00:00,2022-09-05 00:00:00,7.79,340G166340226050100016
HX/NXERV-250V1_ST2,2025-03-19 00:00:00,2024-11-20 00:00:00,7.82,F231022216
M/MI-71Q4/DHN1-D,2017-07-26 00:00:00,2016-11-30 00:00:00,7.82,C701902562216621400019
M/MOCA30U-24HFN1-QD0,2018-05-23 00:00:00,2018-01-24 00:00:00,7.82,2413972770377260150010
MI/M5OE-42HFN8-QH,2025-06-10 00:00:00,2024-10-15 00:00:00,7.82,541N585030743240150028
MI/MHC-V10W/D2N8-B2,2024-05-20 00:00:00,2023-09-25 00:00:00,7.82,341H55086012C180100042
MI/MI2-28Q4DN1,2023-07-31 00:00:00,2022-12-05 00:00:00,7.82,341E335731322220100022
MI/MOB02-18HFN1-QD0W,2018-03-19 00:00:00,2017-07-24 00:00:00,7.82,2413475890174300860071
MI/MOX230-12HFN8QGA,2023-07-31 00:00:00,2022-12-05 00:00:00,7.82,341D95483061B060120004
MI/X3BP-18N8D0-O,2024-07-05 00:00:00,2024-03-08 00:00:00,7.82,541H852310233170830078
MSR2312HRDN1QC2OU,2013-06-27 00:00:00,2013-02-28 00:00:00,7.82,D201478900712829120042
M/MI-140Q4/DHN1-D,2019-05-31 00:00:00,2018-10-04 00:00:00,7.85,C703247531115A06400002
MI/AHUKZ-03DM,2023-10-31 00:00:00,2023-03-06 00:00:00,7.85,341H31200022C040100006
G-LER091CS,2015-08-14 00:00:00,2015-04-16 00:00:00,7.88,HF1502054718
MI/HB-A100/CDS90GN8B,2025-04-02 00:00:00,2024-12-03 00:00:00,7.88,341H31183032B260100018
MI/M2O-18FN8-Q,2019-05-31 00:00:00,2019-01-31 00:00:00,7.88,3415591250184140160026
MI/MCA3-18HRFN1-QD0,2017-07-28 00:00:00,2016-11-30 00:00:00,7.88,2411334750363240160026
MI/MTI-24FNXD0,2019-03-31 00:00:00,2018-08-03 00:00:00,7.88,3415643180684210160010
MI/MV8M-180WV2RN8,2024-12-13 00:00:00,2024-04-17 00:00:00,7.88,541L24054013C030100003
MX/NXM-35APO1-A,2018-01-24 00:00:00,2017-09-26 00:00:00,7.88,2403541890274200200085
PUHY-HP250YHM-A,2015-07-28 00:00:00,2015-03-30 00:00:00,7.88,7GFYB54ZW02115
M/MSMBCU-18HRFN1-QD0,2019-03-31 00:00:00,2018-08-02 00:00:00,7.92,241291491056C150120053
MD/AFBU09HRFN8QRD1,2024-12-16 00:00:00,2024-04-19 00:00:00,7.92,54VN385150141200170072
MD/MDV-280T1/DN1,2023-09-29 00:00:00,2023-01-31 00:00:00,7.92,34VH08771052A240100003
MI/AHUKZ-02D,2025-04-24 00:00:00,2024-08-26 00:00:00,7.92,541N928710544110100004
MI/AHUKZ-02D,2025-04-24 00:00:00,2024-08-26 00:00:00,7.92,541N928710544110100008
MI/MA-24NXD0-I,2019-03-31 00:00:00,2018-08-02 00:00:00,7.92,3415758090185060850002
MI/MCA3U-18HRFNX-GA,2024-11-18 00:00:00,2024-03-22 00:00:00,7.92,541L45497013A170160039
MI/MCD1-42HRFN8-GA,2024-07-25 00:00:00,2023-11-27 00:00:00,7.92,541K471460239010160037
MI/MOB02-18HFN1-QD0W,2019-03-31 00:00:00,2018-08-02 00:00:00,7.92,3415686850285160860111
MI/MTI-18FNXD0,2019-03-31 00:00:00,2018-08-02 00:00:00,7.92,3415643180584200160020
MX/NXRM-OD50B-1CH-P,2025-02-26 00:00:00,2024-06-30 00:00:00,7.92,540L92205063C090120012
MD/AECU18HRFNXQRD0,2023-04-30 00:00:00,2022-08-31 00:00:00,7.95,540F405040524240130169
MD/M4OB36HFN8QA,2023-04-30 00:00:00,2022-08-31 00:00:00,7.95,340F405980223030150010
MD/MOBA3009HFN8QRD0,2019-06-30 00:00:00,2018-10-31 00:00:00,7.95,3405834320285040130162
MDV500(18)W/DRN1(D),2019-03-31 00:00:00,2018-08-01 00:00:00,7.95,C703904030917619400002
MDVD28Q4/N1-A3,2019-06-30 00:00:00,2018-10-31 00:00:00,7.95,C705468820918316400010
MI/AHUKZ-02D,2025-04-25 00:00:00,2024-08-26 00:00:00,7.95,541N928710544110100008
MI/HB-A100/CDS90GN8B,2024-04-09 00:00:00,2023-08-11 00:00:00,7.95,341H56022022C200100064
MI/HB-A160/CDS90GN8B,2025-07-22 00:00:00,2024-11-22 00:00:00,7.95,341G93460072B110100034
MI/MB-24N8D0-I,2019-03-31 00:00:00,2018-08-01 00:00:00,7.95,3415666360184090870027
MI/MB-24N8D0-OH,2019-03-31 00:00:00,2018-08-01 00:00:00,7.95,3415543550684080870092
MI/MHC-V8W/D2N8-B2,2024-10-28 00:00:00,2024-02-29 00:00:00,7.95,541L85507013C160100002
MI/MIH36Q4CN18,2025-02-26 00:00:00,2024-06-29 00:00:00,7.95,541N538990442030100042
MI/MUE-24HRFN1-QRD0,2019-03-31 00:00:00,2018-08-01 00:00:00,7.95,2410884740761240160020
MI/X1BP-12N8D0-O,2024-05-24 00:00:00,2023-09-25 00:00:00,7.95,541J556040234280820382
MX/NXHPM-V22W/D2RN8,2024-03-18 00:00:00,2023-07-20 00:00:00,7.95,341G288020132250100006
PUHZ-P100VHA,2014-06-30 00:00:00,2013-10-31 00:00:00,7.95,7H1M411G 3K04983
PKA-RP35HAL,2014-03-20 00:00:00,2013-11-19 00:00:00,7.96,L7G6A02S37A13897
M/AHUKZ-03B,2019-03-31 00:00:00,2018-07-31 00:00:00,7.98,C705848041118504400010
MI/MSMBBU12HRFN8QRD6,2019-03-31 00:00:00,2018-07-31 00:00:00,7.98,2413746630377210120078
MX/NXKD-V400FA,2024-01-16 00:00:00,2023-05-18 00:00:00,7.98,340G161580225280100012
MX/NXKD-V400FA,2024-01-16 00:00:00,2023-05-18 00:00:00,7.98,340G161580225280100013
MX/NXKD-V400FA,2024-01-16 00:00:00,2023-05-18 00:00:00,7.98,340G161580225280100014
MX/NXKD-V400FA,2024-01-16 00:00:00,2023-05-18 00:00:00,7.98,340G161580225280100015
MX/NXKD-V400FA,2024-01-16 00:00:00,2023-05-18 00:00:00,7.98,340G161580225280100016
MX/NXKD-V400FA,2024-01-16 00:00:00,2023-05-18 00:00:00,7.98,340G161580225280100017
MX/NXKD-V400FA,2024-01-16 00:00:00,2023-05-18 00:00:00,7.98,340G161580225280100019
MD/MCD48HRFNXQRDA,2019-07-31 00:00:00,2019-05-31 00:00:00,8,3405890570385250160007
M/MI-56Q4/DHN1-D,2019-03-31 00:00:00,2018-11-29 00:00:00,8.02,C701442620416405400038
MD/MOB3112HFN1QRD0GW,2019-03-31 00:00:00,2018-07-30 00:00:00,8.02,2401713990465160150034
MD/MOX33018HFN8QRD0N,2024-04-17 00:00:00,2023-08-17 00:00:00,8.02,540J258890433220830016
MD/MSAEBU12HRFNXQRD0,2019-03-31 00:00:00,2018-07-30 00:00:00,8.02,3405834320385070120137
MI/AGF-18NXD1-I,2024-11-22 00:00:00,2024-07-23 00:00:00,8.02,541P344480545060130152
MI/HBT-A160/240CDS9B,2023-11-30 00:00:00,2023-03-31 00:00:00,8.02,341G347310228250300019
MI/MHC-V22W/D2RN8,2024-02-12 00:00:00,2023-10-13 00:00:00,8.02,341G288020132250100004
MI/MHC-V30W/D2RN8,2023-11-30 00:00:00,2023-03-31 00:00:00,8.02,341F743970931180100001
MI/MHC-V6W/D2N8-B,2023-04-30 00:00:00,2022-08-29 00:00:00,8.02,341F749540124140100036
MI/MOX630U-48HFN8RGA,2025-01-24 00:00:00,2024-09-24 00:00:00,8.02,541P717770447100150080
MI/X2-12N8D6-O,2023-11-30 00:00:00,2023-03-31 00:00:00,8.02,541H543310331020120021
MSTCAU09HRFN1QR,2016-01-22 00:00:00,2015-09-22 00:00:00,8.02,D200073060215409120013
MX/NX4OB-36HFN8-QH,2025-04-24 00:00:00,2024-12-23 00:00:00,8.02,540K586530636220150002
MXZ-8B140VA,2013-08-05 00:00:00,2012-12-04 00:00:00,8.02,L7H9M76S26U02309
M/MI-22Q4/DHN1-A3,2017-06-12 00:00:00,2016-10-10 00:00:00,8.05,C701902560616619400025
M/MSABAU-07HRFN1-QD0,2016-08-24 00:00:00,2015-12-23 00:00:00,8.05,D210244810115802120062
M/MSMBBU-09HRFN1-QD0,2016-06-10 00:00:00,2015-10-09 00:00:00,8.05,D210058950115329120036
M/MSMBDU-24HRFN1-QD0,2016-10-13 00:00:00,2016-02-11 00:00:00,8.05,D210233580715722120018
MD/MOCA3024HFN8QRD0,2019-07-31 00:00:00,2018-11-28 00:00:00,8.05,3406655660689230130099
MI/AG-09NXD1-I,2025-02-06 00:00:00,2024-06-06 00:00:00,8.05,541K449120137070130055
MI/AGF-12NXD1-I,2025-03-26 00:00:00,2024-07-24 00:00:00,8.05,541P344480345080130214
MOV150HN1R,2016-01-29 00:00:00,2015-05-29 00:00:00,8.05,C703194401714726400002
T-C1500E.EE.NT,2013-07-12 00:00:00,2012-11-09 00:00:00,8.05,101186
MD/MSAEAU09HRFN1QRD0,2017-04-05 00:00:00,2016-08-02 00:00:00,8.08,2401713990165170120140
MI/AGBP-12NXD0-I,2024-07-03 00:00:00,2023-10-31 00:00:00,8.08,541J612950135050810182
MI/MCD-36HRFN1-Z-QD0,2019-05-31 00:00:00,2018-09-27 00:00:00,8.08,2413244870573060160041
MSZ-SF15VA,2015-05-14 00:00:00,2014-09-10 00:00:00,8.08,L20E32CS4005313T
PUHZ-SHW112YHA,2015-12-31 00:00:00,2015-04-29 00:00:00,8.08,7H1SH11 5B00388
M/MDV-V400W/DRN1,2018-05-30 00:00:00,2017-09-25 00:00:00,8.11,C703329251417307400003
MI/M3OA-27HFN8-QH,2024-04-17 00:00:00,2023-08-14 00:00:00,8.11,541K315870535200150036
MI/MCD-36HRFN1-Z-QD0,2019-05-31 00:00:00,2018-09-26 00:00:00,8.11,2413244870573060160041
MI/MHC-V8W/D2N8-B2,2024-02-29 00:00:00,2023-06-27 00:00:00,8.11,341G84745012B050100022
MUZ-SF50VE,2014-10-23 00:00:00,2014-02-18 00:00:00,8.11,L20E2C3S3002007T
MX/NXHPM-V12W/D2RN8,2023-12-27 00:00:00,2023-04-24 00:00:00,8.11,340H537270231020100047
MD/AHB-A100/CD9,2023-06-12 00:00:00,2022-10-07 00:00:00,8.15,34VG265630527230100028
MD/CSTB-55R32IVT-IN,2025-05-08 00:00:00,2024-09-02 00:00:00,8.15,54VN736160843140160005
MI/MB-12N8D6-I,2019-03-31 00:00:00,2018-07-26 00:00:00,8.15,3415834330285080840214
MI/MOD30U-42HFN8RGA,2024-08-01 00:00:00,2023-11-27 00:00:00,8.15,541K471460339010150018
MI/MTI-36FNXD0,2019-03-31 00:00:00,2018-07-26 00:00:00,8.15,3415844590485270160019
MI/MUE-55HRFN1-QRD0,2017-01-12 00:00:00,2016-05-09 00:00:00,8.15,D210058980615323160012
MSTCAU09HRFN1QROU,2016-09-29 00:00:00,2016-01-25 00:00:00,8.15,D200073060315411130009
M/MI-28G/DHN1-M,2019-03-31 00:00:00,2018-07-25 00:00:00,8.18,C705847971218511400025
MD/MOEA48HFN1QRDA,2019-03-31 00:00:00,2018-07-25 00:00:00,8.18,2403801980878310160007
MI/CB1-18HRFN8-I,2025-05-06 00:00:00,2024-08-30 00:00:00,8.18,541P720630146150810012
MI/X4-24N8D0-OH,2025-06-20 00:00:00,2024-10-14 00:00:00,8.18,541N431230141250120011
MSR23U18HRDN1QROU,2014-09-02 00:00:00,2013-12-27 00:00:00,8.18,D202079120813517120026
H/TAUR0091,2017-03-06 00:00:00,2016-06-29 00:00:00,8.21,HF1605064247
M/MOD30U-30HFN1-QRD0,2019-03-31 00:00:00,2018-07-24 00:00:00,8.21,2413245420273210160006
MI/MIH22GN18,2025-06-25 00:00:00,2024-10-18 00:00:00,8.21,541N983540144050100035
MSR112HRN1QC2,2014-04-14 00:00:00,2013-08-07 00:00:00,8.21,D202084010113527120041
MX/NXKA-V750F,2019-04-30 00:00:00,2018-08-23 00:00:00,8.21,C706141390987054000018
M/MV5-X280W/V2GN1,2016-03-30 00:00:00,2015-11-26 00:00:00,8.22,C703209721915106400005
MI/MHC-V18W/D2RN8,2025-08-11 00:00:00,2025-04-08 00:00:00,8.22,541P249580144190100005
MX/NXRHP-35BWM-1B,2019-03-31 00:00:00,2018-11-26 00:00:00,8.22,3405844440185290830063
M/MDV-V260W/DRN1,2019-03-31 00:00:00,2018-07-23 00:00:00,8.25,C705848010218514400008
MD/MOBA18HFN8QRDA,2019-07-31 00:00:00,2018-11-22 00:00:00,8.25,3406599450489210130010
MI/AGBP-18NXD0-I,2025-04-08 00:00:00,2024-07-31 00:00:00,8.25,541L25653033A070130018
MI/AGBP-24NXD0-I,2024-01-16 00:00:00,2023-05-10 00:00:00,8.25,541F678530224240850152
MI/HB-A60/CD30GN8B,2023-04-30 00:00:00,2022-08-22 00:00:00,8.25,341F745640525230100036
MI/MCA3U12HRFN1QD0,2017-06-05 00:00:00,2016-09-27 00:00:00,8.25,2411797620166160160041
MI/MHA-V8W/D2N8-B,2023-10-30 00:00:00,2023-02-21 00:00:00,8.25,341H10472012B020100012
MI/MTI-48FNXD0,2019-03-31 00:00:00,2018-07-23 00:00:00,8.25,3415844590585250160015
M/AHUKZ-03A,2017-12-12 00:00:00,2017-08-08 00:00:00,8.28,C701747862016502400008
MD/FR18HRFN8QRD0,2025-04-09 00:00:00,2024-07-31 00:00:00,8.28,54VN816610545050170120
MD/MOB3112HFN1QRD0GW,2017-08-22 00:00:00,2016-12-13 00:00:00,8.28,2401791190665160150165
MD/MSAEBU12HRFN1QRD0,2017-08-22 00:00:00,2016-12-13 00:00:00,8.28,2401713990365170120414
MI/CE-MBQ-03C4_POL,2025-02-20 00:00:00,2024-06-13 00:00:00,8.28,341F74321152A200100195
MI/M3OA-27HFN8-QH,2024-04-17 00:00:00,2023-08-09 00:00:00,8.28,541K315870535200150036
MI/MHC-V10W/D2N8-B2,2023-10-30 00:00:00,2023-09-18 00:00:00,8.28,341H31820012B160100012
MI/MHC-V16WD2RN7E30,2025-01-28 00:00:00,2024-09-24 00:00:00,8.28,541P742430146070100008
MI/MI2-80Q4DN1,2023-06-06 00:00:00,2023-01-31 00:00:00,8.28,341F74321042A200100124
MI/MIH22GN18,2025-03-27 00:00:00,2024-07-18 00:00:00,8.28,541N983540144050100011
MI/MIH28GN18,2025-07-01 00:00:00,2024-10-22 00:00:00,8.28,541P864970346220100019
MI/MTI-24HWFNX-GA,2023-05-31 00:00:00,2023-01-25 00:00:00,8.28,541H32581052B180160018
MI/MUE-55HRFN1-QRD0,2016-09-08 00:00:00,2015-12-31 00:00:00,8.28,D210058980615323160001
MI/MUE-55HRFN1-QRD0,2016-09-08 00:00:00,2015-12-31 00:00:00,8.28,D210058980615323160011
MS12F809HRDN1C8OU,2017-02-28 00:00:00,2016-06-21 00:00:00,8.28,D200101740215504130049
MS12F812HRDN1C8,2017-01-03 00:00:00,2016-04-26 00:00:00,8.28,D200101740315429120348
MX/NXHPM-V14W/D2RN8,2025-01-23 00:00:00,2024-10-31 00:00:00,8.28,540P079930143280100036
HX/NXERV-1300V1,2019-05-31 00:00:00,2018-09-20 00:00:00,8.31,F81070187
M40C36HRDN1Q,2014-12-10 00:00:00,2014-04-01 00:00:00,8.31,D202115330513909160011
MD/MOBA18HFN8QRDA,2019-05-31 00:00:00,2018-09-20 00:00:00,8.31,3406090060387040130053
MD/MOBA3009HFN8QRD0,2023-11-02 00:00:00,2023-02-22 00:00:00,8.31,340A648050206040120040
MI/AHUKZ-02D,2025-05-06 00:00:00,2024-08-26 00:00:00,8.31,541N928710544110100004
MI/MHA-V4W/D2N8-B,2025-01-07 00:00:00,2024-04-29 00:00:00,8.31,541L492890141090100036
MI/MIH22Q4CN18,2025-05-30 00:00:00,2024-09-19 00:00:00,8.31,541P612350545210100037
M/MDV-V105W/DN1,2018-06-07 00:00:00,2018-01-31 00:00:00,8.34,C704532930617A08400015
M/MDV-V260W/DRN1,2016-03-23 00:00:00,2015-07-13 00:00:00,8.34,C703194832414802400027
MD/MOX13312HFN8QRD0,2023-06-30 00:00:00,2022-10-19 00:00:00,8.34,340F435600223090810256
MI/MHA-V4W/D2N8-B,2024-01-16 00:00:00,2023-09-11 00:00:00,8.34,341F745770125240100072
MI/HB-A100/CDS90GN8B,2023-04-30 00:00:00,2022-08-18 00:00:00,8.38,341G198520225180100084
MI/MVI-335WV2RN1A,2024-06-17 00:00:00,2023-10-06 00:00:00,8.38,34VE332990522220100002
MOB30U18HFN1QRD0,2017-08-03 00:00:00,2016-11-21 00:00:00,8.38,2411797740466060150008
MD/MCD48HRFNXQRDA,2019-07-31 00:00:00,2019-05-28 00:00:00,8.4,3405890570385250160007
MI/MOE30U-48HFN1-RD0,2018-01-17 00:00:00,2017-09-11 00:00:00,8.4,2413597970577280160025
M/MOD30U-30HFN1-QRD0,2017-06-23 00:00:00,2016-10-10 00:00:00,8.41,2411657880965170160066
MI/MOU-18FN1-QD0,2019-03-31 00:00:00,2018-07-18 00:00:00,8.41,3415666690284200130049
MI/MSMBAU09HRFN1QRD0,2019-05-31 00:00:00,2018-09-17 00:00:00,8.41,3415242890182070840062
MI/MTI-24FNXD0,2019-03-31 00:00:00,2018-07-18 00:00:00,8.41,3415643180684210160009
MSZ-EF22VEW,2015-02-10 00:00:00,2014-05-30 00:00:00,8.41,L20E10WS3003813T
MX/NXHPM-V10W/D2N8,2024-08-06 00:00:00,2023-11-24 00:00:00,8.41,541K814480138190100053
PUHZ-SHW140YHA,2013-12-10 00:00:00,2013-03-29 00:00:00,8.41,L7HJN09S22U01222
MD/MOB0218HFN8QRD0,2019-03-31 00:00:00,2018-07-17 00:00:00,8.44,3405592280685030840001
MD/MOCA3024HFN8QRD0,2019-03-31 00:00:00,2018-07-17 00:00:00,8.44,3405516610884040130016
MI/MHC-V8W/D2N8-B2,2025-03-04 00:00:00,2024-06-20 00:00:00,8.44,541N081420141270100021
MI/MOD30U-36HFN8RGA,2024-05-22 00:00:00,2023-09-08 00:00:00,8.44,541H53166012C190150032
MI/MVI-260WV2RN1A,2024-12-10 00:00:00,2024-03-28 00:00:00,8.44,54VK24888013C010100017
MSZ-SF15VA,2015-05-25 00:00:00,2014-09-10 00:00:00,8.44,L20E32CS4005313T
PEFY-P100VMA-E,2013-06-04 00:00:00,2012-09-20 00:00:00,8.44,7HFJ13G 2C00399
PEFY-P100VMA-E,2013-06-04 00:00:00,2012-09-20 00:00:00,8.44,7HFJ13G 2D00634
PUHZ-P140VHA,2014-06-17 00:00:00,2013-10-03 00:00:00,8.44,7H1P610G 2F00995
M/MI-45T2/DHN1-DA5,2017-07-13 00:00:00,2016-10-28 00:00:00,8.48,C701902561416615400002
MI/MCD-24HRFN1-Z-QD0,2019-03-31 00:00:00,2018-07-16 00:00:00,8.48,2413244870473050160068
MI/MOX430U-24HFN8QGA,2024-08-13 00:00:00,2023-11-29 00:00:00,8.48,541K471190239010150009
MSR23U12HRDN1Q8OU,2016-03-10 00:00:00,2015-06-26 00:00:00,8.48,D202179890614228130466
MUZ-HJ35VA,2015-05-25 00:00:00,2014-09-09 00:00:00,8.48,L20E3C8S4026432T
MX/NXHPM-V10W/D2N8,2024-03-18 00:00:00,2023-11-10 00:00:00,8.48,540K441350138190100031
MX/NXKA-V600FA,2024-02-29 00:00:00,2023-06-16 00:00:00,8.48,340H50004042C120100034
PUHY-P300YJM-A,2015-12-14 00:00:00,2015-03-31 00:00:00,8.48,7GFYC849W08264
M/MDV-D22Q1/N1-D,2017-07-07 00:00:00,2016-10-21 00:00:00,8.51,C703230452715613400006
MD/M4OB36HFN8QAH,2025-07-11 00:00:00,2024-10-25 00:00:00,8.51,54VN432050641240150003
MDVD22G/N1-S,2017-12-08 00:00:00,2017-03-24 00:00:00,8.51,C702579491016B03400064
MI/MCD1-24HRFNX-GA,2023-06-30 00:00:00,2022-10-14 00:00:00,8.51,541F381210524150160020
MI/MHC-V30W/D2RN8,2024-04-19 00:00:00,2023-08-04 00:00:00,8.51,341G837980132250100002
MS12F809HRDN1C8,2015-10-26 00:00:00,2015-02-09 00:00:00,8.51,D202222830414517120045
MX/NXHPM-V8W/D2N8,2024-01-31 00:00:00,2023-05-17 00:00:00,8.51,340H37787032C040100113
PLFY-P50VBM-E,2014-01-28 00:00:00,2013-05-14 00:00:00,8.51,7H8E845G 3A00272
MI/AGBP-18NXD0-I,2023-06-09 00:00:00,2022-09-22 00:00:00,8.54,541F791350325030850016
MI/MCD1-36HRFN8-GA,2024-08-22 00:00:00,2023-12-06 00:00:00,8.54,541K471460239010160031
MSTCDU24HRFN1QR,2016-06-16 00:00:00,2015-09-30 00:00:00,8.54,D200073060715410120013
MSTCDU24HRFN1QROU,2016-06-16 00:00:00,2015-09-30 00:00:00,8.54,D200031220815310150027
MSTCDU24HRFN1QROU,2016-06-16 00:00:00,2015-09-30 00:00:00,8.54,D200031220815310150038
MX/NXHB-A60/CD3,2025-03-18 00:00:00,2024-11-08 00:00:00,8.54,340G169930428030100004
M/MI-22G/DHN1-M,2019-03-31 00:00:00,2018-07-13 00:00:00,8.57,C705847971118511400105
M/MI-22Q4/DHN1-A3,2017-06-28 00:00:00,2016-10-10 00:00:00,8.57,C701902560616619400025
M/MSABAU-07HRFN1-QD0,2016-09-09 00:00:00,2015-12-23 00:00:00,8.57,D210244810115802120062
MD/CSTS-18R32IVT-IN,2024-08-28 00:00:00,2023-12-11 00:00:00,8.57,54VL25310073A050160021
MD/MSAFCU18HRFN8QRD0,2019-03-31 00:00:00,2018-07-13 00:00:00,8.57,3405592280585040820092
MI/CB1-12HRFN8-I,2024-11-22 00:00:00,2024-03-06 00:00:00,8.57,541J608190335130130027
MI/MHC-V6W/D2N8-B,2023-05-19 00:00:00,2022-08-31 00:00:00,8.57,341F749540124140100030
MSR112HRN1QC2,2014-04-25 00:00:00,2013-08-07 00:00:00,8.57,D202084010113527120041
MX/NXHPM-V22W/D2RN8,2025-05-08 00:00:00,2024-08-20 00:00:00,8.57,540N536520144010100001
MI/MCD1-36HRFN8-GA,2025-02-03 00:00:00,2024-09-25 00:00:00,8.6,541N692060343290160016
MI/MSFAAU-12HRFN8-I,2023-07-31 00:00:00,2023-03-22 00:00:00,8.6,341F374840323150260118
MI/X1BP-12N8D0-O,2023-07-31 00:00:00,2023-03-22 00:00:00,8.6,541F678410225090810196
MD/MDV-045Q4/DN1,2023-11-02 00:00:00,2023-02-13 00:00:00,8.61,34VF735970728250100011
MD/MDV-045Q4/DN1,2023-11-02 00:00:00,2023-02-13 00:00:00,8.61,34VF735970728250100019
MD/MSAEBU12HRFNXQRD0,2019-03-31 00:00:00,2018-07-12 00:00:00,8.61,3405516610384020120009
MDVD36G/N1-S,2014-02-06 00:00:00,2013-05-20 00:00:00,8.61,C703095590611623400048
M/MI-56Q4/DHN1-D,2018-03-20 00:00:00,2017-06-30 00:00:00,8.64,C702662711416C02400014
M/MOB30U-18HFN1-QRD0,2017-02-27 00:00:00,2016-06-09 00:00:00,8.64,2411201120563160150046
MD/MOB0218HFN8QRD0,2019-03-31 00:00:00,2018-07-11 00:00:00,8.64,3405592280685030840087
MD/MSAEAU09HRFN1QRD0,2017-06-20 00:00:00,2016-09-30 00:00:00,8.64,2401713990165170120050
MI/MOX330U-18HFN8QGA,2024-06-17 00:00:00,2023-09-28 00:00:00,8.64,341D95483071B060120036
MI/X1BP-12N8D0-O,2024-04-19 00:00:00,2023-07-31 00:00:00,8.64,541K395350235250840014
MS12F809HRDN1C8,2015-10-30 00:00:00,2015-02-09 00:00:00,8.64,D202222830414517120045
MSR23U18HRDN1QR,2015-05-19 00:00:00,2014-08-29 00:00:00,8.64,D202132210313B05120024
G/VLS274CS0A,2025-05-22 00:00:00,2024-08-31 00:00:00,8.67,24700369
M/MKD-300S,2017-09-13 00:00:00,2016-12-23 00:00:00,8.67,C702245760616904400005
MI/AHUKZ-03D,2025-07-15 00:00:00,2024-10-24 00:00:00,8.67,541N928711544110100011
MI/HB-A160/CDS90GN8B,2023-12-27 00:00:00,2023-04-07 00:00:00,8.67,341H10751072B250100081
MI/HBT-A100/190CDS9B,2024-02-12 00:00:00,2023-05-24 00:00:00,8.67,341G92697012B080300003
MI/MHA-V14W/D2RN8-B,2023-12-27 00:00:00,2023-04-07 00:00:00,8.67,341H607680231020100010
PUHZ-RP100VKA,2013-07-10 00:00:00,2012-10-19 00:00:00,8.67,L7H1M29S11U11608
M/MI-15Q4/DHN1-A3,2018-06-11 00:00:00,2018-01-30 00:00:00,8.68,C703219680515327400011
MI/M2OE-18HFN8-QH,2024-09-03 00:00:00,2024-04-24 00:00:00,8.68,541N432030141250150032
MI/MIH28GN18_N,2025-04-14 00:00:00,2024-12-03 00:00:00,8.68,541N539120142210100139
M/MDV-V140W/DN1,2017-06-22 00:00:00,2016-09-30 00:00:00,8.71,C703247560315A20400001
M/MI-22G/DHN1-M,2017-07-12 00:00:00,2016-10-20 00:00:00,8.71,C701902562116612400101
M/MOB01-18HFN1-QD0W,2016-09-21 00:00:00,2015-12-31 00:00:00,8.71,D210058950615325130008
MD/MI-140T2/DHN1-BA5,2019-03-31 00:00:00,2018-07-09 00:00:00,8.71,C702245820416908400006
MD/MI-140T2/DHN1-BA5,2019-03-31 00:00:00,2018-07-09 00:00:00,8.71,C702245820416908400007
MD/MI-140T2/DHN1-BA5,2019-03-31 00:00:00,2018-07-09 00:00:00,8.71,C702245820416908400008
MD/MI-140T2/DHN1-BA5,2019-03-31 00:00:00,2018-07-09 00:00:00,8.71,C702245820416908400009
MDV450(16WDRN1B,2015-08-11 00:00:00,2014-11-19 00:00:00,8.71,C703107590611B17400007
MI/MOU-24FN1-QD0,2019-03-31 00:00:00,2018-07-09 00:00:00,8.71,3415242940683060150078
WL1363BD/6HERA,2017-03-22 00:00:00,2016-06-30 00:00:00,8.71,N10M00S016001306002000
M/MKD-300S,2017-09-13 00:00:00,2016-12-21 00:00:00,8.74,C702245760616904400005
MCA2I09HRFN1QRC8,2015-07-07 00:00:00,2014-10-14 00:00:00,8.74,D202236650114619160021
MD/AFBU12HRDNXQRD0,2023-06-30 00:00:00,2022-10-07 00:00:00,8.74,54V2200004527260820084
MD/MOX43124HFN8QRD0N,2025-01-21 00:00:00,2024-04-30 00:00:00,8.74,54VL74268063B180870001
MI/MSMACU18HRFN1QD0,2016-08-18 00:00:00,2016-04-07 00:00:00,8.74,2411110290563140120018
MX/NXHPS-V12W/D2RN8,2024-01-16 00:00:00,2023-09-05 00:00:00,8.74,340H537270131050100050
M/MI-22Q4/DHN1-A3,2017-07-04 00:00:00,2016-10-10 00:00:00,8.77,C701902560616619400025
M/MI-28T2/DHN1-DA5,2017-06-22 00:00:00,2016-09-28 00:00:00,8.77,C701442580716407400003
MI/AHUKZ-02D,2025-07-15 00:00:00,2024-10-21 00:00:00,8.77,541N928710544110100012
MI/AHUKZ-02D,2025-07-15 00:00:00,2024-10-21 00:00:00,8.77,541N928710544110100035
MI/AHUKZ-02D,2025-07-15 00:00:00,2024-10-21 00:00:00,8.77,541N928710544110100037
MI/AHUKZ-03D,2025-07-15 00:00:00,2024-10-21 00:00:00,8.77,341H31206022C040100005
MI/AHUKZ-03D,2025-07-15 00:00:00,2024-10-21 00:00:00,8.77,341H31206022C040100009
MI/AHUKZ-03D,2025-07-15 00:00:00,2024-10-21 00:00:00,8.77,341H31206022C040100025
MI/MVI-260WV2RN1A,2024-12-20 00:00:00,2024-03-28 00:00:00,8.77,54VK24888013C010100017
MOUE60HDN1R,2015-10-15 00:00:00,2015-01-21 00:00:00,8.77,D202130410913A24160008
M/MDV-V260W/DRN1,2019-03-31 00:00:00,2018-07-06 00:00:00,8.8,C705578190318404400005
MD/AHB-A100/CD9,2023-06-30 00:00:00,2022-10-05 00:00:00,8.8,34VG265630527230100020
MI/MSFAAU-12HRFN8-I,2025-05-08 00:00:00,2024-08-13 00:00:00,8.8,541L74207023B170210125
MI/MTI-55FNXD0,2019-03-31 00:00:00,2018-07-06 00:00:00,8.8,3415643180184210160010
MOU24HN1Q,2015-02-18 00:00:00,2014-05-26 00:00:00,8.8,D202105070713713150022
G-SCX082CS0A_01,2019-03-31 00:00:00,2018-07-05 00:00:00,8.84,18700420
M/MI-112Q4/DHN1-D,2019-03-31 00:00:00,2018-07-05 00:00:00,8.84,C702245820716912400002
MD/M3OE27HFN1Q,2017-06-02 00:00:00,2016-09-06 00:00:00,8.84,2401710530665180160009
MD/M4OB36HFN1Q,2017-06-02 00:00:00,2016-09-06 00:00:00,8.84,2411797510466030160012
MI/M2OE-18HFN8-Q,2023-11-30 00:00:00,2023-03-06 00:00:00,8.84,341F326910222240150052
MI/MHC-V12W/D2RN8-B2,2023-04-30 00:00:00,2022-08-04 00:00:00,8.84,341F920330325050100029
MI/MSMACU18HRFN1QD0,2019-03-31 00:00:00,2018-07-05 00:00:00,8.84,3415686850185210820146
MI/MTI-55FNXD0,2019-03-31 00:00:00,2018-07-05 00:00:00,8.84,3415643180184210160010
MI/MVI-560WV2RN1(A),2024-12-19 00:00:00,2024-03-25 00:00:00,8.84,541L24068013C160300003
MI/MCD1-36HRFN8-GA,2024-06-21 00:00:00,2024-02-07 00:00:00,8.86,541K47165023A210160008
M/MOB30U-18HFN1-QRD0,2017-03-06 00:00:00,2016-06-09 00:00:00,8.87,2411201120563160150046
M/MOD30U-30HFN1-QRD0,2017-07-07 00:00:00,2016-10-10 00:00:00,8.87,2411657880965170160066
MI/AG-12NXD1-IH,2025-07-08 00:00:00,2024-10-11 00:00:00,8.87,541Q099610247260130015
MI/MB-09N8D6-I,2019-03-31 00:00:00,2018-07-04 00:00:00,8.87,3415543550184110840022
MI/MBT-09N8D6-OH,2019-03-31 00:00:00,2018-07-04 00:00:00,8.87,3415391680283180840012
MI/MI2-28Q4CDN1,2023-06-30 00:00:00,2022-10-03 00:00:00,8.87,341F806500224060100011
MI/MIH22GN18,2025-06-09 00:00:00,2024-09-12 00:00:00,8.87,541N983620144150100054
MI/MSMABU12HRDN1QD0,2019-03-31 00:00:00,2018-07-04 00:00:00,8.87,2413811570376130810262
MI/MSMACU18HRFN1QD0,2019-03-31 00:00:00,2018-07-04 00:00:00,8.87,3415686850185210820094
MI/MSMACU18HRFN1QD0,2019-03-31 00:00:00,2018-07-04 00:00:00,8.87,3415686850185210820140
MI/MSMACU18HRFN1QD0,2019-03-31 00:00:00,2018-07-04 00:00:00,8.87,3415686850185210820141
MI/MSMACU18HRFN1QD0,2019-03-31 00:00:00,2018-07-04 00:00:00,8.87,3415686850185210820160
MSTCBU12HRFN1QROU,2016-08-09 00:00:00,2015-11-13 00:00:00,8.87,D200073060415411130039
MSTCCU18HRFN1QROU,2016-08-09 00:00:00,2015-11-13 00:00:00,8.87,D200073060615409150008
MSZ-GF71VE,2015-02-17 00:00:00,2014-05-23 00:00:00,8.87,L20E20SS3003062T
M/AHUKZ-03A,2017-06-28 00:00:00,2016-09-30 00:00:00,8.9,C703218272215307400063
M/MDV-V140W/DN1,2017-06-28 00:00:00,2016-09-30 00:00:00,8.9,C703247560315A20400001
MD/AHPM-V12W/D2RN8,2023-12-27 00:00:00,2023-03-31 00:00:00,8.9,34VH537380231030100005
MI/AHUKZ-03D,2019-03-31 00:00:00,2018-07-03 00:00:00,8.9,C701747862016502400005
MI/HBT-A100/190CDS9B,2023-12-27 00:00:00,2023-03-31 00:00:00,8.9,341G347310128250300042
MI/MOU-24FN1-QD0,2019-03-31 00:00:00,2018-07-03 00:00:00,8.9,3415242940683060150078
MI/MTI-55FNXD0,2019-03-31 00:00:00,2018-07-03 00:00:00,8.9,3415643180184210160017
MOV150HN1R,2016-08-30 00:00:00,2015-12-03 00:00:00,8.9,C703201860514A17400003
MX/NXHPM-V12W/D2RN8,2023-05-31 00:00:00,2022-09-02 00:00:00,8.9,340G166340926200100006
M/MOB01-18HFN1-QD0W,2019-03-31 00:00:00,2018-07-02 00:00:00,8.94,D212312810515110130059
M/MOYU-36HFN1-QRD0,2016-05-02 00:00:00,2015-08-04 00:00:00,8.94,D210059140815325160036
M/MSABBU-12HRDN1-QC8,2016-04-28 00:00:00,2015-07-31 00:00:00,8.94,D212322480115117120037
M/MSMBDU-24HRFN1-QD0,2016-11-17 00:00:00,2016-07-04 00:00:00,8.94,D210058950715319120010
MD/AFCU18HRFN8QRD0,2024-12-11 00:00:00,2024-03-14 00:00:00,8.94,54VL74268033B180860067
MD/MOBA3009HFN8QRD0,2019-03-31 00:00:00,2018-07-02 00:00:00,8.94,3405834320285040130119
MD/OP12HRFN8QRE3,2025-01-13 00:00:00,2024-04-16 00:00:00,8.94,54VK478400138160130128
MI/HBT-A100/190CD3B,2024-06-27 00:00:00,2023-09-29 00:00:00,8.94,34VG265240129030300013
MI/MHA-V16W/D2RN8-B,2024-11-19 00:00:00,2024-02-21 00:00:00,8.94,341H31162052C040100007
MI/MI2-22GDN1,2024-03-28 00:00:00,2023-06-30 00:00:00,8.94,341F921080131120100295
MI/MOD30U-42HFN8RGA,2023-07-31 00:00:00,2023-03-17 00:00:00,8.94,341D95397131A140150022
MI/MSMADU24HRFN1QD0,2017-07-24 00:00:00,2016-10-25 00:00:00,8.94,2411653770765090120031
MI/MTI-55FNXD0,2019-03-31 00:00:00,2018-07-02 00:00:00,8.94,3415643180184210160017
MOU60HFN1Q,2017-02-20 00:00:00,2016-10-07 00:00:00,8.94,D202250520814729160033
MUE30HRFN1QRC8,2016-02-19 00:00:00,2015-10-06 00:00:00,8.94,D200226810115708160020
PUHZ-SHW140YHA,2015-04-02 00:00:00,2014-07-04 00:00:00,8.94,L7HJN09S35U01780
M/MDVS-280W/DRN1,2023-06-30 00:00:00,2022-09-30 00:00:00,8.97,C705938970218602400001
M/MSABBU-12HRDN1-QC8,2016-08-25 00:00:00,2015-11-26 00:00:00,8.97,D212322480115117120041
M/MV5-X560W/V2GN1,2016-12-20 00:00:00,2016-03-22 00:00:00,8.97,C703218311215306400005
MI/MHA-V8W/D2N8-B,2023-05-31 00:00:00,2022-08-31 00:00:00,8.97,341F745770225170100033
MI/MUE-36HRFNX-GA,2023-06-30 00:00:00,2022-09-30 00:00:00,8.97,541F381760224130160001
MSTCCU18HRFN1QR,2016-05-13 00:00:00,2015-08-14 00:00:00,8.97,D200073060515413120031
MXZ-2D53VA,2014-04-08 00:00:00,2013-07-09 00:00:00,8.97,L20E3C2S3002514T
M/AHUKZ-02N1,2024-01-16 00:00:00,2023-04-17 00:00:00,9,34VF90045072A140100001
M/MOYU-36HFN1-QRD0,2016-05-04 00:00:00,2015-08-04 00:00:00,9,D210059140815325160036
MD/AHPS-V8W/D2N8,2023-12-27 00:00:00,2023-03-28 00:00:00,9,34VH34446012B270100045
MD/MDV-280T1/DN1,2023-08-31 00:00:00,2022-11-30 00:00:00,9,34VF735970928250100013
MI/MHA-V6W/D2N8-B,2024-04-30 00:00:00,2023-07-31 00:00:00,9,341F915970424280100004
MX/NXRM-OD70B-1CH-P,2025-03-31 00:00:00,2024-06-30 00:00:00,9,540G065980825300870035
G-EF06CPMA,2015-04-01 00:00:00,2014-06-30 00:00:00,9.03,14026489
MD/MOX13312HFN8QRD0N,2023-05-31 00:00:00,2022-08-29 00:00:00,9.03,340F338320423070830308
MD/MOX43124HFN8QRD0N,2025-01-30 00:00:00,2024-04-30 00:00:00,9.03,54VL74268063B180870001
MD/MSAFCU18HRFN8-W,2023-04-30 00:00:00,2022-07-29 00:00:00,9.03,340F435600323080850082
MD/MV6-I785WV2GN1-E,2023-11-30 00:00:00,2023-02-28 00:00:00,9.03,34VF735910325070100003
MDVD28Q4/N1-A3,2019-03-31 00:00:00,2018-06-29 00:00:00,9.03,C705790011818510400022
MI/HB-A100/CDS90GN8B,2023-04-30 00:00:00,2022-07-29 00:00:00,9.03,341G198520225180100084
MI/MCD-18HRFN1-QD0,2019-03-31 00:00:00,2018-06-29 00:00:00,9.03,2411657880465090160096
MI/MCD-24HRFN1-Z-QD0,2019-03-31 00:00:00,2018-06-29 00:00:00,9.03,2413244870473050160066
MI/MCD-48HRFN1-QD0,2019-03-31 00:00:00,2018-06-29 00:00:00,9.03,D210058970915323160006
MI/MHC-V10W/D2N8-B2,2023-06-30 00:00:00,2022-09-28 00:00:00,9.03,341G288000127260100047
MI/MHC-V6W/D2N8-B,2023-05-31 00:00:00,2022-08-29 00:00:00,9.03,341F749540124140100036
MX/NXKG-V300C,2025-05-22 00:00:00,2024-08-20 00:00:00,9.03,540J411790635060100080
M/MGBL-D65W/RN1,2016-07-13 00:00:00,2016-02-26 00:00:00,9.06,C703194833014803400001
MDVV200WDRN1,2019-03-31 00:00:00,2018-06-28 00:00:00,9.07,C705790010118511400003
MI/HB-A100/CDS90GN8B,2023-04-30 00:00:00,2022-07-28 00:00:00,9.07,341G198400225170100025
MI/HB-A60/CD30GN8B,2023-04-30 00:00:00,2022-07-28 00:00:00,9.07,341G198400125170100067
MI/HB-A60/CD30GN8B,2023-04-30 00:00:00,2022-07-28 00:00:00,9.07,341G198520125170100019
MI/HB-A60/CD30GN8B,2024-11-28 00:00:00,2024-02-26 00:00:00,9.07,341F743970524040100017
MI/MCD1-24HRFNX-GA,2024-04-26 00:00:00,2023-07-25 00:00:00,9.07,541J550650334270160019
MI/MHA-V6W/D2N8-B,2023-10-30 00:00:00,2023-01-27 00:00:00,9.07,341G076700125240100085
MS12FU12HRDN1QRD0GW,2017-07-03 00:00:00,2016-09-30 00:00:00,9.07,2401302930363260810176
MX/NXHPM-V22W/D2RN8,2024-10-07 00:00:00,2024-01-05 00:00:00,9.07,341G220810232250100001
M/MDV-V400W/DRN1,2018-03-12 00:00:00,2017-06-08 00:00:00,9.1,C702759730417107400005
M4OA36HFN1Q,2016-05-17 00:00:00,2015-08-14 00:00:00,9.1,D212322270415122160014
MD/AFDU24HRFN8QRD0,2023-04-30 00:00:00,2022-07-27 00:00:00,9.1,340F338320723090850068
MI/MA-24NXD0-I,2019-03-31 00:00:00,2018-06-27 00:00:00,9.1,3415758090185060850028
MI/MA-24NXD0-I,2019-03-31 00:00:00,2018-06-27 00:00:00,9.1,3415762680185060850076
MSTCCU18HRFN1QROU,2016-08-16 00:00:00,2015-11-13 00:00:00,9.1,D200073060615409150008
G-LER091CL,2017-09-26 00:00:00,2016-12-22 00:00:00,9.13,HF1610068402
MCD18HRFN1QRD0,2019-03-31 00:00:00,2018-06-26 00:00:00,9.13,2411657880465090160005
MCD18HRFN1QRD0,2019-03-31 00:00:00,2018-06-26 00:00:00,9.13,2411657880465090160007
MCD18HRFN1QRD0,2019-03-31 00:00:00,2018-06-26 00:00:00,9.13,2411657880465090160012
MCD18HRFN1QRD0,2019-03-31 00:00:00,2018-06-26 00:00:00,9.13,2411657880465090160059
MDVD15T2/N1-DA5,2017-03-14 00:00:00,2016-06-09 00:00:00,9.13,C703297151106400002
MI/AHUKZ-03DM,2024-06-04 00:00:00,2023-08-31 00:00:00,9.13,341H31200022C040100005
MI/CB1-09HRFN8-I,2024-09-03 00:00:00,2023-11-30 00:00:00,9.13,541J608190135130130022
MI/MI2-28GDN1,2025-06-03 00:00:00,2024-08-29 00:00:00,9.13,541L55818013B230100086
MI/MOBA03-09HFN1-QD0,2019-03-31 00:00:00,2018-06-26 00:00:00,9.13,2413475890574270830182
MI/MSMBAU09HRFN1QRD0,2019-03-31 00:00:00,2018-06-26 00:00:00,9.13,3415242890182070840201
MI/X4BP-24N8D0-O,2024-02-12 00:00:00,2023-05-10 00:00:00,9.13,541F678530124270870044
MOU60HFN1Q,2016-09-05 00:00:00,2015-12-02 00:00:00,9.13,D202250520814729160057
MX/NXM-25APO1-A,2019-07-17 00:00:00,2019-02-28 00:00:00,9.14,2403321710173230200055
MD/AFBU12HRDNXQRD0,2023-12-27 00:00:00,2023-03-23 00:00:00,9.17,540H57869012C170821206
MI/AG-18NXD0-IH,2023-11-30 00:00:00,2023-02-24 00:00:00,9.17,541G437580128230810105
MI/HB-A160/CDS90GN8B,2023-12-27 00:00:00,2023-03-23 00:00:00,9.17,341H10751072B250100081
MI/MOBA03-09HFN1-QD0,2019-03-31 00:00:00,2018-06-25 00:00:00,9.17,2411698870265120130296
MI/MOBA03-12HFN1-QD0,2019-03-31 00:00:00,2018-06-25 00:00:00,9.17,241291495046C130130171
MI/MSMAAU09HRDN1QD0,2018-04-17 00:00:00,2017-07-12 00:00:00,9.17,2413475890474290810048
MI/MSMBAU09HRFN1QRD0,2017-07-06 00:00:00,2016-09-30 00:00:00,9.17,2411785860165280120247
MX/NXHPM-V10W/D2N8,2024-07-11 00:00:00,2023-10-06 00:00:00,9.17,34VH34446042B240100021
M/MI-90Q4/DHN1-D,2023-12-27 00:00:00,2023-09-25 00:00:00,9.18,C703875171117620400022
MI/MI2-22GDN1,2019-06-30 00:00:00,2019-03-29 00:00:00,9.18,341690200038C030100020
EHSC-YM9E-B,2014-10-30 00:00:00,2014-06-12 00:00:00,9.2,7H1HB09G 4C00096
MDVV180WDRN1,2015-08-25 00:00:00,2014-11-18 00:00:00,9.2,C703162691213917400002
MI/M4OB-36HFN1-Q,2018-04-20 00:00:00,2017-07-14 00:00:00,9.2,2411797510466030160040
MI/MHA-V6W/D2N8-B,2024-05-20 00:00:00,2023-08-14 00:00:00,9.2,341F745640125240100120
MI/MOB02-18HFN1-QD0W,2018-03-19 00:00:00,2017-10-30 00:00:00,9.2,2413476010175030860018
MI/MOD30U-36HFN8RGA,2025-03-11 00:00:00,2024-06-04 00:00:00,9.2,541N692061344010150161
MUE-55HRFN1-QRD0,2016-11-23 00:00:00,2016-07-06 00:00:00,9.2,D200309360115909160003
MD/MOX43124HFN8QRD0N,2025-02-05 00:00:00,2024-04-30 00:00:00,9.23,54VL74268063B180870001
MI/AGBP-18NXD0-I,2023-06-30 00:00:00,2022-09-22 00:00:00,9.23,541F791350325030850016
MI/MSFAAU-09HRFN8-I,2025-05-21 00:00:00,2024-08-13 00:00:00,9.23,541L74207013B170210086
MI/MTI-55HWFNX-GA,2023-09-29 00:00:00,2022-12-22 00:00:00,9.23,341D95244081A100160001
MI/X1BP-12N8D0-O,2023-08-31 00:00:00,2022-11-23 00:00:00,9.23,541F678720224270840255
MSZ-EF35VE2B,2015-07-22 00:00:00,2014-10-14 00:00:00,9.23,L20E42LS4000280T
HX/NXERV-500V1_ST2,2024-07-12 00:00:00,2024-02-22 00:00:00,9.26,F231042529
HX/NXERV-500V1_ST2,2024-07-12 00:00:00,2024-02-22 00:00:00,9.26,F231042530
LGH-35RX5,2014-12-02 00:00:00,2014-07-14 00:00:00,9.26,L546753S00004510
MI/HB-A60/CD30GN8B,2023-04-30 00:00:00,2022-07-22 00:00:00,9.26,341G198400125170100067
MI/HB-A60/CD30GN8B,2023-04-30 00:00:00,2022-07-22 00:00:00,9.26,341G198520125170100019
MI/HB-A60/CD30GN8B,2023-11-30 00:00:00,2023-02-21 00:00:00,9.26,341G92995042B010100002
MI/HBT-A100/190CDS9B,2023-11-30 00:00:00,2023-02-21 00:00:00,9.26,341G347310128250300018
MI/M3OE-27HFN1-Q,2017-10-04 00:00:00,2017-05-16 00:00:00,9.26,2411785820266080160033
MI/MB-09N8D6-I,2019-03-31 00:00:00,2018-06-22 00:00:00,9.26,3415543550184110840006
MI/MCD-24HRFN1-QD0,2017-04-05 00:00:00,2016-06-27 00:00:00,9.26,2411201120663190160022
MI/MI2-28GDN1,2024-05-08 00:00:00,2023-07-31 00:00:00,9.26,341H583310231290100043
MI/MUE-30HRFN1-QRD0,2017-08-31 00:00:00,2016-11-22 00:00:00,9.26,D210233720215716160008
MOU30HDN1Q,2014-09-26 00:00:00,2013-12-18 00:00:00,9.26,D201494370812A24160005
MUB60HRN1R,2015-06-25 00:00:00,2014-09-16 00:00:00,9.26,D202115340413912160015
G-EF06UMX,2014-10-02 00:00:00,2014-06-30 00:00:00,9.27,14023900
HX/NXERV-1000V1,2019-06-30 00:00:00,2018-09-20 00:00:00,9.3,F81070178
MD/MTB24HWFN1QRDA,2019-03-31 00:00:00,2018-06-21 00:00:00,9.3,2403802240578220160006
MI/MB-24N8D0-I,2019-03-31 00:00:00,2018-06-21 00:00:00,9.3,3415666360184090870084
MI/MB-24N8D0-OH,2019-03-31 00:00:00,2018-06-21 00:00:00,9.3,3415666360284080870050
MI/MSMABU12HRDN1QD0,2019-03-31 00:00:00,2018-06-21 00:00:00,9.3,2413811570376130810387
MOB30U18HFN1QRD0,2019-03-31 00:00:00,2018-06-21 00:00:00,9.3,2411657880565160160137
MSR118HRN1QB8OU,2013-12-12 00:00:00,2013-03-04 00:00:00,9.3,D201436540612414130063
MI/AGBP-09NXD0-I,2023-11-30 00:00:00,2023-07-11 00:00:00,9.32,541F677890125070810668
HX/NXERV-800V1_ST2,2025-03-11 00:00:00,2024-05-31 00:00:00,9.33,F231062820
M/MI-28G/DHN1-M,2019-03-31 00:00:00,2018-06-20 00:00:00,9.33,C703152111517218400037
MI/MTI-36HWFNX-GA,2024-06-18 00:00:00,2023-09-08 00:00:00,9.33,541K719800537080160031
MI/MHA-V14W/D2N8-B,2023-05-31 00:00:00,2022-08-19 00:00:00,9.36,341F745770325180100006
G-MPE024C0AA,2015-10-05 00:00:00,2014-12-23 00:00:00,9.4,14701454
M/MI-22G/DHN1-M,2019-03-31 00:00:00,2018-06-18 00:00:00,9.4,C705578191318411400010
MD/MOBA0309HFN8QRD0,2019-07-31 00:00:00,2018-10-18 00:00:00,9.4,3405592280285030830065
MDVD22G/N1-S,2015-12-07 00:00:00,2015-02-24 00:00:00,9.4,C703211760514C26400007
MI/HB-A100/CDS90GN8B,2023-05-31 00:00:00,2022-08-18 00:00:00,9.4,341G198520225180100084
MI/M4OE-28HFN1-Q,2019-03-31 00:00:00,2018-11-08 00:00:00,9.4,2411797510366030160009
MI/MHC-V10W/D2N8-B2,2024-04-25 00:00:00,2023-07-14 00:00:00,9.4,341H31820022B180100025
MI/MOB02-18HFN1-QD0W,2017-02-14 00:00:00,2016-05-04 00:00:00,9.4,2411110290663100150151
MI/MSMAAU09HRDN1QD0,2019-03-31 00:00:00,2018-06-18 00:00:00,9.4,241291495016C140120035
MOV150HN1R,2016-09-14 00:00:00,2015-12-03 00:00:00,9.4,C703201860514A17400003
PUHZ-P125VHA,2015-09-01 00:00:00,2014-11-19 00:00:00,9.4,7H1N510G 1F02101
MI/MIH22GN18,2025-06-26 00:00:00,2024-09-12 00:00:00,9.43,541N983620144150100025
MI/MTI-55HWFNX-GA,2025-03-27 00:00:00,2024-06-13 00:00:00,9.43,541N459360142230160002
MOUA60HN1R,2014-02-21 00:00:00,2013-05-10 00:00:00,9.43,D201409760312213160016
MOV192HN1R,2018-04-30 00:00:00,2017-07-17 00:00:00,9.43,C702208260116819400003
M/MI-28T2/DHN1-DA5,2017-07-13 00:00:00,2016-09-28 00:00:00,9.46,C701442580716407400003
M4OA36HFN1Q,2014-08-28 00:00:00,2013-11-13 00:00:00,9.46,D202079140413518160022
MD/CLFB-48R32IVT-IN,2024-02-12 00:00:00,2023-09-21 00:00:00,9.46,340D96490031A160160009
MD/UNVS-55R32INT-OU,2023-06-30 00:00:00,2022-09-15 00:00:00,9.46,54V2250000C27150150096
MI/AGBP-24NXD0-I,2024-01-31 00:00:00,2023-04-18 00:00:00,9.46,541F678530224240850263
MI/MB-12N8D6-I,2019-03-31 00:00:00,2018-11-07 00:00:00,9.46,3415834330285080840236
MI/MHC-V8W/D2N8-B,2024-07-11 00:00:00,2023-09-27 00:00:00,9.46,541H985650135130100119
MI/MIH28GN18,2025-08-13 00:00:00,2024-10-29 00:00:00,9.46,541P864970346220100006
MI/MOB02-18HFN1-QD0W,2017-06-09 00:00:00,2016-08-25 00:00:00,9.46,2411653771465110150088
T-C1000E.EE.NT,2018-01-23 00:00:00,2017-09-01 00:00:00,9.46,220779005
MCD18HRFN1QRD0,2019-03-31 00:00:00,2018-06-15 00:00:00,9.49,2411657880465090160013
MD/CSTB-24R32IVT-IN,2025-03-05 00:00:00,2024-05-20 00:00:00,9.49,54VL43360073A180160016
MI/AG-18NXD0-I,2025-02-05 00:00:00,2024-04-22 00:00:00,9.49,541K300140335170130104
MI/MSFAAU-12HRFN8-I,2025-05-29 00:00:00,2024-08-13 00:00:00,9.49,541L74207023B170210125
MI/MTI-18FNXD0,2019-03-31 00:00:00,2018-06-15 00:00:00,9.49,3415643180584200160001
MI/MTIU-18HWFNX-GA,2023-11-30 00:00:00,2023-02-14 00:00:00,9.49,541F381760424180160021
MI/MUE-24HRFN1-QRD0,2018-05-11 00:00:00,2017-07-26 00:00:00,9.49,2410884740761240160014
MI/AG-09NXD1-IH,2024-12-02 00:00:00,2024-07-10 00:00:00,9.52,541N738240444020130100
PUHZ-SHW230YKA,2014-11-03 00:00:00,2014-06-11 00:00:00,9.52,L7HJS01S39U01305
H1500SI,2018-06-07 00:00:00,2017-08-21 00:00:00,9.53,20160800004
M/MDV-252W/D2RN1T,2019-06-30 00:00:00,2018-09-13 00:00:00,9.53,C703218271415311400004
M4OA36HFN1Q,2016-01-25 00:00:00,2015-04-10 00:00:00,9.53,D202263670214912160004
MI/MB-09N8D6-I,2019-03-31 00:00:00,2018-06-14 00:00:00,9.53,3415543550184110840002
MI/MB-12N8D6-I,2019-03-31 00:00:00,2018-06-14 00:00:00,9.53,3415391680383200840105
MI/MOD30U-36HFN8RGA,2024-06-24 00:00:00,2023-09-08 00:00:00,9.53,541H53166012C190150032
MI/MTI-18FNXD0,2019-03-31 00:00:00,2018-06-14 00:00:00,9.53,3415643180584200160015
MI/MTI-36HWFNX-GA,2024-06-24 00:00:00,2023-09-08 00:00:00,9.53,541K719800537080160031
MOUB24HDN1,2019-06-30 00:00:00,2018-09-13 00:00:00,9.53,C101194281610413130019
M/MOCA30U-24HFN1-QD0,2017-05-19 00:00:00,2016-08-01 00:00:00,9.56,2411657880765180160051
MD/AHPM-V12W/D2RN8,2024-01-16 00:00:00,2023-03-31 00:00:00,9.56,34VH537380231030100005
MD/MODA30HFN1QRDA,2017-08-11 00:00:00,2016-10-24 00:00:00,9.56,2411657880965170160063
MD/UNVS-18R32INT-OU,2024-01-16 00:00:00,2023-03-31 00:00:00,9.56,340D96499071B030120050
MI/HB-A100/CDS90GN8B,2024-04-16 00:00:00,2023-06-30 00:00:00,9.56,341H56037022C210100067
MI/HBT-A100/190CDS9B,2024-01-16 00:00:00,2023-03-31 00:00:00,9.56,341G347310128250300049
MI/MHA-V12W/D2RN8-B,2024-01-16 00:00:00,2023-03-31 00:00:00,9.56,341H607730131100100014
MI/MHC-V12W/D2RN8-B2,2025-04-07 00:00:00,2024-06-20 00:00:00,9.56,541L855130141300100044
MI/MHC-V8W/D2N8-B2,2025-04-07 00:00:00,2024-06-20 00:00:00,9.56,541N081420141270100022
M/MOYU-30HFN1-QRD0,2017-01-11 00:00:00,2016-03-25 00:00:00,9.59,D210059140415325160005
M4OA36HFN1Q,2016-06-01 00:00:00,2015-08-14 00:00:00,9.59,D212322270415122160014
MI/MHC-V4W/D2N8-B,2023-05-31 00:00:00,2022-08-12 00:00:00,9.59,341F749540124140100017
MI/MOBA03-12HFN1-QD0,2019-03-31 00:00:00,2018-06-12 00:00:00,9.59,2411915080466240130113
MSR112HRN1QC2OU,2014-07-14 00:00:00,2013-09-25 00:00:00,9.59,D202105050413712150133
MI/MSMABU12HRDN1QD0,2017-07-20 00:00:00,2017-02-24 00:00:00,9.6,2411792200365300120271
MI/MSMACU18HRFN1QD0,2016-08-31 00:00:00,2016-04-07 00:00:00,9.6,2411110290563140120018
M/MDV-D28T2/N1-DA5,2016-06-07 00:00:00,2015-08-19 00:00:00,9.63,C703209710315106400010
MD/M4OB36HFN8QA,2023-04-30 00:00:00,2022-07-11 00:00:00,9.63,340F336730123100150009
MD/MSAEAU09HRFNXQRD0,2019-03-31 00:00:00,2018-06-11 00:00:00,9.63,3405102330182060120076
MD/MSAEBU12HRFNXQRD0,2019-03-31 00:00:00,2018-06-11 00:00:00,9.63,3405102330282070120134
MI/MH-SU110M-RN8L,2025-08-04 00:00:00,2024-10-15 00:00:00,9.63,54VN538120142260100001
MOUA60HN1R,2014-05-27 00:00:00,2013-08-07 00:00:00,9.63,D201455490512614160026
MS12F812HRDN1C8OU,2016-08-03 00:00:00,2015-10-15 00:00:00,9.63,D200073040415411130357
MSZ-HJ25VA,2015-02-17 00:00:00,2014-04-30 00:00:00,9.63,L20E30VS3046065T
MX/NXHPM-V8W/D2N8,2024-03-28 00:00:00,2023-06-09 00:00:00,9.63,340H37787032C040100039
MD/AHBT-A100/240CD9,2024-01-16 00:00:00,2023-03-28 00:00:00,9.66,34VG265240329030300035
MI/MCD1-42HRFN8-GA,2025-08-04 00:00:00,2024-10-14 00:00:00,9.66,541N692060343290160004
MI/MHA-V10W/D2N8-B,2025-01-30 00:00:00,2024-04-11 00:00:00,9.66,341H58326022C280100009
MI/MHA-V6W/D2N8-B,2024-11-20 00:00:00,2024-01-31 00:00:00,9.66,340G169930128020100022
MI/MSFAAU-12HRFN8-I,2024-05-20 00:00:00,2023-07-31 00:00:00,9.66,341F374840323150260127
MI/X1BP-12N8D0-O,2024-07-19 00:00:00,2023-09-29 00:00:00,9.66,541K449490237150880070
MSZ-SF50VE,2014-04-17 00:00:00,2013-06-27 00:00:00,9.66,L20E21JS3004252T
M/MOCA30U-24HFN1-QD0,2017-05-23 00:00:00,2016-08-01 00:00:00,9.69,2411657880765180160051
MD/MDVI3-71C4VR12E,2025-05-22 00:00:00,2024-07-31 00:00:00,9.69,54VL775400641170300022
MI/CB1-12HRFN8-I,2024-09-27 00:00:00,2023-12-07 00:00:00,9.69,541J608190335130130210
MI/MI2-17GDN1,2024-05-16 00:00:00,2023-07-26 00:00:00,9.69,341H583310131290100013
MI/MOE30U-55HFN8RGA,2023-12-27 00:00:00,2023-03-07 00:00:00,9.69,541H36084032B240150044
MOU30HDN1Q,2014-10-09 00:00:00,2013-12-18 00:00:00,9.69,D201494370812A24160005
MX/NXHPM-V10W/D2N8,2024-01-16 00:00:00,2023-03-27 00:00:00,9.69,34VH34446042B240100033
PCA-RP100KAQ,2014-05-08 00:00:00,2013-07-17 00:00:00,9.69,L7G4E03S28A04154
M/MI-36Q4/DHN1-A3,2019-03-31 00:00:00,2018-06-08 00:00:00,9.72,C705578190818413400005
MD/M3OE27HFN1Q,2019-03-31 00:00:00,2018-06-07 00:00:00,9.76,3405635080484070160005
MD/M4OB36HFN1Q,2019-03-31 00:00:00,2018-06-07 00:00:00,9.76,3405543380584050160005
MI/MSMABU12HRDN1QD0,2019-03-31 00:00:00,2018-06-07 00:00:00,9.76,2411792200365300120423
MI/MSMBAU09HRFN1QRD0,2019-03-31 00:00:00,2018-06-07 00:00:00,9.76,3415242890182070840194
MOEU45HN1RB6W,2017-04-24 00:00:00,2016-07-01 00:00:00,9.76,D200309360415906160004
MUZ-GE35VA,2013-09-20 00:00:00,2012-11-27 00:00:00,9.76,L20E2D9S2001558T
M/MDV-V450W/DRN1,2019-06-30 00:00:00,2018-09-05 00:00:00,9.79,C705243270618203400004
MCD55HRFN1QRD0,2018-04-24 00:00:00,2017-06-30 00:00:00,9.79,D212309910215106160002
MD/MSAEAU09HRFNXQRD0,2019-03-31 00:00:00,2018-06-06 00:00:00,9.79,3405102330182060120006
MD/MSAEAU09HRFNXQRD0,2019-03-31 00:00:00,2018-06-06 00:00:00,9.79,3405102330182060120010
MD/MSAEAU09HRFNXQRD0,2019-03-31 00:00:00,2018-06-06 00:00:00,9.79,3405102330182060120012
MD/MSAEAU09HRFNXQRD0,2019-03-31 00:00:00,2018-06-06 00:00:00,9.79,3405102330182060120014
MD/MSAEAU09HRFNXQRD0,2019-03-31 00:00:00,2018-06-06 00:00:00,9.79,3405102330182060120022
MD/MSAEAU09HRFNXQRD0,2019-03-31 00:00:00,2018-06-06 00:00:00,9.79,3405102330182060120023
MD/MSAEAU09HRFNXQRD0,2019-03-31 00:00:00,2018-06-06 00:00:00,9.79,3405102330182060120041
MD/MSAEAU09HRFNXQRD0,2019-03-31 00:00:00,2018-06-06 00:00:00,9.79,3405102330182060120048
MD/MSAEAU09HRFNXQRD0,2019-03-31 00:00:00,2018-06-06 00:00:00,9.79,3405102330182060120050
MD/MSAEAU09HRFNXQRD0,2019-03-31 00:00:00,2018-06-06 00:00:00,9.79,3405102330182060120054
MD/MSAEAU09HRFNXQRD0,2019-03-31 00:00:00,2018-06-06 00:00:00,9.79,3405102330182060120087
MD/MSAEAU09HRFNXQRD0,2019-03-31 00:00:00,2018-06-06 00:00:00,9.79,3405102330182060120095
MD/MSAEAU09HRFNXQRD0,2019-03-31 00:00:00,2018-06-06 00:00:00,9.79,3405102330182060120101
MD/MSAEBU12HRFNXQRD0,2019-03-31 00:00:00,2018-06-06 00:00:00,9.79,3405102330282070120140
MI/MHC-V4W/D2N8-B,2023-06-06 00:00:00,2022-08-12 00:00:00,9.79,341F749540124140100017
MI/MIH15GN18,2025-04-25 00:00:00,2024-07-01 00:00:00,9.79,541N983700144150100028
MI/MOB02-18HFN1-QD0W,2019-06-30 00:00:00,2018-09-05 00:00:00,9.79,3416060600487090860250
MX/NXHPM-V14W/D2RN8,2024-10-07 00:00:00,2023-12-14 00:00:00,9.79,541K814480238190100011
G-LER091CL,2017-10-17 00:00:00,2016-12-22 00:00:00,9.82,HF1610068402
MI/HBT-A100/190CDS9B,2024-03-18 00:00:00,2023-05-24 00:00:00,9.82,341G92697012B080300003
MI/MCD-18HRFN1-QD0,2018-04-23 00:00:00,2017-06-28 00:00:00,9.82,2410884740361200160014
MI/MVI-260WV2RN1A,2025-01-21 00:00:00,2024-03-28 00:00:00,9.82,54VK24888013C010100017
H1400SI,2017-05-23 00:00:00,2016-07-27 00:00:00,9.86,20150800052
M/MI-22G/DHN1-S,2025-07-28 00:00:00,2024-10-01 00:00:00,9.86,C703329250117303400005
M/MI-22G/DHN1-S,2025-07-28 00:00:00,2024-10-01 00:00:00,9.86,C703329250117303400018
M/MI-36G/DHN1-S,2025-07-28 00:00:00,2024-10-01 00:00:00,9.86,C703329250117303400035
M/MI-36G/DHN1-S,2025-07-28 00:00:00,2024-10-01 00:00:00,9.86,C703329250117303400036
MD/AFBU12HRDNXQRD0,2023-06-30 00:00:00,2023-01-31 00:00:00,9.86,54V2200004529220810109
MI/MB-09N8D6-I,2019-07-31 00:00:00,2018-10-04 00:00:00,9.86,3416345230187280820002
MI/MOBA03-09HFN1-QD0,2017-03-06 00:00:00,2016-05-10 00:00:00,9.86,2411110290263140130512
MI/X1BPW-12N8D0-OH,2025-05-05 00:00:00,2024-07-09 00:00:00,9.86,541H704500232030830754
MS11M9U09HRFN1QR,2016-06-07 00:00:00,2015-08-12 00:00:00,9.86,D202132210213B05120005
MSZ-SF15VA,2014-01-02 00:00:00,2013-08-05 00:00:00,9.86,L20E32CS3001240T
PKA-RP35HAL,2014-05-27 00:00:00,2013-07-31 00:00:00,9.86,L7G6A02S27A10328
HX/NXERV-1300V1_ST2,2023-07-31 00:00:00,2022-10-03 00:00:00,9.89,F221070270
M3OD27HFN1Q,2016-06-14 00:00:00,2015-08-18 00:00:00,9.89,D202294800514C03160011
MI/MOU-42FN8-RD0,2024-11-04 00:00:00,2024-01-08 00:00:00,9.89,341D668370417240150011
MI/MSMAAU09HRDN1QD0,2019-05-31 00:00:00,2018-08-03 00:00:00,9.89,2411792200165300120132
MOUA60HN1R,2013-10-18 00:00:00,2012-12-21 00:00:00,9.89,C101359111511625130006
MX/NXCMB-300F1S-V1,2019-04-30 00:00:00,2018-07-03 00:00:00,9.89,AAMRSP8E0065
MD/MOBA3109HFN1QRD0,2018-05-29 00:00:00,2017-07-31 00:00:00,9.92,2401791190465130150203
MI/MOU-24FN8-QD0,2019-07-26 00:00:00,2018-09-27 00:00:00,9.92,3416356160688020160014
MI/X1BP-12N8D0-O,2023-11-30 00:00:00,2023-02-01 00:00:00,9.92,541F678410225090810360
MX/NXCMB-300F1S-V1,2019-04-30 00:00:00,2018-07-02 00:00:00,9.92,AAMRSP8E0065
MX/NXHPM-V10W/D2N8,2023-12-27 00:00:00,2023-02-28 00:00:00,9.92,341G93008012B120100034
MI/MCD-18HRFN1-QD0,2018-04-27 00:00:00,2017-06-28 00:00:00,9.95,2410884740361200160014
MI/MHC-V8W/D2N8-B,2023-06-30 00:00:00,2022-08-31 00:00:00,9.95,341G287960126150100060
MI/MOBA03-09HFN1-QD0,2019-03-31 00:00:00,2018-06-01 00:00:00,9.95,2411792200266020130454
MI/MOX630U-55HFN8RGA,2025-05-28 00:00:00,2024-07-29 00:00:00,9.95,541N448140641250150018
MI/MOX630U-55HFN8RGA,2025-05-28 00:00:00,2024-07-29 00:00:00,9.95,541N598960643310150006
MI/MSMACU18HRFN1QD0,2019-03-31 00:00:00,2018-06-01 00:00:00,9.95,2413476010875150810151
MI/MBT-12N8D6-O,2019-03-31 00:00:00,2018-10-30 00:00:00,9.98,3416371760488040840084
MI/MHC-V18W/D2RN8,2025-07-28 00:00:00,2024-09-27 00:00:00,9.99,541P742430246050100008
MI/MI-112T2/DHN1-EA5,2025-08-01 00:00:00,2024-10-01 00:00:00,9.99,C705469511418315400005
MI/MI2-22GDN1,2023-08-31 00:00:00,2022-10-31 00:00:00,9.99,341F806470128150100090
MI/MI-28T2/DHN1-EA5,2025-08-01 00:00:00,2024-10-01 00:00:00,9.99,C706154001587054000008
MI/MI-28T2/DHN1-EA5,2025-08-01 00:00:00,2024-10-01 00:00:00,9.99,C706154001587054000010
MI/MI-28T2/DHN1-EA5,2025-08-01 00:00:00,2024-10-01 00:00:00,9.99,C706154001587054000011
MI/MI-28T2/DHN1-EA5,2025-08-01 00:00:00,2024-10-01 00:00:00,9.99,C706154001587054000013
MI/MI-28T2/DHN1-EA5,2025-08-01 00:00:00,2024-10-01 00:00:00,9.99,C706154001587054000034
MI/MI-28T2/DHN1-EA5,2025-08-01 00:00:00,2024-10-01 00:00:00,9.99,C706154001587054000037
MI/MI-28T2/DHN1-EA5,2025-08-01 00:00:00,2024-10-01 00:00:00,9.99,C706154001587054000044
MI/X3BP-18N8D0-O,2023-04-30 00:00:00,2022-06-30 00:00:00,9.99,341F401970223250830031
M/MCA3-18HRFN1-QRDO,2019-03-31 00:00:00,2018-05-30 00:00:00,10.02,3415391990583120160018
MD/MOCA3024HFN1QRD0Z,2019-03-31 00:00:00,2018-05-30 00:00:00,10.02,3415242890482100860008
MI/MA-24N8D0-O,2019-05-31 00:00:00,2018-07-30 00:00:00,10.02,3415868310286010870034
MI/MCD-36HRFN1-Z-QD0,2019-03-31 00:00:00,2018-05-30 00:00:00,10.02,2413244870573060160064
MI/MCD-36HRFN1-Z-QD0,2019-03-31 00:00:00,2018-05-30 00:00:00,10.02,2413244870573060160069
MI/MHC-V10W/D2N8-B,2023-04-30 00:00:00,2022-06-29 00:00:00,10.02,341F749480224010100026
M/M4OA-36HFN1-Q,2016-06-07 00:00:00,2015-08-06 00:00:00,10.05,D212322270415122160017
M/MDV-D112Q4/N1-E,2016-09-27 00:00:00,2015-11-26 00:00:00,10.05,C703212751115113400002
M/MSMBCU-18HRFN1-QD0,2019-03-31 00:00:00,2018-05-29 00:00:00,10.05,2413476050576160120121
MCA212HRFN1QRC8,2015-04-14 00:00:00,2014-06-12 00:00:00,10.05,D202061580113522160014
MD/DCTS-18R32IVT-IN,2024-01-31 00:00:00,2023-03-31 00:00:00,10.05,340D96495111A300160019
MDVD280WSN1,2016-01-27 00:00:00,2015-03-27 00:00:00,10.05,C703102641811915400002
MI/AHUKZ-03DM,2024-01-31 00:00:00,2023-03-31 00:00:00,10.05,341F805700626010100025
MI/HB-A100/CDS90GN8B,2023-05-31 00:00:00,2022-07-29 00:00:00,10.05,341G198520225180100084
MI/HBT-A160/240CDS9B,2024-01-31 00:00:00,2023-03-31 00:00:00,10.05,341G347050227210300009
MI/MCA3U-12HRFNX-GA,2023-04-30 00:00:00,2022-06-28 00:00:00,10.05,541F381210124140160032
MI/MV8M-100WV2N8,2025-07-14 00:00:00,2024-09-11 00:00:00,10.05,541N377360641220100009
MOU30HDN1Q,2014-10-20 00:00:00,2013-12-18 00:00:00,10.05,D201494370812A24160008
MUB60HRN1R,2014-06-10 00:00:00,2013-08-08 00:00:00,10.05,D202079600113526160008
MD/M2OE18HFN8QAH,2024-12-10 00:00:00,2024-07-10 00:00:00,10.06,54VL25310043A050150080
AX/NXRA-ID50BFR-1A,2025-05-15 00:00:00,2024-07-12 00:00:00,10.09,B3708A185301N00136
M/MI-36Q4/DHN1-A3,2019-03-31 00:00:00,2018-05-28 00:00:00,10.09,C705469331018320400009
MI/HB-A100/CDS90GN8B,2023-05-31 00:00:00,2022-07-28 00:00:00,10.09,341G198400225170100025
MI/HB-A60/CD30GN8B,2023-07-31 00:00:00,2022-09-27 00:00:00,10.09,341G198520125170100090
MI/HBT-A100/190CDS9B,2023-12-27 00:00:00,2023-02-23 00:00:00,10.09,341G347310128250300054
MI/MB-09N8D6-I,2019-06-26 00:00:00,2018-08-23 00:00:00,10.09,3415891820185190820022
MI/MCD-36HRFN1-Z-QD0,2019-03-31 00:00:00,2018-05-28 00:00:00,10.09,2413244870573060160059
MI/MCD-55HRFN1-QD0,2019-03-31 00:00:00,2018-05-28 00:00:00,10.09,2413597830976140160001
MI/MHA-V8W/D2N8-B,2023-05-31 00:00:00,2022-07-28 00:00:00,10.09,341F745770225170100076
MI/MHC-V8W/D2N8-B2,2023-04-30 00:00:00,2022-06-27 00:00:00,10.09,341F920520124280100004
MI/MHC-V8WD2N7E30,2025-01-28 00:00:00,2024-03-27 00:00:00,10.09,541L963760341010100016
MI/MOB03-12HFN1-QD0,2019-03-31 00:00:00,2018-05-28 00:00:00,10.09,3415242890282020850135
MI/MOD30U-42HFN8RGA,2025-03-26 00:00:00,2024-05-23 00:00:00,10.09,541L74096033B130150066
MI/MSMAAU09HRDN1QD0,2019-06-25 00:00:00,2018-08-22 00:00:00,10.09,2413182110172250820030
MS12F824HRDN1C8,2015-05-25 00:00:00,2014-07-22 00:00:00,10.09,D202222830114510120054
MUE-55HRFN1-QRD0,2018-01-11 00:00:00,2017-03-10 00:00:00,10.09,D200309360115909160012
M/MDV-V400W/DRN1,2017-08-01 00:00:00,2017-02-28 00:00:00,10.12,C702255370916903400012
MCA2I09HRFN1QRC8,2015-08-10 00:00:00,2015-03-09 00:00:00,10.12,D202263670114909160022
MD/MOBA18HFN1QRDA,2019-05-31 00:00:00,2018-07-27 00:00:00,10.12,3405755590885190130022
MHD60HRDN1R,2014-05-12 00:00:00,2013-12-09 00:00:00,10.12,D202059260113422160017
MI/MB-18N8D0-OH,2019-07-31 00:00:00,2018-09-26 00:00:00,10.12,3415391680683180870100
MI/MCA3U-18FNXC8,2019-07-31 00:00:00,2018-09-26 00:00:00,10.12,3415844570286030160014
MI/MCA3U-18FNXC8,2019-07-31 00:00:00,2018-09-26 00:00:00,10.12,3415844570286030160020
MI/MCA3U-18FNXC8,2019-07-31 00:00:00,2018-09-26 00:00:00,10.12,3415844570286030160025
MI/MCA3U-18FNXC8,2019-07-31 00:00:00,2018-09-26 00:00:00,10.12,3415844570286030160029
MI/MCA3U-18FNXC8,2019-07-31 00:00:00,2018-09-26 00:00:00,10.12,3416180020287120160001
MI/MCA3U-18FNXC8,2019-07-31 00:00:00,2018-09-26 00:00:00,10.12,3416180020287120160003
MI/MCA3U-18FNXC8,2019-07-31 00:00:00,2018-09-26 00:00:00,10.12,3416180020287120160006
MI/MCA3U-18FNXC8,2019-07-31 00:00:00,2018-09-26 00:00:00,10.12,3416180020287120160007
MI/MCA3U-18FNXC8,2019-07-31 00:00:00,2018-09-26 00:00:00,10.12,3416180020287120160008
MI/MCA3U-18FNXC8,2019-07-31 00:00:00,2018-09-26 00:00:00,10.12,3416180020287120160009
MI/MCA3U-18FNXC8,2019-07-31 00:00:00,2018-09-26 00:00:00,10.12,3416180020287120160010
MI/MCA3U-18FNXC8,2019-07-31 00:00:00,2018-09-26 00:00:00,10.12,3416180020287120160012
MI/MCA3U-18FNXC8,2019-07-31 00:00:00,2018-09-26 00:00:00,10.12,3416180020287120160013
MI/MCA3U-18FNXC8,2019-07-31 00:00:00,2018-09-26 00:00:00,10.12,3416180020287120160014
MI/MCA3U-18FNXC8,2019-07-31 00:00:00,2018-09-26 00:00:00,10.12,3416180020287120160015
MI/MCA3U-18FNXC8,2019-07-31 00:00:00,2018-09-26 00:00:00,10.12,3416180020287120160017
MI/MCA3U-18FNXC8,2019-07-31 00:00:00,2018-09-26 00:00:00,10.12,3416180020287120160018
MI/MCA3U-18FNXC8,2019-07-31 00:00:00,2018-09-26 00:00:00,10.12,3416180020287120160019
MI/MCA3U-18FNXC8,2019-07-31 00:00:00,2018-09-26 00:00:00,10.12,3416180020287120160020
MI/MOB02-18HFN1-QD0W,2018-06-11 00:00:00,2017-08-07 00:00:00,10.12,2413475890174300860160
MI/MV-252WD2RN1T_D,2024-10-30 00:00:00,2023-12-27 00:00:00,10.12,34V670806138A080100001
MI/MHA-V4W/D2N8-B,2024-11-20 00:00:00,2024-01-16 00:00:00,10.15,340G169930128020100057
MI/MOCA02-24HFN1-QD0,2017-05-23 00:00:00,2016-07-18 00:00:00,10.15,2411698870865130130050
MI/MSMACU18HRFN1QD0,2018-05-29 00:00:00,2017-07-24 00:00:00,10.15,2413476010875150810052
MI/MSMBBU12HRFN1QRD0,2018-06-05 00:00:00,2017-07-31 00:00:00,10.15,2411785860365270120051
MX/NXKD-V300FA,2024-02-27 00:00:00,2023-04-24 00:00:00,10.15,340H50004012C140100029
M/MI-22G/DHN1-S,2025-08-07 00:00:00,2024-10-01 00:00:00,10.18,C703329250117303400018
M/MI-36G/DHN1-S,2025-08-07 00:00:00,2024-10-01 00:00:00,10.18,C703329250117303400036
M/MI-71Q4/DHN1-D,2019-03-31 00:00:00,2018-05-25 00:00:00,10.18,C704053430717718400008
MDVD250T1N1B,2019-03-31 00:00:00,2018-05-25 00:00:00,10.18,C701442581416406400002
MI/HB-A60/CD30GN8B,2023-11-30 00:00:00,2023-01-24 00:00:00,10.18,341G198520125170100070
MI/MCD-36HRFN1-Z-QD0,2019-03-31 00:00:00,2018-05-25 00:00:00,10.18,2413244870573060160059
MI/MOBA03-09HFN1-QD0,2019-03-31 00:00:00,2018-05-25 00:00:00,10.18,2411792200266020130558
MI/MOE30U-48HFN1-QD0,2019-03-31 00:00:00,2018-05-25 00:00:00,10.18,2411797621366130160013
MI/MSMAAU09HRDN1QD0,2019-03-31 00:00:00,2018-05-25 00:00:00,10.18,2411915080166200120079
MX/NXHPS-V6W/D2N8,2023-11-30 00:00:00,2023-01-24 00:00:00,10.18,340G166340126200100014
PUHZ-SHW80VHA,2014-11-14 00:00:00,2014-06-12 00:00:00,10.18,7H1SH07G 4D00506
M/MOD30U-30HFN1-QRD0,2019-05-31 00:00:00,2018-07-24 00:00:00,10.22,2413245420273210160006
MD/CSTB-55R32IVT-IN,2024-04-29 00:00:00,2023-06-23 00:00:00,10.22,340F409180323030160016
MD/UNVS-55R32INT-OU,2024-04-29 00:00:00,2023-06-23 00:00:00,10.22,340E054961219040150018
MI/MI-112T2/DHN1-EA5,2025-08-08 00:00:00,2024-10-01 00:00:00,10.22,C705469511418315400005
MI/MI-28T2/DHN1-EA5,2025-08-08 00:00:00,2024-10-01 00:00:00,10.22,C706154001587054000008
MI/MI-28T2/DHN1-EA5,2025-08-08 00:00:00,2024-10-01 00:00:00,10.22,C706154001587054000013
MI/MOD30U36HFN1ZQD0,2019-05-31 00:00:00,2018-07-24 00:00:00,10.22,2413244870273080160073
MI/MSMABU12HRDN1QD0,2019-06-30 00:00:00,2018-08-23 00:00:00,10.22,3415297660383080830102
MX/MC-SU30M-RN8L,2023-06-30 00:00:00,2022-08-23 00:00:00,10.22,340C331921412100100003
MI/MB-09N8D6-I,2019-03-31 00:00:00,2018-10-26 00:00:00,10.24,3416437330188250820095
RSE50A,2017-05-25 00:00:00,2016-12-20 00:00:00,10.24,HD1610006113
MCD55HRFN1QRD0,2018-05-08 00:00:00,2017-06-30 00:00:00,10.25,D200226390515710160008
MD/MDV-028Q4C/DN1,2024-11-05 00:00:00,2023-12-29 00:00:00,10.25,54VK748280237240100027
MI/M2TIR-27HFN1-QD0,2023-04-30 00:00:00,2022-06-22 00:00:00,10.25,C703260421016123400017
MI/MA-09NXD0-XI,2023-06-30 00:00:00,2022-08-22 00:00:00,10.25,341C491290112180810136
MI/MCA3U12HRFN1QD0,2019-03-31 00:00:00,2018-05-23 00:00:00,10.25,3415242940182270160034
MI/MOB01-12HFN8,2024-04-19 00:00:00,2023-06-12 00:00:00,10.25,341D228391317070120010
MI/MOX430U-24HFN8QGA,2023-09-29 00:00:00,2022-11-21 00:00:00,10.25,341D951761019060120046
MI/X4-24N8D0-OH,2025-06-10 00:00:00,2024-08-02 00:00:00,10.25,541P344320645050120028
MI/MHA-V10W/D2N8-B,2024-01-31 00:00:00,2023-03-24 00:00:00,10.28,341H49979012C120100001
MI/MOBA03-12HFN1-QD0,2017-05-08 00:00:00,2016-06-29 00:00:00,10.28,2411653770465090150213
MI/MSMABU12HRDN1QD0,2018-06-11 00:00:00,2017-08-02 00:00:00,10.28,2413476010675070820081
MOBA3007HFN1QRD0GW,2019-03-31 00:00:00,2018-05-22 00:00:00,10.28,2401659970264290130083
M/MI-45Q4/DHN1-A3,2017-06-02 00:00:00,2016-12-27 00:00:00,10.32,C702255350516905400015
M/MKD-V500F,2019-03-31 00:00:00,2018-05-21 00:00:00,10.32,C705514070318317400014
M/MOD30U-30HFN1-QRD0,2017-08-10 00:00:00,2016-09-30 00:00:00,10.32,2411797720666150160008
M/MSABBU-12HRDN1-QC8,2016-06-09 00:00:00,2015-07-31 00:00:00,10.32,D212322480115117120037
MCD18HRFN1QRC8,2016-08-10 00:00:00,2015-10-01 00:00:00,10.32,D200226390115708160012
MD/AFBU12HRDNXQRD0,2025-01-23 00:00:00,2024-03-15 00:00:00,10.32,54VL74268013B170830075
MD/CLFB-48R32IVT-IN,2025-07-17 00:00:00,2025-02-10 00:00:00,10.32,340F337440723070160008
MD/MOX13312HFN8QRD0N,2025-03-03 00:00:00,2024-04-23 00:00:00,10.32,540J548440334240810878
MD/MOX43124HFN8QRD0N,2023-06-06 00:00:00,2022-07-27 00:00:00,10.32,340F338320823040860119
MDVV260WDRN1,2019-03-31 00:00:00,2018-05-21 00:00:00,10.32,C701451471416402400001
MI/MCD-18HRFN1-QD0,2018-05-08 00:00:00,2017-06-28 00:00:00,10.32,2410884740361200160014
MI/MCD-36HRFN1-Z-QD0,2019-03-31 00:00:00,2018-05-21 00:00:00,10.32,2413244870573060160021
MI/MIH22GN18,2025-02-06 00:00:00,2024-03-29 00:00:00,10.32,541L55834013C070100063
MI/MOB0112HFN8QRD6GW,2019-03-31 00:00:00,2018-10-25 00:00:00,10.32,2414150800478170130150
MI/MOB02-18HFN1-QD0W,2017-03-14 00:00:00,2016-05-04 00:00:00,10.32,2411110290663100150117
MOU12HFN1QRC8,2016-09-29 00:00:00,2015-11-20 00:00:00,10.32,D200238820115721150015
MSTCCU18HRFN1QR,2016-08-09 00:00:00,2015-09-30 00:00:00,10.32,D200226270115714120012
MD/MDVO-VI335V2R1B,2024-10-07 00:00:00,2023-11-27 00:00:00,10.35,54VK938120339040300015
MI/MCD1-48HRFNX-GA,2023-10-31 00:00:00,2022-12-20 00:00:00,10.35,541H03380012A200160159
MS12FU09HRDN1QRD0GW,2017-04-25 00:00:00,2016-06-14 00:00:00,10.35,2401302930163230830029
MDVD22G/N1-S,2016-05-16 00:00:00,2015-12-10 00:00:00,10.38,C703226360915512400102
MI/AGBP-18NXD0-I,2023-11-30 00:00:00,2023-01-18 00:00:00,10.38,541F678530425020850216
MI/MHC-V6W/D2N8-B,2023-05-31 00:00:00,2022-07-19 00:00:00,10.38,341F749480124030100047
AG-150A-J,2014-07-16 00:00:00,2013-09-02 00:00:00,10.41,05612-005
MI/HB-A100/CDS90GN8B,2023-04-30 00:00:00,2022-06-17 00:00:00,10.41,341F743970624060100052
MI/MHA-V8W/D2N8-B,2023-04-30 00:00:00,2022-06-17 00:00:00,10.41,341F743970223240100101
MI/MSMABU12HRDN1QD0,2018-05-17 00:00:00,2017-07-04 00:00:00,10.41,2411915080366210120032
MI/MSMBAU09HRFN1QRD0,2019-07-31 00:00:00,2018-09-17 00:00:00,10.41,3415242890182070840062
H/JAXR0060_01,2017-03-16 00:00:00,2016-11-30 00:00:00,10.44,HF1610068021
MD/MDVI3-28WMVR12E,2025-07-18 00:00:00,2025-04-03 00:00:00,10.44,54VL775370341240100014
MOJU36HFN1RRC8,2017-08-02 00:00:00,2017-02-24 00:00:00,10.44,240071890065C210160010
MD/MOB3112HFN1QRD0GW,2019-03-31 00:00:00,2018-05-17 00:00:00,10.45,2401713990465160150301
MD/MSAEBU12HRFNXQRD0,2019-03-31 00:00:00,2018-05-17 00:00:00,10.45,3405102330282070120018
MD/MSAEBU12HRFNXQRD0,2019-03-31 00:00:00,2018-05-17 00:00:00,10.45,3405102330282070120066
MI/AGBP-24NXD0-I,2024-12-23 00:00:00,2024-02-09 00:00:00,10.45,541F791180125020860099
MI/HBT-A160/240CDS9B,2024-02-12 00:00:00,2023-03-31 00:00:00,10.45,341G347050227210300020
MI/MCD-36HRFN1-Z-QD0,2019-03-31 00:00:00,2018-05-17 00:00:00,10.45,2413244870573060160064
MI/MCD-36HRFN1-Z-QD0,2019-03-31 00:00:00,2018-05-17 00:00:00,10.45,2413244870573060160069
MI/MSMAAU09HRDN1QD0,2019-03-31 00:00:00,2018-05-17 00:00:00,10.45,2413336890474080820315
MI/X3-18N8D0-OH,2024-05-20 00:00:00,2023-07-07 00:00:00,10.45,541H54331082C280120071
MOV76HN1C,2016-07-11 00:00:00,2015-08-28 00:00:00,10.45,C703183102614423400001
MCD18HRFN1QRD0,2019-03-31 00:00:00,2018-05-16 00:00:00,10.48,2411657880465090160092
MCD18HRFN1QRD0,2019-03-31 00:00:00,2018-05-16 00:00:00,10.48,2413654290576010160016
MI/MB-18N8D0-I,2019-04-30 00:00:00,2018-06-15 00:00:00,10.48,3415391680583250820035
MI/MOB02-18HFN1-QD0W,2018-02-13 00:00:00,2017-03-31 00:00:00,10.48,2413055170671130860056
MCA2I18HRDN1,2015-07-22 00:00:00,2014-09-05 00:00:00,10.51,D202130410213A24160017
MD/AFCU18HRFN8QRD0,2025-07-02 00:00:00,2024-08-16 00:00:00,10.51,54VP420580545030810003
MD/CSTB-24R32IVT-IN,2025-02-26 00:00:00,2024-04-12 00:00:00,10.51,54VL73041033B170160009
MD/MOCA3124HFN1QRD0,2019-03-31 00:00:00,2018-05-15 00:00:00,10.51,2403245200873180870026
MD/MOX33018HFN8QRD0N,2025-07-02 00:00:00,2024-08-16 00:00:00,10.51,54VP420580645030830060
MI/MH-SU65M-RN8L,2025-05-28 00:00:00,2024-07-12 00:00:00,10.51,541N848900244060100003
MX/NXHPM-V12W/D2RN8,2025-03-10 00:00:00,2024-04-24 00:00:00,10.51,540L840680241300100002
MI/X1BP-12N8D0-O,2024-02-13 00:00:00,2023-09-06 00:00:00,10.52,541J556040234280820386
M/MDV-252W/D2RN1T,2019-07-31 00:00:00,2018-09-13 00:00:00,10.55,C703218271415311400004
MD/AFBU12HRDNXQRD0,2024-01-31 00:00:00,2023-03-16 00:00:00,10.55,54V220000452C040820515
MD/MDV-080Q4/DN1,2024-02-12 00:00:00,2023-03-28 00:00:00,10.55,341F74311042B150100041
MI/MHC-V8WD2N7E30,2025-08-12 00:00:00,2024-09-25 00:00:00,10.55,541P086180143300100061
MI/MH-SU65M-RN8L,2025-07-07 00:00:00,2024-08-20 00:00:00,10.55,541P465020145280100009
MSTCBU12HRFN1QROU,2016-06-28 00:00:00,2015-08-12 00:00:00,10.55,D200031220415303130028
MD/MOB3018HFN1QRD0GW,2017-02-02 00:00:00,2016-03-17 00:00:00,10.58,2400827550661150150185
MI/AG-18NXD0-IH,2024-04-09 00:00:00,2023-05-23 00:00:00,10.58,541H54331092C250130007
MI/CB1-18HFNX-O,2024-07-01 00:00:00,2023-08-14 00:00:00,10.58,541K487830236140860055
MI/MHC-V10W/D2N8-B2,2023-05-31 00:00:00,2022-07-13 00:00:00,10.58,341F749540224180100030
MUZ-SF35VE,2014-05-15 00:00:00,2013-06-27 00:00:00,10.58,L20E2C1S3011269T
M/MOCA30U-24HFN1-QD0,2017-08-04 00:00:00,2016-09-15 00:00:00,10.61,2411797740666060150005
MUE51HRN1R,2016-08-25 00:00:00,2015-10-07 00:00:00,10.61,D200226810315708160004
H/JAUR0060,2017-06-30 00:00:00,2016-08-10 00:00:00,10.64,HF1606065623
PUHZ-SHW230YKA,2014-11-20 00:00:00,2014-06-11 00:00:00,10.64,L7HJS01S39U01305
SX/NX-HPDT-250-WCS,2025-06-06 00:00:00,2024-07-17 00:00:00,10.64,6300143620220924023
MCA218HRN1Q,2015-03-06 00:00:00,2014-04-15 00:00:00,10.68,D202121550313925160033
MD/AFCU18HRFN8QRD0,2024-03-18 00:00:00,2023-04-28 00:00:00,10.68,54V2200004029220810070
MI/HB-A100/CDS90GN8B,2023-06-02 00:00:00,2022-07-12 00:00:00,10.68,341F743970624060100013
MI/HB-A100/CDS90GN8B,2023-09-29 00:00:00,2022-11-08 00:00:00,10.68,341G280210329040100081
MI/M5OE-42HFN1-Q,2017-08-17 00:00:00,2016-09-26 00:00:00,10.68,2411785820566080160009
MI/MB-24N8D0-OH,2019-06-30 00:00:00,2018-08-09 00:00:00,10.68,3415666360284080870011
M/MKA-1200F,2016-08-25 00:00:00,2016-03-15 00:00:00,10.7,C703250450415A27400010
M/MKA-950F,2016-08-25 00:00:00,2016-03-15 00:00:00,10.7,C703250450515A27400002
M/MKA-950F,2016-08-25 00:00:00,2016-03-15 00:00:00,10.7,C703250450515A27400004
M/MKA-950F,2016-08-25 00:00:00,2016-03-15 00:00:00,10.7,C703250450515A27400005
MI/MOU-18FN8-QD0,2019-07-31 00:00:00,2019-02-18 00:00:00,10.7,341664054078A060130028
M/M2OE-18HFN1-Q,2017-08-08 00:00:00,2016-09-16 00:00:00,10.71,2411657690165180160063
MDVD56Q4/N1-E,2019-05-31 00:00:00,2018-07-09 00:00:00,10.71,C705468821218316400019
MI/MHC-V12W/D2RN8-B2,2024-01-16 00:00:00,2023-02-24 00:00:00,10.71,341H31822012C080100046
MI/MTI-55HWFNX-GA,2025-05-05 00:00:00,2024-06-13 00:00:00,10.71,541N459360142230160002
G-SAIWC062F01,2014-12-31 00:00:00,2014-02-07 00:00:00,10.74,00022237
G-SAIWC062F01,2014-12-31 00:00:00,2014-02-07 00:00:00,10.74,00022337
G-SAIWC062F01,2014-12-31 00:00:00,2014-02-07 00:00:00,10.74,00023037
G-SAIWC062F01,2014-12-31 00:00:00,2014-02-07 00:00:00,10.74,00023137
MD/CSTB-24R32IVT-IN,2025-07-09 00:00:00,2024-08-16 00:00:00,10.74,54VP420500446070160018
MI/MI2-17GDN1,2024-06-17 00:00:00,2023-07-26 00:00:00,10.74,341H583310131290100013
MSR23U18HRDN1QR,2015-07-22 00:00:00,2014-08-29 00:00:00,10.74,D202132210313B05120024
MX/NXKD-V300FA,2024-04-29 00:00:00,2023-06-07 00:00:00,10.74,340H50004012C140100011
M/MSMBCU-18HRFN1-QD0,2018-04-11 00:00:00,2017-05-18 00:00:00,10.78,2411653771365100120377
MD/MDVI3-71C4VR12E,2025-05-22 00:00:00,2024-06-28 00:00:00,10.78,54VL775400641170300022
MD/MSAEAU09HRFNXQRD0,2019-03-31 00:00:00,2018-05-07 00:00:00,10.78,3405102330182060120155
MDVD36Q4/N1-A3,2017-05-10 00:00:00,2016-06-16 00:00:00,10.78,C703226360315511400037
MI/MSFAAU-12HRFN8,2023-04-30 00:00:00,2022-06-06 00:00:00,10.78,341D4429501150902A0096
MI/MSMBBU12HRFN1QRD0,2019-07-31 00:00:00,2018-09-06 00:00:00,10.78,2413244730374200120003
MI/MVI-260WV2RN1A,2025-02-19 00:00:00,2024-03-28 00:00:00,10.78,54VK24888013C010100017
MOEU45HN1RB6W,2017-05-25 00:00:00,2016-07-01 00:00:00,10.78,D200309360415906160004
MX/NXHPM-V12W/D2RN8,2024-11-22 00:00:00,2024-06-11 00:00:00,10.78,540P079930143280100053
M/MOYU-30HFN1-QRD0,2016-05-10 00:00:00,2015-06-16 00:00:00,10.81,D212309890715107160007
M/MSABAU-07HRFN1-QD0,2016-06-14 00:00:00,2015-07-21 00:00:00,10.81,D210058921015326120189
MD/MOX33018HFN8QRD0N,2024-11-29 00:00:00,2024-01-05 00:00:00,10.81,540J259040233220830065
MDVD22T2/N1-DA5,2017-09-25 00:00:00,2016-10-31 00:00:00,10.81,C702208260316820400001
MI/MCA3U12HRFN1QD0,2016-05-11 00:00:00,2015-06-17 00:00:00,10.81,D212319180115116160005
MX/NXRM-ID25XWM-1C,2024-09-27 00:00:00,2023-11-03 00:00:00,10.81,540K586530836250130079
MI/MCA3U-12HRFNX-GA,2024-06-18 00:00:00,2024-02-29 00:00:00,10.83,541L75329013C070160016
MI/HBT-A100/190CDS9B,2023-12-27 00:00:00,2023-01-31 00:00:00,10.84,341G347310128250300043
MI/MHC-V10W/D2N8-B2,2023-06-30 00:00:00,2022-08-04 00:00:00,10.84,341F920330225050100024
MI/MSMBBU12HRFN1QRD0,2016-09-28 00:00:00,2015-11-03 00:00:00,10.84,D212322230215115120001
MD/MOX33018HFN8QRD0N,2024-11-29 00:00:00,2024-01-03 00:00:00,10.87,540J259040233220830065
MI/CB1-18HFNX-O,2024-07-10 00:00:00,2023-08-14 00:00:00,10.87,541K487830236140860055
MSR23U12HRDN1QROU,2015-06-12 00:00:00,2014-07-16 00:00:00,10.87,D202132210913B01130192
MD/MOBA3012HFN1QRD0,2018-04-09 00:00:00,2017-05-12 00:00:00,10.91,2403283380473140850027
MI/AGBP-12NXD0-I,2024-05-27 00:00:00,2023-06-30 00:00:00,10.91,541J612950135050810065
MI/MCA4U-18HRFNXGA,2025-07-28 00:00:00,2024-08-30 00:00:00,10.91,541N435990242230160012
MI/MHA-V12W/D2RN8-B,2025-07-31 00:00:00,2024-09-02 00:00:00,10.91,341G92995052B130100010
H/PEC3N-112,2017-04-28 00:00:00,2016-05-30 00:00:00,10.94,HF1603062872
HX/NXCFA-350TV1,2024-11-26 00:00:00,2023-12-29 00:00:00,10.94,F2214401143
MD/MOU60HDN1R,2019-06-30 00:00:00,2018-08-01 00:00:00,10.94,2404422510179150160025
MI/MHA-V12W/D2RN8-B,2024-02-27 00:00:00,2023-03-31 00:00:00,10.94,341H607700131020100011
MI/X1BPW-12N8D0-OH,2025-05-12 00:00:00,2024-06-13 00:00:00,10.94,541H704500232030830670
M/MS11PU-09HRFN1-QD0,2017-05-22 00:00:00,2016-06-22 00:00:00,10.97,D212309820215105120003
MD/MSAEAU09HRFNXQRD0,2019-07-31 00:00:00,2018-08-31 00:00:00,10.97,3405834320185040120202
MI/MCA3U-12HRFNX-GA,2023-07-31 00:00:00,2022-08-31 00:00:00,10.97,541F381210124140160003
MI/MIH36Q4CN18,2025-02-18 00:00:00,2024-03-21 00:00:00,10.97,541K97729023B210100016
MI/MVI-335WV2RN1(B),2025-04-14 00:00:00,2024-05-15 00:00:00,10.97,541L24065013C160300009
MX/NXRM-ID25XWM-1C,2023-04-30 00:00:00,2022-05-31 00:00:00,10.97,340D300830115260820058
MX/NXRM-ID25XWM-1C,2023-04-30 00:00:00,2022-05-31 00:00:00,10.97,340D300830115260820105
MD/MSAEDU24HRFNXQRD0,2023-11-02 00:00:00,2023-05-19 00:00:00,10.98,340E891840321020130015
MI/MCA3U12HRFN1QD0,2016-08-08 00:00:00,2016-02-23 00:00:00,10.98,D210233890115713160010
DX/NXACC101000AV2,2023-05-31 00:00:00,2022-06-30 00:00:00,11.01,CKM017A21112400015
DX/NXACC101000AV2,2023-11-30 00:00:00,2022-12-30 00:00:00,11.01,CKM017B22100300365
M/AHUKZ-02B,2019-03-31 00:00:00,2018-04-30 00:00:00,11.01,C703904030217603400022
MD/MSAECU18HRFN1QRD0,2019-04-30 00:00:00,2018-05-30 00:00:00,11.01,2402977480271100150031
MDVD22Q4/N1-A3,2016-11-29 00:00:00,2015-12-30 00:00:00,11.01,C703223040915409400011
MI/HB-A60/CD30GN8B,2024-12-16 00:00:00,2024-01-16 00:00:00,11.01,341G198520125170100023
MI/MHC-V4W/D2N8-B,2023-05-31 00:00:00,2022-06-30 00:00:00,11.01,341F749540124140100017
MI/MOU-18FN1-QD0,2019-03-31 00:00:00,2018-04-30 00:00:00,11.01,3415242940583010130161
MX/NXHPM-V10W/D2N8,2024-09-17 00:00:00,2023-10-18 00:00:00,11.01,34VH34446042B240100015
MD/MODA36HFN1QRDA,2019-07-31 00:00:00,2018-08-29 00:00:00,11.04,2403801980378260160008
MD/MSAEAU09HRFNXQRD0,2019-07-31 00:00:00,2018-08-29 00:00:00,11.04,3405102330182060120157
MI/HB-A160/CDS90GN8B,2023-12-27 00:00:00,2023-01-25 00:00:00,11.04,341G93451072A260100045
MI/M2O-18FN8-Q,2019-06-26 00:00:00,2018-07-25 00:00:00,11.04,3415591250184140160011
MI/MV8I-670WV2RN1E,2024-12-13 00:00:00,2024-06-28 00:00:00,11.04,541P231570144130100002
MI/MVI-260WV2RN1A,2024-02-27 00:00:00,2023-03-28 00:00:00,11.04,341F74242012A220100016
MS12FU09HRDN1QRD0GW,2017-05-16 00:00:00,2016-06-14 00:00:00,11.04,2401302930163230830029
MSR23U09HRDN1Q8(A),2015-07-06 00:00:00,2014-08-04 00:00:00,11.04,D202179890414301120494
MSR23U09HRDN1QR,2014-05-26 00:00:00,2013-12-09 00:00:00,11.04,D202107830113718120005
MSZ-GE60VA,2014-05-27 00:00:00,2013-06-25 00:00:00,11.04,L20E00BS1001751T
M/MDV-V400W/DRN1,2023-12-27 00:00:00,2023-01-24 00:00:00,11.07,341F733200228050100028
M/MTB-36HWFN1-QD0,2017-05-10 00:00:00,2016-06-07 00:00:00,11.07,D210059030515325160011
MD/MOX43124HFN8QRD0N,2025-04-11 00:00:00,2024-05-09 00:00:00,11.07,54VL74268063B180870030
MDVD22T2/N1-DA5,2017-10-03 00:00:00,2016-10-31 00:00:00,11.07,C702208260316820400001
MI/HB-A160/CDS90GN8B,2023-12-27 00:00:00,2023-01-24 00:00:00,11.07,341G93451072A260100045
MI/MSMABU12HRDN1QD0,2019-04-30 00:00:00,2018-05-28 00:00:00,11.07,2413475890674300820154
MI/MSMADU24HRFN1QD0,2017-05-24 00:00:00,2016-06-21 00:00:00,11.07,2411323790764110120075
MOV150HN1R,2016-11-04 00:00:00,2015-12-03 00:00:00,11.07,C703201860514A17400007
MSR23U09HRDN1QR,2014-09-26 00:00:00,2013-10-24 00:00:00,11.07,D202107830113718120078
HX/NXERV-650V1,2024-05-17 00:00:00,2023-11-30 00:00:00,11.1,F201050401
MCD18HRFN1QRD0,2019-03-31 00:00:00,2018-04-27 00:00:00,11.1,2411657880465090160001
MCD18HRFN1QRD0,2019-03-31 00:00:00,2018-04-27 00:00:00,11.1,2411657880465090160053
MCD18HRFN1QRD0,2019-03-31 00:00:00,2018-04-27 00:00:00,11.1,2411657880465090160054
MCD18HRFN1QRD0,2019-03-31 00:00:00,2018-04-27 00:00:00,11.1,2411657880465090160056
MCD18HRFN1QRD0,2019-03-31 00:00:00,2018-04-27 00:00:00,11.1,2411657880465090160078
MCD18HRFN1QRD0,2019-03-31 00:00:00,2018-04-27 00:00:00,11.1,2411657880465090160087
MD/AFDU24HRFN8QRD0,2023-06-30 00:00:00,2022-07-27 00:00:00,11.1,340F338320723090850068
MI/MHC-V8W/D2N8-B2,2023-05-31 00:00:00,2022-06-27 00:00:00,11.1,341F920450124280100039
MI/MIH28T2N18,2024-10-03 00:00:00,2024-04-17 00:00:00,11.1,541N377810241240100041
MI/MIH36T2N18,2024-10-03 00:00:00,2024-04-17 00:00:00,11.1,541N377810341240100003
MI/MIH36T2N18,2024-10-03 00:00:00,2024-04-17 00:00:00,11.1,541N377810341240100004
MI/MOX630U-55HFN8RGA,2025-05-14 00:00:00,2024-06-10 00:00:00,11.1,541N598960643310150034
M/MOZ1-18HFN1-QD0,2016-06-27 00:00:00,2015-07-24 00:00:00,11.14,D212322480615117150019
MD/CLFB-55R32IVT-IN,2025-08-04 00:00:00,2024-08-30 00:00:00,11.14,340F405980823070160005
MD/MVI-224WV2RN1A,2024-03-28 00:00:00,2023-04-24 00:00:00,11.14,34VH601660131150100001
MI/X1F-09N8D1-O,2025-07-21 00:00:00,2024-08-16 00:00:00,11.14,541P344570246030120027
MOV150HN1R,2019-03-31 00:00:00,2018-04-26 00:00:00,11.14,C703194832814726400004
M/MDV-V400W/DRN1,2019-03-31 00:00:00,2018-10-12 00:00:00,11.16,3416327610388040100019
MD/CLFB-55R32IVT-IN,2024-06-21 00:00:00,2023-07-17 00:00:00,11.17,340D962090519110160003
MI/MTI-55FNXD0,2019-03-31 00:00:00,2018-04-25 00:00:00,11.17,3415242940482240160018
MI/X2-12N8D6-OH,2023-06-30 00:00:00,2022-07-25 00:00:00,11.17,341F401430223150120150
MX/NXHPM-V12W/D2RN8,2024-07-22 00:00:00,2023-08-17 00:00:00,11.17,34VH34971022C040100009
HX/NXERV-250V1_ST2,2024-11-13 00:00:00,2023-12-08 00:00:00,11.2,F231021630
M/MOD30U-30HFN1-QRD0,2017-09-06 00:00:00,2016-09-30 00:00:00,11.2,2411797720666150160008
MI/MHC-V12WD2RN7E30,2025-05-28 00:00:00,2024-06-21 00:00:00,11.2,541L856220144010100029
MI/MHC-V4W/D2N8-B,2023-06-06 00:00:00,2022-06-30 00:00:00,11.2,341F749540124140100017
M/MOTS-27HFN1QRD0,2017-08-31 00:00:00,2017-03-13 00:00:00,11.24,C703230472115619400004
MD/AHPM-V12W/D2RN8,2023-11-02 00:00:00,2022-11-25 00:00:00,11.24,34VG261690328080100022
MD/M4OE28HFN1Q,2019-03-31 00:00:00,2018-04-23 00:00:00,11.24,2411657690365130160016
MD/MOB3118HFN1QRD0GW,2018-04-19 00:00:00,2017-05-12 00:00:00,11.24,2403283380673030860025
MD/MSAEAU09HRFNXQRD0,2019-03-31 00:00:00,2018-10-11 00:00:00,11.24,3405516610184020120118
MDVTD335(12WRN1B,2019-07-31 00:00:00,2018-08-23 00:00:00,11.24,C703635202117516400009
MI/MOBA02-09HFN1-QD0,2019-03-31 00:00:00,2018-10-11 00:00:00,11.24,2413244730274080130048
MI/MSFAAU-12HRFN8-I,2023-07-31 00:00:00,2022-08-23 00:00:00,11.24,341F374840323150260030
MOU48HN1R,2014-06-18 00:00:00,2013-07-11 00:00:00,11.24,D201473360812727160003
MSR23U12HRDN1Q8OU,2015-07-28 00:00:00,2014-08-20 00:00:00,11.24,D202179890614228130016
MSZ-HJ25VA,2015-04-30 00:00:00,2014-05-23 00:00:00,11.24,L20E30VS3077009T
MX/NXHPM-V10W/D2N8,2023-04-30 00:00:00,2022-11-10 00:00:00,11.24,340G169930828040100027
MX/NXKH2-V250-R3,2023-05-31 00:00:00,2022-06-23 00:00:00,11.24,340E38800141C260100004
MX/NXRM-ID35XWM-1C,2024-12-17 00:00:00,2024-01-10 00:00:00,11.24,540G065980325310820101
M/MOCA30U-24HFN1-QD0,2017-06-05 00:00:00,2016-06-27 00:00:00,11.27,2411334750763250150015
MI/MCD-24HRFN1-QD0,2017-06-05 00:00:00,2016-06-27 00:00:00,11.27,2411201120663190160022
MX/NXKA-V850R,2024-05-24 00:00:00,2023-06-16 00:00:00,11.27,540H991400534100100049
HX/NXERV-350V1_ST2,2023-06-09 00:00:00,2022-06-30 00:00:00,11.3,F221030136
M/MI-28G/DHN1-M,2019-07-31 00:00:00,2018-08-21 00:00:00,11.3,C705469570618314400044
M/MS11PU-09HRFN1-QD0,2017-07-04 00:00:00,2016-07-25 00:00:00,11.3,D212322260215117120084
MD/M3OE21HFN1Q,2017-06-09 00:00:00,2016-06-30 00:00:00,11.3,2401440091064150160061
MD/MOBA3009HFN8QRD0,2019-07-31 00:00:00,2018-08-21 00:00:00,11.3,3405834320285040130132
MDVD45G/N1-S,2017-05-19 00:00:00,2016-06-09 00:00:00,11.3,C703216980815209400016
MI/HB-A160/CDS90GN8B,2023-04-30 00:00:00,2022-11-09 00:00:00,11.3,341G280210429050100058
MS12FU18HRFN1QRD0GW,2017-05-24 00:00:00,2016-06-14 00:00:00,11.3,2401302930563230820230
PUHZ-ZRP60VHA,2015-05-25 00:00:00,2014-12-04 00:00:00,11.3,L77JK01S45U04029
DGC200V2,2024-12-10 00:00:00,2023-12-31 00:00:00,11.33,8000325
M/MI-45G/DHN1-M,2019-03-31 00:00:00,2018-04-20 00:00:00,11.33,C701442620816409400007
M3OD27HFN1Q,2015-07-29 00:00:00,2014-08-18 00:00:00,11.33,D202130400213A26160022
MI/MOE30U-48HFN8RGA,2023-11-30 00:00:00,2022-12-20 00:00:00,11.33,340F336731123090150011
MDVD28G/N1-S,2019-03-31 00:00:00,2018-04-19 00:00:00,11.37,C703635201717502400004
MI/AHUKZ-01D,2024-05-09 00:00:00,2023-05-29 00:00:00,11.37,C701747861816502400009
MI/HB-A160/CDS90GN8B,2024-09-27 00:00:00,2023-10-17 00:00:00,11.37,341H10751072B250100053
MI/HBT-A100/190CDS9B,2024-07-11 00:00:00,2023-07-31 00:00:00,11.37,341H584120132100300012
MSR23U18HRDN1QR,2014-12-08 00:00:00,2013-12-27 00:00:00,11.37,D202120330113924120005
H1500SI,2019-03-31 00:00:00,2018-04-18 00:00:00,11.4,20180800002
MD/CLFB-55R32IVT-IN,2025-08-04 00:00:00,2024-08-22 00:00:00,11.4,340F405980823070160005
MI/AGBP-09NXD0-I,2024-09-24 00:00:00,2023-10-13 00:00:00,11.4,541F677890125070810381
MI/MHA-V6W/D2N8-B,2024-11-19 00:00:00,2023-12-08 00:00:00,11.4,341F745640125240100007
MI/MHC-V12WD2RN7E30,2025-06-03 00:00:00,2024-06-21 00:00:00,11.4,541L856220144010100029
MI/MTBU-12HWFN1-QD0,2017-03-28 00:00:00,2016-04-15 00:00:00,11.4,2410884740261200160013
MI/X1BP-09N8D0-O,2024-07-05 00:00:00,2023-07-24 00:00:00,11.4,541F678650224220840173
MSTCBU12HRFN1QROU,2016-10-25 00:00:00,2015-11-13 00:00:00,11.4,D200073060415411130039
MI/MCA3U-12HRFNX-GA,2024-05-08 00:00:00,2023-05-26 00:00:00,11.43,541J135570133210160026
MI/MCA3U-12HRFNX-GA,2024-05-08 00:00:00,2023-05-26 00:00:00,11.43,541J135570133210160027
MX/NXRHP-50BWM-1B,2019-07-31 00:00:00,2018-08-17 00:00:00,11.43,3405844440385270820095
MCD55HRFN1QRD0,2017-12-21 00:00:00,2017-06-30 00:00:00,11.44,D212309910215106160002
M/MOD30U-30HFN1-QRD0,2019-03-31 00:00:00,2018-04-16 00:00:00,11.47,2413621320677120160001
MD/M4OE28HFN8QAH,2025-05-27 00:00:00,2024-06-12 00:00:00,11.47,540K227550135240150027
MD/MOX33018HFN8QRD0N,2025-07-24 00:00:00,2024-08-09 00:00:00,11.47,54VP452430645250830053
MDVV400WDRN1,2018-06-07 00:00:00,2017-06-23 00:00:00,11.47,C703319800717307400001
MI/MOE30U-48HFN1-RD0,2017-11-28 00:00:00,2016-12-14 00:00:00,11.47,2401135680963110160011
MI/MSFAAU-12HRFN8,2023-10-31 00:00:00,2022-11-16 00:00:00,11.47,341E3817602191602A0026
MI/MSMBAU09HRFN1QRD0,2017-05-23 00:00:00,2016-06-08 00:00:00,11.47,2411334130163310120093
MX/NXHPM-V10W/D2N8,2024-02-12 00:00:00,2023-02-28 00:00:00,11.47,341G93008012B120100037
MX/NXKA-V1500FA,2023-08-31 00:00:00,2022-09-16 00:00:00,11.47,340G161610627230100017
M/MSMBBU-09HRFN1-QD0,2016-07-27 00:00:00,2015-08-12 00:00:00,11.5,D212322230415114120126
M/MV5-X335W/V2GN1,2016-09-22 00:00:00,2016-03-31 00:00:00,11.5,C703258981116108400003
MI/MCA4U-18HRFNXGA,2025-07-28 00:00:00,2024-08-12 00:00:00,11.5,541N435990242230160012
MI/MCD1-48HRFNX-GA,2024-06-07 00:00:00,2023-06-23 00:00:00,11.5,541H53166042C150160001
MI/MHA-V8W/D2N8-B,2023-11-30 00:00:00,2022-12-15 00:00:00,11.5,341G83786022A100100004
MI/MOB02-18HFN1-QD0W,2017-01-20 00:00:00,2016-07-29 00:00:00,11.5,2411698870665110150124
PUHZ-SHW140YHA,2014-10-22 00:00:00,2014-04-30 00:00:00,11.5,L7HJN15S38U00379
M/MI-45G/DHN1-S,2016-08-31 00:00:00,2015-09-15 00:00:00,11.53,C703209700915109400004
MI/X1BP-12N8D0-O,2025-01-16 00:00:00,2024-01-31 00:00:00,11.53,541K46599023A080820176
MI/X2-09N8D6-OHP,2025-07-31 00:00:00,2024-08-14 00:00:00,11.53,341D950901219030120078
MSR124HRN1QB8OU,2014-02-27 00:00:00,2013-03-13 00:00:00,11.53,D201494330912A17150003
M/MSMBBU-09HRFN1-QD0,2016-07-29 00:00:00,2015-08-12 00:00:00,11.56,D212322230415114120126
MI/AHUKZ-01D,2019-05-31 00:00:00,2018-12-06 00:00:00,11.56,C703218272015306400009
MI/AHUKZ-02D,2025-07-17 00:00:00,2024-07-30 00:00:00,11.56,541N928590244010100016
MI/HB-A60/CD30GN8B,2024-11-06 00:00:00,2023-11-20 00:00:00,11.56,341G198520125170100035
MI/M2OE-18HFN8-QH,2025-05-07 00:00:00,2024-05-20 00:00:00,11.56,541N432030141250150044
MSR23U12HRDN1Q8OU,2015-08-07 00:00:00,2014-08-20 00:00:00,11.56,D202179890614228130016
MSR23U18HRDN1Q8,2016-04-14 00:00:00,2015-04-28 00:00:00,11.56,D202179890314228120224
MSR23U18HRDN1Q8,2016-04-14 00:00:00,2015-04-28 00:00:00,11.56,D202179890314228120225
M/MSMBCU-18HRFN1-QD0,2017-05-12 00:00:00,2016-05-24 00:00:00,11.6,2411224210563160120030
MDV335(12WDRN1B,2014-04-25 00:00:00,2013-05-07 00:00:00,11.6,C703115581012316400003
MI/MTBU-12HWFN1-QD0,2017-04-03 00:00:00,2016-04-15 00:00:00,11.6,2410884740261200160013
MSR23U18HRDN1QROU,2016-06-20 00:00:00,2015-07-03 00:00:00,11.6,D202044470613322120133
MI/MI2-71GDN1,2025-03-25 00:00:00,2024-04-05 00:00:00,11.63,541K253740136150100001
MI/MIH22GN18,2025-02-28 00:00:00,2024-03-11 00:00:00,11.63,541L126580139070100010
MI/MSMBBU12HRFN1QRD0,2016-11-22 00:00:00,2015-12-04 00:00:00,11.63,D212322230215115120153
MI/MI2-52Q4CDN1,2023-07-31 00:00:00,2022-08-10 00:00:00,11.66,341G292350226110100014
MI/MUEU-18HRFNX-GA,2024-12-03 00:00:00,2023-12-14 00:00:00,11.66,341D941670717230160009
MS12F812HRDN1C8,2016-11-22 00:00:00,2015-12-03 00:00:00,11.66,D200073040315409120039
MI/MTJ-18HWFNXGA,2025-07-14 00:00:00,2025-04-16 00:00:00,11.68,541S69565014C110160007
M2OD18HFN1Q,2016-06-14 00:00:00,2015-06-24 00:00:00,11.7,D202294800614C03160028
MDVD36Q4/N1-A3,2015-08-17 00:00:00,2015-02-20 00:00:00,11.7,C703165120113A17400006
MI/M5OE-42HFN8-QH,2025-07-22 00:00:00,2024-07-31 00:00:00,11.7,541K449120637100150024
MI/MHC-V10W/D2N8-B2,2023-08-31 00:00:00,2022-09-09 00:00:00,11.7,341G287960126150100046
MI/MOBA03-09HFN1-QD0,2017-06-20 00:00:00,2016-06-29 00:00:00,11.7,2411653770265120130179
MI/MOCA02-24HFN1-QD0,2017-05-22 00:00:00,2016-05-31 00:00:00,11.7,2411110290863110150019
MI/MVI-260WV2RN1A,2024-03-18 00:00:00,2023-03-28 00:00:00,11.7,341F74242012A220100016
G-_PWN33L,2015-11-20 00:00:00,2014-11-28 00:00:00,11.73,13505572
MD/AFBU09HRDN8QRD0,2023-09-29 00:00:00,2022-10-07 00:00:00,11.73,54V2200004327270820013
MD/MOU60HDN1R,2014-06-04 00:00:00,2013-06-12 00:00:00,11.73,D202025400313115160022
MHD24HRDN1Q,2014-12-23 00:00:00,2013-12-31 00:00:00,11.73,C101372840511802130004
MSR23U09HRDN1QR,2014-08-20 00:00:00,2013-08-28 00:00:00,11.73,D202079120413513120181
HX/NXERV-800V1_ST2,2024-11-13 00:00:00,2023-11-21 00:00:00,11.76,F211062986
MD/MDVM-V65MD2BR8,2024-09-13 00:00:00,2023-09-21 00:00:00,11.76,54VK475210136240100002
MI/HB-A100/CGN8-B,2023-05-31 00:00:00,2022-06-07 00:00:00,11.76,341C900700713230100010
MI/MI2-52Q4CDN1,2024-08-14 00:00:00,2023-08-22 00:00:00,11.76,341G30916022B090100005
MI/MOE30U-48HFN8RGA,2023-04-07 00:00:00,2022-10-10 00:00:00,11.76,341D941280217260150113
MS12F812HRDN1C8,2016-11-25 00:00:00,2015-12-03 00:00:00,11.76,D200073040315409120039
MSR23U09HRDN1Q8(A),2015-07-28 00:00:00,2014-08-04 00:00:00,11.76,D202179890414301120494
MX/NXHPM-V14W/D2RN8,2025-02-21 00:00:00,2024-02-29 00:00:00,11.76,540L55868013C130100003
M/M2OE-18HFN1-Q,2017-08-04 00:00:00,2016-08-10 00:00:00,11.79,2411657690165180160032
M3OD27HFN1Q,2015-08-12 00:00:00,2014-08-18 00:00:00,11.79,D202130400213A26160022
MD/MOBA3012HFN1QRD0,2017-08-04 00:00:00,2016-08-10 00:00:00,11.79,2401918420466210130074
MD/MSAEBU12HRFNXQRD0,2019-03-31 00:00:00,2018-04-06 00:00:00,11.79,3405102330282070120093
MI/MSMACU18HRFN1QD0,2019-03-31 00:00:00,2018-04-06 00:00:00,11.79,2413811570576130870050
MKD400S,2016-07-06 00:00:00,2015-07-13 00:00:00,11.79,C703183100414423400003
MX/NXHB-A100/CD9,2023-08-31 00:00:00,2022-09-06 00:00:00,11.79,340G166340726050100022
MI/HB-A60/CD30GN8B,2024-11-20 00:00:00,2024-05-24 00:00:00,11.82,541N081300141230100013
MDVD28Q4/N1-E,2018-04-19 00:00:00,2017-04-24 00:00:00,11.83,C703197670214902400011
MI/MCD-24HRFN1-Z-QD0,2019-03-31 00:00:00,2018-04-05 00:00:00,11.83,2413244870473050160068
MI/MHA-V4W/D2N8-B,2025-01-10 00:00:00,2024-01-16 00:00:00,11.83,340G169930128020100057
MOV150HN1R,2017-06-29 00:00:00,2016-07-04 00:00:00,11.83,C703201860514A17400010
MS12F809HRDN1C8OU,2019-03-31 00:00:00,2018-04-05 00:00:00,11.83,D200073040215411130692
M/MI-71Q4/DHN1-D,2019-03-31 00:00:00,2018-04-04 00:00:00,11.86,C701442621016407400011
MI/HB-A60/CD30GN8B,2023-07-31 00:00:00,2022-08-04 00:00:00,11.86,341G198400125170100001
MI/MOB02-18HFN1-QD0W,2017-11-28 00:00:00,2016-12-02 00:00:00,11.86,2411792200665310150191
MX/NXRM-ID50XWM-1C,2023-06-30 00:00:00,2022-07-04 00:00:00,11.86,340D300830515220860115
MD/MSAEAU09HRFNXQRD0,2019-07-31 00:00:00,2018-08-03 00:00:00,11.89,3405834320185040120157
MX/NXHPM-V10W/D2N8,2024-11-20 00:00:00,2023-11-24 00:00:00,11.89,341H58324012C220100020
MX/NXRHP-50BWM-1B,2019-07-31 00:00:00,2018-08-03 00:00:00,11.89,3405844440385270820095
PUHZ-P140VHA,2014-09-24 00:00:00,2013-09-27 00:00:00,11.89,7H1P610G 2J01768
MI/MUE-36HRFN1-QRD0,2015-12-28 00:00:00,2015-06-30 00:00:00,11.9,D212322300315119160005
M/MOB01-18HFN1-QD0_H,2017-05-10 00:00:00,2016-05-12 00:00:00,11.93,2410878180362010150015
MD/M4OB36HFN8QAH,2025-08-07 00:00:00,2024-08-09 00:00:00,11.93,54VN432040341310150013
MD/MODA36HFN1QRDA,2019-06-30 00:00:00,2018-07-02 00:00:00,11.93,2403566090877110160019
MDVD45Q4/N1-A3,2017-11-15 00:00:00,2016-11-17 00:00:00,11.93,C702244471116829400003
MI/MHA-V10W/D2N8-B,2024-10-21 00:00:00,2023-10-24 00:00:00,11.93,341H31183012B270100037
MI/MSMABU12HRDN1QD0,2017-05-30 00:00:00,2016-06-01 00:00:00,11.93,2411323790364070120156
MI/MVI-500WV2RN1_A,2025-05-08 00:00:00,2024-05-10 00:00:00,11.93,54VL792250241160300004
MI/X2-12N8D6-OH,2023-11-30 00:00:00,2022-12-02 00:00:00,11.93,541G99507022A080120013
MSTCBU12HRFN1QR,2016-08-09 00:00:00,2015-08-12 00:00:00,11.93,D200073060115408120093
MX/NXHPM-V12W/D2RN8,2024-10-23 00:00:00,2023-10-26 00:00:00,11.93,340H537270231020100035
MI/MSMAAU09HRDN1QD0,2019-03-31 00:00:00,2018-11-30 00:00:00,11.94,2413811570176130810029
M/MI-22T3/DHN1-C,2017-06-09 00:00:00,2016-06-10 00:00:00,11.96,C703260420216124400001
M3OD27HFN1Q,2015-08-17 00:00:00,2014-08-18 00:00:00,11.96,D202130400213A26160022
MI/AGBP-12NXD0-I,2024-06-19 00:00:00,2023-06-21 00:00:00,11.96,541F678410125100870938
MI/HB-A60/CD30GN8B,2025-08-12 00:00:00,2024-08-13 00:00:00,11.96,341F743970524040100019
MOV76HN1C,2017-04-05 00:00:00,2016-04-06 00:00:00,11.96,C703165120513A14400003
MSR23U12HRDN1Q8,2016-05-27 00:00:00,2015-05-29 00:00:00,11.96,D202179890214301120059
MSR23U12HRDN1Q8,2016-08-04 00:00:00,2015-08-06 00:00:00,11.96,D202179890214301120423
M/MOB30U-18HFN1-QRD0,2017-09-15 00:00:00,2016-09-15 00:00:00,11.99,2411797720266130150003
MD/AFDU24HRFN8QRD0,2024-06-20 00:00:00,2023-06-21 00:00:00,11.99,540J374530634280860012
MDVD22T2/N1-DA5,2017-10-31 00:00:00,2016-10-31 00:00:00,11.99,C702208260316820400001
MI/HB-A100/CDS90GN8B,2024-11-28 00:00:00,2023-11-29 00:00:00,11.99,341H10472032B110100034
MI/MCD1-48HRFNX-GA,2024-12-13 00:00:00,2023-12-14 00:00:00,11.99,540K974770338230160022
MI/MI2-17Q4CDN1,2024-01-31 00:00:00,2023-01-31 00:00:00,11.99,341F922710126090100069
MI/MI2-71Q4DN1,2023-07-12 00:00:00,2022-07-12 00:00:00,11.99,341E775990123250100047
MI/MVI-280WV2RN1A,2023-05-31 00:00:00,2022-05-31 00:00:00,11.99,34VE371730322220100005
MOUE60HDN1R,2014-11-21 00:00:00,2013-11-21 00:00:00,11.99,D202104960413715160002
M/AHUKZ-01B,2019-03-31 00:00:00,2018-03-30 00:00:00,12.02,C701423601116325400038
M/MDV-252W/D2RN1T,2019-03-31 00:00:00,2018-03-30 00:00:00,12.02,C703218271415311400003
M/MKA-850R,2019-03-31 00:00:00,2018-03-30 00:00:00,12.02,C703250450915A27400001
M/MKA-850R,2019-03-31 00:00:00,2018-03-30 00:00:00,12.02,C703250450915A27400003
M/MKA-850R,2019-03-31 00:00:00,2018-03-30 00:00:00,12.02,C703250450915A27400004
M/MKA-850R,2019-03-31 00:00:00,2018-03-30 00:00:00,12.02,C703250450915A27400005
M/MKT3-1000G30,2019-03-31 00:00:00,2018-03-30 00:00:00,12.02,C703250440815A27400003
MD/MOBA18HFN1QRDA,2019-03-31 00:00:00,2018-03-30 00:00:00,12.02,340510242057C280130060
MI/HB-A60/CD30GN8B,2025-03-13 00:00:00,2024-03-12 00:00:00,12.02,341F745640525230100063
MI/M5OE-42HFN8-Q,2023-09-29 00:00:00,2023-03-30 00:00:00,12.02,540H571700231040150038
MI/MCD-24HRFN1-Z-QD0,2019-03-31 00:00:00,2018-03-30 00:00:00,12.02,2413244870473050160095
MI/MCD-24HRFN1-Z-QD0,2019-03-31 00:00:00,2018-03-30 00:00:00,12.02,2413244870473050160096
MI/MHC-V8W/D2N8-B,2023-06-30 00:00:00,2022-06-29 00:00:00,12.02,341F749480224010100040
MI/MOBA03-09HFN1-QD0,2019-03-31 00:00:00,2018-03-30 00:00:00,12.02,2411792200266020130545
MI/MSFAAU-09HRFN8-I,2023-06-30 00:00:00,2022-12-29 00:00:00,12.02,341F374840523150260005
MI/MSMABU12HRDN1QD0,2019-05-31 00:00:00,2018-05-30 00:00:00,12.02,2413811570376130810236
MI/X1BP-09N8D0-O,2023-06-30 00:00:00,2022-06-29 00:00:00,12.02,341F401970723190810062
MD/AHB-A100/CD9,2024-03-28 00:00:00,2023-03-27 00:00:00,12.06,34VH34446022B260100016
MD/MOBA3012HFN1QRD0,2019-03-31 00:00:00,2018-03-29 00:00:00,12.06,2403245140473020850076
MI/HB-A160/CDS90GN8B,2023-08-31 00:00:00,2022-08-29 00:00:00,12.06,341F745640725230100006
MI/MOD30U-36HFN1-QD0,2019-03-31 00:00:00,2018-03-29 00:00:00,12.06,2413621320777130160017
MSR23U09HRDN1QR,2015-01-15 00:00:00,2014-01-13 00:00:00,12.06,D202107830113718120375
MI/MCD-36HRFN1-Z-QD0,2019-03-31 00:00:00,2018-09-28 00:00:00,12.08,2413244870573060160009
MX/NXKF4-150,2019-03-31 00:00:00,2018-09-28 00:00:00,12.08,3406327750188080100004
MX/NXKF4-250,2019-03-31 00:00:00,2018-09-28 00:00:00,12.08,3406327750288080100008
MX/NXKF4-250,2019-03-31 00:00:00,2018-09-28 00:00:00,12.08,3406327750288080100011
MI/MCD-24HRFN1-Z-QD0,2019-03-31 00:00:00,2018-03-28 00:00:00,12.09,2413244870473050160095
MI/MOX430U-24HFN8QGA,2024-03-18 00:00:00,2023-03-16 00:00:00,12.09,541H36103052B240120032
MSR23U18HRDN1QROU,2015-07-17 00:00:00,2014-07-14 00:00:00,12.09,D202120330413923150058
M3OD27HFN1Q,2016-06-27 00:00:00,2015-06-24 00:00:00,12.12,D202294800514C03160013
MD/MOB3112HFN1QRD0GW,2017-07-05 00:00:00,2016-07-01 00:00:00,12.12,2401199390463180130041
MD/MSAECU18HRFN1QRD0,2019-03-31 00:00:00,2018-03-27 00:00:00,12.12,2403267950573140150135
MDV450(16WDRN1C,2016-05-02 00:00:00,2015-04-29 00:00:00,12.12,C703142911813305400005
MDVD90Q4/N1-D,2016-09-27 00:00:00,2015-09-24 00:00:00,12.12,C703223040315407400003
MOV150HN1R,2019-04-30 00:00:00,2018-04-26 00:00:00,12.12,C703194832814726400004
MX/NXLMOD-12BAU-1A,2023-07-31 00:00:00,2022-07-27 00:00:00,12.12,340E054960919050120027
PKFY-P20VBM-E,2014-04-08 00:00:00,2013-04-04 00:00:00,12.12,L7H7A12S26A05064
M/MI-28Q4/DHN1-D,2019-03-31 00:00:00,2018-09-27 00:00:00,12.16,C701442620116406400002
MD/MOU60HDN1R,2017-03-21 00:00:00,2016-03-16 00:00:00,12.16,D202250520514730160006
MI/MOBA03-12HFN1-QD0,2017-04-11 00:00:00,2016-04-06 00:00:00,12.16,2411110290463140130242
MI/MOE30U-55HFN8RGA,2023-06-05 00:00:00,2022-05-31 00:00:00,12.16,341F380330822170150029
MI/MTI-24FNXD0,2019-03-31 00:00:00,2018-09-27 00:00:00,12.16,3415643180684210160016
MI/MTI-55HWFNX-GA,2025-06-18 00:00:00,2024-06-13 00:00:00,12.16,541N459360142230160002
MD/MDV-022T2/DN1,2024-09-05 00:00:00,2023-08-31 00:00:00,12.19,34VE332980921020100057
MD/UNVS-36R32INTT-OU,2023-07-31 00:00:00,2022-07-25 00:00:00,12.19,340D96499101B060150030
MI/HB-A60/CD30GN8B,2023-09-29 00:00:00,2022-09-23 00:00:00,12.19,341G198520125170100076
MI/M2OE-18HFN8-QH,2025-05-26 00:00:00,2024-05-20 00:00:00,12.19,541N432030141250150044
MX/NXHPM-V10W/D2N8,2025-04-30 00:00:00,2024-04-24 00:00:00,12.19,540L840680141300100019
M/MSMBBU-09HRFN1-QD0,2016-06-15 00:00:00,2015-06-09 00:00:00,12.22,D212322230415114120165
MCA3I09HRFN1QRC8,2017-08-25 00:00:00,2016-08-18 00:00:00,12.22,2401170340163120160010
MD/M2OE18HFN8QAH,2025-07-04 00:00:00,2024-06-27 00:00:00,12.22,54VN450390241250150083
MI/MCA3U12HRFN1QD0,2017-08-17 00:00:00,2016-08-10 00:00:00,12.22,2411334750163240160020
MOU24HN1Q,2014-05-07 00:00:00,2013-04-30 00:00:00,12.22,D201497180412B04160008
MX/NXHPM-V14W/D2RN8,2025-03-07 00:00:00,2024-02-29 00:00:00,12.22,540L55868013C130100003
G-SAIWC082F01,2014-12-31 00:00:00,2013-12-23 00:00:00,12.25,00008937
G-SAIWC082F01,2014-12-31 00:00:00,2013-12-23 00:00:00,12.25,00009037
G-SAIWC082F01,2014-12-31 00:00:00,2013-12-23 00:00:00,12.25,00009137
G-SAIWC082F01,2014-12-31 00:00:00,2013-12-23 00:00:00,12.25,00009237
M/MI-45G/DHN1-S,2016-09-22 00:00:00,2015-09-15 00:00:00,12.25,C703209700915109400004
M/MI-45G/DHN1-S,2016-09-22 00:00:00,2015-09-15 00:00:00,12.25,C703209700915109400056
MI/X3-18N8D0-O,2023-11-30 00:00:00,2022-11-22 00:00:00,12.25,341F297340423170830070
MUE30HRFN1QRC8,2017-05-04 00:00:00,2016-04-26 00:00:00,12.25,D200226810115708160007
MD/MOCA24HFN1QRDA,2017-03-01 00:00:00,2016-08-26 00:00:00,12.28,2401170500963110150011
M/MOYU-30HFN1-QRD0,2017-07-31 00:00:00,2016-07-22 00:00:00,12.29,D212322290415115160015
MI/HB-A60/CD30GN8B,2023-07-31 00:00:00,2022-07-22 00:00:00,12.29,341G198400125170100001
MI/HB-A60/CD30GN8B,2023-07-31 00:00:00,2022-07-22 00:00:00,12.29,341G198520125170100090
MI/MIH28GN18,2024-12-12 00:00:00,2023-12-04 00:00:00,12.29,541K480060237060100036
MI/MSMABU12HRDN1QD0,2019-05-31 00:00:00,2018-05-22 00:00:00,12.29,2413475890674300820268
M/MOB01-18HFN1-QD0_H,2017-05-22 00:00:00,2016-05-12 00:00:00,12.32,2410878180362010150015
M2OE18HFN1Q,2017-07-24 00:00:00,2016-07-14 00:00:00,12.32,2401710530465180160028
MD/DCTS-18R32IVT-IN,2025-01-14 00:00:00,2024-01-05 00:00:00,12.32,340D96495111A300160024
MD/MOBA3012HFN1QRD0,2018-05-22 00:00:00,2017-05-12 00:00:00,12.32,2403283380473140850074
MD/MOX33018HFN8QRD0N,2025-01-14 00:00:00,2024-01-05 00:00:00,12.32,540J259040233220830065
MD/MSAFBU12HRDNX-XW,2023-07-31 00:00:00,2022-07-21 00:00:00,12.32,340F435600123060820683
MI/MCD-24HRFN1-Z-QD0,2019-03-31 00:00:00,2018-03-21 00:00:00,12.32,2413244870473050160096
MI/MIH15GN18,2025-07-21 00:00:00,2024-07-11 00:00:00,12.32,541P466080145130100003
MI/MI2-22T2DN1,2019-07-31 00:00:00,2019-03-28 00:00:00,12.330000000000002,341690193018C030100006
M/MDV-V400W/DRN1,2019-03-31 00:00:00,2018-03-20 00:00:00,12.35,C703105670217212400005
MD/MHG60HWDN1Q,2017-11-21 00:00:00,2016-11-10 00:00:00,12.35,2400865810561190160009
MI/MCD1-55HRFNX-GA,2024-07-24 00:00:00,2023-07-14 00:00:00,12.35,541H53166072C150160041
MI/MSMAAU09HRDN1QD0,2017-07-12 00:00:00,2016-07-01 00:00:00,12.35,2411653770165090120141
MUZ-SF50VE,2014-06-11 00:00:00,2013-05-31 00:00:00,12.35,L20E2C3S3003668T
EHSC-YM9E-B,2014-05-21 00:00:00,2013-11-14 00:00:00,12.36,7H1HB09G 3J00400
G-SAIWC052F01,2015-02-19 00:00:00,2014-02-07 00:00:00,12.39,00035137
M/MI-45T2/DHN1-DA5,2017-11-09 00:00:00,2016-10-28 00:00:00,12.39,C701902561416615400002
MD/DCTS-18R32IVT-IN,2025-01-14 00:00:00,2024-01-03 00:00:00,12.39,340D96495111A300160024
MD/MOX33018HFN8QRD0N,2025-01-14 00:00:00,2024-01-03 00:00:00,12.39,540J259040233220830065
MI/CB1-12HFNX-O,2025-02-17 00:00:00,2024-02-06 00:00:00,12.39,541J608190435160120140
MI/HB-A160/CDS90GN8B,2024-02-12 00:00:00,2023-01-31 00:00:00,12.39,341G93451072A260100030
MI/MCD-24HRFN1-QD0,2016-09-13 00:00:00,2015-09-02 00:00:00,12.39,D210058970615323160020
MI/MHC-V12W/D2RN8-B,2025-01-27 00:00:00,2024-01-16 00:00:00,12.39,541K814480238180100011
MI/MOBA03-12HFN1-QD0,2017-08-09 00:00:00,2016-07-28 00:00:00,12.39,2411698870465090150201
MI/MOBA03-12HFN1-QD0,2018-06-04 00:00:00,2017-05-23 00:00:00,12.39,241291495046C130130045
MX/NXRM-ID35XWM-1C,2025-04-29 00:00:00,2024-04-17 00:00:00,12.39,540L92205033C090130119
EHSC-VM6E-B,2015-04-15 00:00:00,2014-10-08 00:00:00,12.42,7H1HB08G 3D00090
HX/NXERV-150V1_ST2,2024-10-28 00:00:00,2024-04-22 00:00:00,12.42,F231011427
MD/MCD48HRFNXQRDA,2019-05-31 00:00:00,2018-11-23 00:00:00,12.42,3406412710288200160014
MI/MSMBBU12HRFN1QRD0,2016-12-16 00:00:00,2015-12-04 00:00:00,12.42,D212322230215115120153
MI/MSMBBU12HRFN1QRD0,2017-02-09 00:00:00,2016-08-04 00:00:00,12.42,2411653771165140120172
MOUA60HN1R,2014-06-11 00:00:00,2013-05-29 00:00:00,12.42,C101310311111309130018
MUB48HRN1R,2014-06-18 00:00:00,2013-06-05 00:00:00,12.42,D201443410212507160062
PUHZ-SHW140YHA,2015-04-15 00:00:00,2014-10-08 00:00:00,12.42,7H1SH03G 4G01476
MI/MIH22GN18,2025-07-29 00:00:00,2024-07-15 00:00:00,12.45,541P466080245130100080
MI/MIH36GN18,2025-07-01 00:00:00,2024-06-17 00:00:00,12.45,541L55821013B230100031
MI/MUE-18HRFN1-QRD0,2017-06-29 00:00:00,2016-06-15 00:00:00,12.45,D210233720115716160015
MCA2I18HRDN1,2015-10-30 00:00:00,2014-10-15 00:00:00,12.48,D202130410213A24160012
MX/NXRM-ID35XWM-1C,2023-06-30 00:00:00,2022-12-22 00:00:00,12.48,540G064910325030830248
MCD36HRFN1QRC8,2017-08-24 00:00:00,2016-08-08 00:00:00,12.52,D202263610214911160006
MD/M3OA27HFN8QAH,2024-08-29 00:00:00,2023-08-14 00:00:00,12.52,541H677320231120150105
MD/M5OE42HFN1Q,2017-06-05 00:00:00,2016-05-20 00:00:00,12.52,2400865790761250160010
MD/MOBA18HFN1QRDA,2019-03-31 00:00:00,2018-03-15 00:00:00,12.52,340510242057C280130060
MDVD28Q4/N1-E,2018-05-10 00:00:00,2017-04-24 00:00:00,12.52,C703197670214902400011
MI/MA-24N8D0-O,2023-07-31 00:00:00,2022-07-15 00:00:00,12.52,341C612480814030860059
MI/MHA-V6W/D2N8-B,2024-02-12 00:00:00,2023-01-27 00:00:00,12.52,341G076700125240100041
MI/MCA3U-12HRFNX-GA,2025-03-07 00:00:00,2024-02-19 00:00:00,12.55,541L74064013B170160001
M/MI-45Q4/DHN1-A3,2019-03-31 00:00:00,2018-03-13 00:00:00,12.58,C702884751017117400006
MCC36HRN1R,2014-12-01 00:00:00,2013-11-13 00:00:00,12.58,D202105070213726160006
MD/M2OE18HFN8QA,2023-05-31 00:00:00,2022-05-13 00:00:00,12.58,340F334780222240150007
MD/M2OE18HFN8QAH,2025-07-28 00:00:00,2024-07-10 00:00:00,12.58,54VL25310043A050150045
MD/MSAEAU09HRFNXQRD0,2019-07-31 00:00:00,2018-07-13 00:00:00,12.58,3405834320185040120036
MI/HBT-A100/190CD3B,2025-01-14 00:00:00,2023-12-28 00:00:00,12.58,34VG265250127220300018
MI/MIH80Q4N18,2025-07-01 00:00:00,2024-06-13 00:00:00,12.58,541N377520341260300001
MI/MIH80Q4N18,2025-07-01 00:00:00,2024-06-13 00:00:00,12.58,541N377520341260300002
MI/MIH80Q4N18,2025-07-01 00:00:00,2024-06-13 00:00:00,12.58,541N377520341260300008
MD/MHG60HWDN1Q,2017-11-29 00:00:00,2016-11-10 00:00:00,12.61,2400865810561190160009
MD/MODA42HFN8RRDA,2024-01-16 00:00:00,2022-12-28 00:00:00,12.61,340C448321112030150005
MD/MSAEBU12HRFNXQRD0,2019-07-31 00:00:00,2018-07-12 00:00:00,12.61,3405516610384020120009
MD/MSAEBU12HRFNXQRD0,2019-07-31 00:00:00,2018-07-12 00:00:00,12.61,3405834320385070120197
MD/OP12HRFN8QRE3,2024-05-16 00:00:00,2023-04-28 00:00:00,12.61,540H57926012C270130100
MI/HB-A160/CDS90GN8B,2024-02-12 00:00:00,2023-01-24 00:00:00,12.61,341G93451072A260100030
MI/M5OE-42HFN8-Q,2023-05-18 00:00:00,2022-04-29 00:00:00,12.61,340F334690322250150010
MI/MOBA03-12HFN1-QD0,2017-07-17 00:00:00,2016-06-28 00:00:00,12.61,2411653770465090150133
SX/NX-HPDT-250-WCS,2025-05-27 00:00:00,2024-05-08 00:00:00,12.61,6300143620221102010
MI/MCD-24FNXD0,2019-03-31 00:00:00,2018-09-20 00:00:00,12.62,3415844570886050160015
M/MDVS-280W/DRN1,2023-10-20 00:00:00,2022-09-30 00:00:00,12.65,C705938970218602400001
M/MOZ-12HFN1-QD0,2016-07-06 00:00:00,2015-06-17 00:00:00,12.65,D212322500515112130053
MI/HB-A100/CDS90GN8B,2023-11-30 00:00:00,2022-11-10 00:00:00,12.65,341G280210329040100089
MI/MHC-V10W/D2N8-B,2023-09-29 00:00:00,2022-09-09 00:00:00,12.65,341G287960126150100059
MI/MSMADU24HRFN1QD0,2019-04-30 00:00:00,2018-04-10 00:00:00,12.65,3415209150181170870109
MI/MVI-335WV2RN1(B),2025-04-14 00:00:00,2024-03-25 00:00:00,12.65,541L24065013C160300009
MI/MVI-335WV2RN1(B),2025-07-08 00:00:00,2024-06-18 00:00:00,12.65,541L24065013C160300007
MX/NX3OG-21HFN8-QH,2024-10-17 00:00:00,2023-09-28 00:00:00,12.65,540G168390326050150003
M/MI-56Q4/DHN1-D,2017-10-10 00:00:00,2017-03-31 00:00:00,12.68,C702662711416C01400017
MD/MDV-022T2/DN1,2024-09-05 00:00:00,2023-08-16 00:00:00,12.68,34VE372810821020100038
MD/MOBA18HFN1QRDA,2019-04-30 00:00:00,2018-04-09 00:00:00,12.68,340510242057C280130025
MD/MOBA3012HFN1QRD0,2017-07-13 00:00:00,2016-06-22 00:00:00,12.68,2401653710464220850069
MI/HB-A60/CD30GN8B,2025-02-05 00:00:00,2024-01-16 00:00:00,12.68,341F745640525230100017
MI/HB-A60/CD30GN8B,2025-02-05 00:00:00,2024-01-16 00:00:00,12.68,341F745640525230100018
MI/HB-A60/CD30GN8B,2025-02-05 00:00:00,2024-01-16 00:00:00,12.68,341F745640525230100047
MI/MA-24NXD0-I,2019-03-31 00:00:00,2018-09-19 00:00:00,12.68,3415868310185210850095
MI/MCD-48FNXD0,2019-07-31 00:00:00,2018-07-10 00:00:00,12.68,3415666700184140160008
MI/MHC-V10W/D2N8-B2,2023-08-31 00:00:00,2022-08-10 00:00:00,12.68,341F920330225050100052
MI/MI2-28GDN1,2023-08-31 00:00:00,2022-08-10 00:00:00,12.68,341F806510724140100120
MI/MIH15GN18,2025-07-29 00:00:00,2024-07-08 00:00:00,12.68,541N983700144150100010
MS12F812HRDN1C8OU,2017-01-11 00:00:00,2015-12-22 00:00:00,12.68,D200073040415411130373
HX/NXERV-350V1_ST2,2025-06-27 00:00:00,2024-06-05 00:00:00,12.71,F231031019
M/MDV-V105W/DN1,2017-12-22 00:00:00,2016-11-30 00:00:00,12.71,C702255370616905400004
MCA2U12HRFN1QRC8,2015-10-29 00:00:00,2014-10-07 00:00:00,12.71,D202236650214619160014
MDVD71Q4/N1-D,2015-09-03 00:00:00,2014-08-12 00:00:00,12.71,C703107590311B22400007
MI/HB-A160/CDS90GN8B,2024-11-20 00:00:00,2023-10-30 00:00:00,12.71,341H10751072B260100069
MOJU36HFN1RRC8,2017-09-28 00:00:00,2016-09-06 00:00:00,12.71,D202294400414C05160002
MI/MSMAAU09HRDN1QD0,2016-12-12 00:00:00,2016-08-05 00:00:00,12.72,2411792200165300120058
M/MI-28G/DHN1-S,2019-03-31 00:00:00,2018-03-08 00:00:00,12.75,C703260440416124400008
MDVD71Q4/N1-D,2015-09-04 00:00:00,2014-08-12 00:00:00,12.75,C703107590311B22400007
MI/HB-A60/CD30GN8B,2023-08-31 00:00:00,2022-08-08 00:00:00,12.75,341G198400125170100004
MI/MSMABU12HRDN1QD0,2019-05-31 00:00:00,2018-05-08 00:00:00,12.75,2413475890674300820250
MI/MUE-55HRFN1-QRD0,2016-06-30 00:00:00,2015-06-08 00:00:00,12.75,D212322300615119160009
MXZ-2D53VA,2015-11-06 00:00:00,2014-10-14 00:00:00,12.75,L65TD6LS46P10296
M/MV5-X450W/V2GN1,2017-07-04 00:00:00,2016-06-10 00:00:00,12.78,C701423600116405400008
MI/M5OE-42HFN8-Q,2024-03-18 00:00:00,2023-02-23 00:00:00,12.78,341F402810623280150011
MI/MOB01-12HFN8,2023-06-30 00:00:00,2022-06-06 00:00:00,12.78,341E38159021A080120186
MX/NXP-35APO1-CA,2019-06-30 00:00:00,2018-06-06 00:00:00,12.78,2403321710473230200058
PLFY-P80VBM-E,2014-12-09 00:00:00,2013-11-15 00:00:00,12.78,7H8G865G 3G01669
MD/MDV-022T2/DN1,2024-09-09 00:00:00,2023-08-16 00:00:00,12.81,34VE372810821020100038
MI/MCD-55HRFN1-QD0,2018-03-19 00:00:00,2017-02-22 00:00:00,12.81,D210233890815715160008
MI/MSMABU12HRDN1QD0,2017-07-24 00:00:00,2016-06-29 00:00:00,12.81,2411653770365070120315
M/MOF-24HFN1-QD0,2016-01-11 00:00:00,2015-06-30 00:00:00,12.82,D212322480815115150098
HX/NXERV-250V1_ST2,2025-07-02 00:00:00,2024-06-06 00:00:00,12.84,F231022175
HX/NXERV-350V1_ST2,2025-07-02 00:00:00,2024-06-06 00:00:00,12.84,F231031018
M/MKD-300S,2019-03-31 00:00:00,2018-03-05 00:00:00,12.84,C701320710116422400011
MD/AFBU09HRDN8QRD0,2023-11-02 00:00:00,2022-10-07 00:00:00,12.84,54V2200004327270820013
MI/MCD-55HRFN1-QD0,2018-03-20 00:00:00,2017-02-22 00:00:00,12.84,D210233890815715160008
MI/MHC-V8W/D2N8-B,2024-10-22 00:00:00,2023-09-27 00:00:00,12.84,541H985650135150100004
MI/MOB02-18HFN1-QD0W,2018-04-26 00:00:00,2017-03-31 00:00:00,12.84,2411698870665110150016
MI/MV8-615WV2RN1E,2025-07-21 00:00:00,2024-06-25 00:00:00,12.84,541L25626013B210100002
MS12F824HRDN1C8OU,2016-06-02 00:00:00,2015-05-08 00:00:00,12.84,D202263690414906150096
MSR23U18HRDN1QROU,2014-09-16 00:00:00,2013-08-21 00:00:00,12.84,D202044470613322120076
SX/NX-HPDT-300-WCS,2024-03-18 00:00:00,2023-02-21 00:00:00,12.84,6300146520221102026
PUHZ-SHW80VHA,2014-12-09 00:00:00,2014-10-21 00:00:00,12.879999999999999,7H1SH07G 4F00578
MI/HB-A60/CD30GN8B,2024-02-27 00:00:00,2023-01-31 00:00:00,12.88,341F745640525230100044
MI/MHA-V6W/D2N8-B,2024-02-27 00:00:00,2023-01-31 00:00:00,12.88,341G076700125240100061
MI/MOBA03-12HFN1-QD0,2017-07-25 00:00:00,2016-06-28 00:00:00,12.88,2411653770465090150133
MI/MSMACU18HRFN1QD0,2019-07-31 00:00:00,2018-07-04 00:00:00,12.88,3415686850185210820134
MI/MSMACU18HRFN1QD0,2019-07-31 00:00:00,2018-07-04 00:00:00,12.88,3415686850185210820139
MX/NXHPM-V16W/D2RN8,2025-02-17 00:00:00,2024-01-22 00:00:00,12.88,541H985650235140100035
MI/HB-A160/CDS90GN8B,2025-05-09 00:00:00,2024-04-11 00:00:00,12.91,341H58397012C290100029
MI/HBT-A100/190CD3B,2024-12-10 00:00:00,2023-11-13 00:00:00,12.91,340G172920127180300004
MI/HBT-A100/190CD3B,2024-12-10 00:00:00,2023-11-13 00:00:00,12.91,340G172920127180300027
MI/HBT-A100/190CD3B,2024-12-10 00:00:00,2023-11-13 00:00:00,12.91,340G172950128130300002
MI/MOBA03-12HFN1-QD0,2019-07-31 00:00:00,2018-07-03 00:00:00,12.91,2411792200466020130238
MI/MUE-48HRFN1-QRD0,2018-03-20 00:00:00,2017-02-20 00:00:00,12.91,2412149270669100160001
MUE30HRFN1QRC8,2016-11-09 00:00:00,2015-10-13 00:00:00,12.91,D200226810115708160014
MX/NXHPS-V10W/D2N8,2023-09-29 00:00:00,2022-09-01 00:00:00,12.91,340G166340626210100079
M/MKD-300S,2019-03-31 00:00:00,2018-03-02 00:00:00,12.94,C701320710116422400011
M/MSABDU-18HRDN1-QC8,2016-07-28 00:00:00,2015-06-30 00:00:00,12.94,D212322480315119120145
MD/MOX33018HFN8QRD0N,2024-02-15 00:00:00,2023-01-17 00:00:00,12.94,54V2200004229230830004
MI/CB1-18HRFN8-I,2025-04-04 00:00:00,2024-03-06 00:00:00,12.94,541K487830136100860093
MI/HBT-A100/190CD3B,2024-11-14 00:00:00,2023-10-17 00:00:00,12.94,340G172950128130300019
MI/M2OH-14HFN8-Q,2023-09-29 00:00:00,2022-08-31 00:00:00,12.94,341F559020123250150005
MI/MHA-V6W/D2N8-B,2024-02-29 00:00:00,2023-01-31 00:00:00,12.94,341G076700125240100094
M/MSABDU-18HRDN1-QC8,2016-07-29 00:00:00,2015-06-30 00:00:00,12.98,D212322480315119120145
MI/HB-A160/CDS90GN8B,2023-11-30 00:00:00,2022-10-31 00:00:00,12.98,341G280210429050100034
MI/MUE-48HRFN1-QRD0,2018-03-22 00:00:00,2017-02-20 00:00:00,12.98,2412149270669100160001
MI/MOU-42FN8-RD0,2024-07-24 00:00:00,2024-01-08 00:00:00,13,341D668370417240150011
MOUE60HDN1R,2015-08-07 00:00:00,2015-01-21 00:00:00,13,D202130410913A24160008
HX/NXERV-350V1_ST2,2023-07-31 00:00:00,2022-06-30 00:00:00,13.01,F221030136
M/AHUKZ-03N1,2024-01-31 00:00:00,2022-12-31 00:00:00,13.01,34VE371720322080100015
M/MKA-600R,2019-04-30 00:00:00,2018-03-30 00:00:00,13.01,C702245760116902400024
M/MOF-24HFN1-QD0,2017-06-23 00:00:00,2016-05-23 00:00:00,13.01,2410878180962160150043
MI/CB1-18HRFN8-I,2025-03-04 00:00:00,2024-02-02 00:00:00,13.01,541K487830136100860034
MI/HBT-A100/190CD3B,2024-12-10 00:00:00,2023-11-10 00:00:00,13.01,340G172920127180300022
MI/MCD-36HRFN1-QD0,2017-06-19 00:00:00,2016-05-19 00:00:00,13.01,D210058970815323160011
MI/MIH15GN18,2025-08-08 00:00:00,2024-07-08 00:00:00,13.01,541N983700144150100010
MI/MOBA03-09HFN1-QD0,2019-06-30 00:00:00,2018-05-30 00:00:00,13.01,2411792200266020130068
MI/X3BP-18N8D0-O,2023-07-31 00:00:00,2022-06-30 00:00:00,13.01,341F648690223290830068
MKA1500F,2019-03-31 00:00:00,2018-02-28 00:00:00,13.01,C703220891115318400003
PU-P125YHA,2014-11-25 00:00:00,2013-10-25 00:00:00,13.01,7H1F519G 2H00319
H1100SI,2017-12-27 00:00:00,2016-11-25 00:00:00,13.04,20150800013
M/MI-28G/DHN1-M,2019-07-31 00:00:00,2018-06-29 00:00:00,13.04,C703718581017512400012
M/MOYU-36HFN1-RD0,2017-12-27 00:00:00,2016-11-25 00:00:00,13.04,D212322290515115160037
MD/AHUKZ-03DM,2024-07-15 00:00:00,2023-06-13 00:00:00,13.07,34VG517610229020100046
MD/MOU60HDN1R,2017-04-18 00:00:00,2016-03-16 00:00:00,13.07,D202250520514730160006
MD/UNVS-24R32INT-OU,2024-01-31 00:00:00,2022-12-29 00:00:00,13.07,340D96490081A160120008
MI/AGBP-09NXD0-I,2023-06-12 00:00:00,2022-05-10 00:00:00,13.07,341F325250122220810190
MI/HB-A100/CDS90GN8B,2023-12-27 00:00:00,2022-11-24 00:00:00,13.07,341G280210329040100083
MI/HB-A60/CD30GN8B,2025-02-17 00:00:00,2024-01-16 00:00:00,13.07,341F745640525230100001
MI/HB-A60/CD30GN8B,2025-02-17 00:00:00,2024-01-16 00:00:00,13.07,341F745640525230100004
MI/HB-A60/CD30GN8B,2025-02-17 00:00:00,2024-01-16 00:00:00,13.07,341F745640525230100080
MI/MHC-V10W/D2N8-B2,2024-04-09 00:00:00,2023-03-08 00:00:00,13.07,341H31815022B160100007
MI/MOU-42FN8-RD0,2023-12-31 00:00:00,2022-11-28 00:00:00,13.07,341B215200908230150014
MI/MSMBAU09HRFN1QRD0,2019-06-30 00:00:00,2018-05-28 00:00:00,13.07,3415242890182070840144
DX/NXACC101000AV2,2024-10-15 00:00:00,2023-09-12 00:00:00,13.11,CKM017A23051900079
MD/MOX13312HFN8QRD0N,2024-03-05 00:00:00,2023-01-31 00:00:00,13.11,54V220000442B040850447
MD/MSAECU18HRFN1QRD0,2019-04-30 00:00:00,2018-03-27 00:00:00,13.11,2403267950573140150135
MD/OP12HRFN8QRE3,2023-09-29 00:00:00,2022-08-26 00:00:00,13.11,540F733800125050130010
MHC48HWN1R,2014-10-20 00:00:00,2013-09-16 00:00:00,13.11,D201473390312731160019
MI/MHC-V5W/D2N8,2023-05-31 00:00:00,2022-04-27 00:00:00,13.11,3411400029489050100004
MI/MOBA03-12HFN1-QD0,2019-07-31 00:00:00,2018-06-27 00:00:00,13.11,2411792200466020130238
MOU30HFN1QRC8,2017-08-22 00:00:00,2016-07-19 00:00:00,13.11,D200238820415728160031
MX/NXKT3-V300F,2023-06-30 00:00:00,2022-05-27 00:00:00,13.11,340F806380223260100002
M/AHUKZ-03N1,2024-01-31 00:00:00,2022-12-27 00:00:00,13.14,34VE371720322080100015
MD/MODA30HFN1QRDA,2017-11-28 00:00:00,2016-10-24 00:00:00,13.14,2411657880965170160063
MI/MHC-V5W/D2N8,2023-05-31 00:00:00,2022-04-26 00:00:00,13.14,3411400029489050100004
MD/MOU60HDN1R,2014-04-18 00:00:00,2013-03-13 00:00:00,13.17,D201473381012727160008
MD/MSAFAU09HRDN1QRD0,2019-03-31 00:00:00,2018-02-23 00:00:00,13.17,2403245070173060820001
MI/AGBP-18NXD0-I,2024-07-03 00:00:00,2023-05-29 00:00:00,13.17,541H852310133170810010
MI/MOB02-18HFN1-QD0W,2018-04-25 00:00:00,2017-03-20 00:00:00,13.17,2411698870665110150079
MS12F818HRFN1C8OU,2017-01-11 00:00:00,2015-12-07 00:00:00,13.17,D200342370115A08150015
MX/NXRM-ID35XWM-1C,2023-08-31 00:00:00,2022-07-26 00:00:00,13.17,340D300830315260820553
MD/AHB-A60/CD3,2025-01-08 00:00:00,2024-06-21 00:00:00,13.2,341F745640525230100005
MD/MI-45Q4/DHN1-A3,2019-03-31 00:00:00,2018-09-11 00:00:00,13.2,C705902341418603400009
MD/MOBA3009HFN1QRD0,2017-07-03 00:00:00,2016-05-27 00:00:00,13.21,2401302930263190820450
MI/HBT-A100/190CD3B,2024-12-19 00:00:00,2023-11-13 00:00:00,13.21,340G172920127180300017
MI/HBT-A100/190CD3B,2024-12-19 00:00:00,2023-11-13 00:00:00,13.21,340G172950128130300004
MI/HBT-A100/190CD3B,2024-12-19 00:00:00,2023-11-13 00:00:00,13.21,340G172950128130300010
MI/HBT-A100/190CD3B,2024-12-19 00:00:00,2023-11-13 00:00:00,13.21,340G172950128130300017
MCD18HRFN1QRD0,2018-06-11 00:00:00,2017-05-04 00:00:00,13.24,2411797620466170160067
MI/MHA-V10W/D2N8-B,2025-02-04 00:00:00,2023-12-29 00:00:00,13.24,341G347010129020100025
MI/MOX230-12HFN8QGA,2023-06-06 00:00:00,2022-04-29 00:00:00,13.24,341D95483061B060120038
MI/MOX430U-24HFN8QGA,2025-01-10 00:00:00,2023-12-04 00:00:00,13.24,541K471190239010150024
MI/MOX430U-24HFN8QGA,2025-01-10 00:00:00,2023-12-04 00:00:00,13.24,541K471190239010150027
MI/MTIU-18HWFNX-GA,2023-07-31 00:00:00,2022-06-23 00:00:00,13.24,341F380670322280160010
M/MOD30U-30HFN1-QRD0,2019-03-31 00:00:00,2018-02-20 00:00:00,13.27,2413972770477250160024
MS12F809HRDN1C8,2016-05-31 00:00:00,2015-04-23 00:00:00,13.27,D202263690214918120116
MSR112HRN1QC2,2014-06-25 00:00:00,2013-05-17 00:00:00,13.27,D202039870113226120052
MUE-55HRFN1-QRD0,2018-04-18 00:00:00,2017-03-10 00:00:00,13.27,D200309360115909160012
MX/NXHB-A60/CD3,2023-12-27 00:00:00,2022-11-18 00:00:00,13.27,340G169930428030100027
LGH-50RVX,2015-09-23 00:00:00,2015-03-05 00:00:00,13.28,54662414110132P
MD/AHPS-V10W/D2N8,2023-11-02 00:00:00,2022-09-23 00:00:00,13.3,34VG265630227230100074
MDVD22G/N1-S,2016-04-04 00:00:00,2015-02-24 00:00:00,13.3,C703211760514C26400007
MDVD36G/N1-S,2017-07-19 00:00:00,2016-06-09 00:00:00,13.3,C703223070615406400011
MI/HB-A60/CD30GN8B,2023-08-31 00:00:00,2022-07-22 00:00:00,13.3,341G198400125170100004
MI/HB-A60/CD30GN8B,2023-08-31 00:00:00,2022-07-22 00:00:00,13.3,341G198520125170100029
MUX-2A70VB,2014-08-04 00:00:00,2013-06-25 00:00:00,13.3,MUX2A70S7000584T
MX/NXRM-OD35B-1CH-P,2024-01-31 00:00:00,2022-12-22 00:00:00,13.3,540G064910425030850238
M/M2OE-18HFN1-Q,2017-07-07 00:00:00,2016-05-27 00:00:00,13.34,2401170340463160160037
M/MSMBCU-18HRFN1-QD0,2018-06-06 00:00:00,2017-04-26 00:00:00,13.34,2411785860965290120117
MD/MOU60HDN1R,2014-08-04 00:00:00,2013-06-24 00:00:00,13.34,D202025400313115160010
MD/MOX43124HFN8QRD0N,2025-06-25 00:00:00,2024-05-15 00:00:00,13.34,54VL74268063B180870106
MI/MHC-V8W/D2N8-B2,2024-01-16 00:00:00,2023-06-27 00:00:00,13.34,341H31820012B160100013
MI/MUE-36HRFN1-QRD0,2016-01-19 00:00:00,2015-06-30 00:00:00,13.34,D212322300315119160005
MOU48HN1R,2014-04-16 00:00:00,2013-09-25 00:00:00,13.34,D202079600413516160007
MSR118HRN1QB8OU,2014-06-03 00:00:00,2013-04-23 00:00:00,13.34,D201497140412A30130002
M/MI-22G/DHN1-M,2018-05-11 00:00:00,2017-03-30 00:00:00,13.37,C702662710216C01400039
MI/MHA-V8W/D2N8-B,2024-07-18 00:00:00,2023-06-07 00:00:00,13.37,341H56022032C250100037
MI/MHC-V8W/D2N8-B2,2024-08-08 00:00:00,2023-06-28 00:00:00,13.37,341H31805012B160100028
MI/MV6-450WV2GN1-E,2023-10-31 00:00:00,2023-07-21 00:00:00,13.4,541H774940133150100009
MI/X1BP-09N8D0-O,2024-02-12 00:00:00,2022-12-31 00:00:00,13.4,341F647980223220810040
MOV96HN1R,2014-04-25 00:00:00,2013-03-13 00:00:00,13.4,C703126090612725400001
H/JAXR0212_01,2018-02-02 00:00:00,2016-12-20 00:00:00,13.44,HF1610068076
M/MSABBU-12HRDN1-QC8,2016-09-12 00:00:00,2015-07-31 00:00:00,13.44,D212322480115117120012
MD/MOU60HDN1R,2015-03-19 00:00:00,2014-02-03 00:00:00,13.44,D202059260513422160016
MD/MUE24HRFN1QRDA,2019-03-31 00:00:00,2018-09-07 00:00:00,13.46,240261782026B050160004
G-LCX274HS,2019-03-31 00:00:00,2018-02-14 00:00:00,13.47,HF1712076925
MI/MHA-V6W/D2N8-B,2024-11-13 00:00:00,2023-09-30 00:00:00,13.47,341F745770125240100044
MX/NXRM-OD35B-1C,2024-06-17 00:00:00,2023-05-04 00:00:00,13.47,540G064910425030850267
SX/NX-HPDT-200-WCS,2025-03-11 00:00:00,2024-01-26 00:00:00,13.47,6300143520220924004
M/MI-22Q4/DHN1-A3,2016-12-28 00:00:00,2015-11-13 00:00:00,13.5,C703219680715327400007
MD/DCTS-12R32IVT-IN,2023-05-31 00:00:00,2022-04-15 00:00:00,13.5,340D96479091A110160006
MD/MOBA18HFN1QRDA,2017-07-26 00:00:00,2016-06-10 00:00:00,13.5,2401170340963110150021
MD/MODA42HFN8RRDA,2024-02-12 00:00:00,2022-12-28 00:00:00,13.5,340C448321112030150005
MI/MOB02-18HFN1-QD0W,2019-03-31 00:00:00,2018-02-13 00:00:00,13.5,2411653771465110150010
MX/NXHPM-V10W/D2N8,2024-07-24 00:00:00,2023-06-09 00:00:00,13.5,340H37787032C040100001
MD/M2OE16HFN1Q,2017-07-13 00:00:00,2016-05-27 00:00:00,13.53,2401170760963230160061
MD/MOX13312HFN8QRD0N,2024-03-18 00:00:00,2023-01-31 00:00:00,13.53,54V220000442B040850447
MDVD22Q4/N1-A3,2016-07-05 00:00:00,2015-05-20 00:00:00,13.53,C703216980615227400026
MI/MCD1-24HRFNX-GA,2023-08-31 00:00:00,2022-07-15 00:00:00,13.53,541F381210524150160013
MI/MOX430U-24HFN8QGA,2025-01-15 00:00:00,2023-11-30 00:00:00,13.53,541K471190239010150030
MI/MVI-335WV2RN1(B),2025-02-18 00:00:00,2024-01-03 00:00:00,13.53,541K977470139040300007
MI/X1BP-12N8D0-O,2024-08-26 00:00:00,2023-07-11 00:00:00,13.53,541J556040234280820244
MSZ-SF25VE,2015-08-20 00:00:00,2014-07-04 00:00:00,13.53,L20E42VS4002858T
MX/NXHB-A100/CD9,2024-03-18 00:00:00,2023-01-31 00:00:00,13.53,340G169930528030100033
MX/NXHPM-V14W/D2RN8,2024-10-23 00:00:00,2023-09-07 00:00:00,13.53,34VH537380231030100019
MX/NXP-35APO1-CA,2019-06-30 00:00:00,2018-05-14 00:00:00,13.53,2403321710473230200079
MD/MCD48HRFNXQRDA,2019-03-31 00:00:00,2018-09-06 00:00:00,13.54,3405890570385250160012
MX/NXRM-OD25B-1DH,2025-04-24 00:00:00,2024-09-30 00:00:00,13.54,540P150600244240120024
MD/MOX33018HFN8QRD0N,2023-11-30 00:00:00,2022-10-13 00:00:00,13.57,54V2200004227280860003
MD/UNVS-55R32INT-OU,2024-11-12 00:00:00,2023-09-26 00:00:00,13.57,540K228380735120150023
MI/MOBA03-12HFN1-QD0,2017-09-14 00:00:00,2016-07-28 00:00:00,13.57,2411698870465090150201
MI/X1BPW-09N8D0-OH,2024-09-11 00:00:00,2023-07-26 00:00:00,13.57,541K316760635260830009
T-C1000E.NT,2014-03-12 00:00:00,2013-01-23 00:00:00,13.57,146844002
M/MKT3-400FG30,2016-09-13 00:00:00,2016-02-19 00:00:00,13.6,C703218721315317400024
MI/AG-09NXD1-I,2023-06-30 00:00:00,2022-05-12 00:00:00,13.6,341D228390317010170152
MI/MHA-V6W/D2N8-B,2024-01-16 00:00:00,2022-11-28 00:00:00,13.6,341G076700125240100026
MI/MOB03-12HFN1-QD0,2017-09-15 00:00:00,2016-07-28 00:00:00,13.6,2411653771265100150093
MOU60HFN1Q,2016-11-09 00:00:00,2015-09-22 00:00:00,13.6,D202294820414C04160011
M/MDV-V260W/DRN1,2017-12-20 00:00:00,2016-10-31 00:00:00,13.63,C701423602316402400005
MD/MSAFBU12HRDN1QRD0,2019-03-31 00:00:00,2018-02-09 00:00:00,13.63,2403496420374180820081
MI/AHUKZ-03DM,2023-12-27 00:00:00,2022-11-07 00:00:00,13.63,341F805700626010100013
MI/MOE30U-48HFN1-RD0,2017-11-03 00:00:00,2016-09-14 00:00:00,13.63,2411797721266160160001
MI/MOU-18FN1-QD0,2019-06-30 00:00:00,2018-05-11 00:00:00,13.63,3415242940583010130092
M/MDV-V180W/DRN1,2019-04-30 00:00:00,2019-02-06 00:00:00,13.65,341670781068A090100009
MD/MCA3I09HRFN8QRDA,2019-06-30 00:00:00,2018-05-10 00:00:00,13.67,240453738017A170160014
MI/HB-A60/CD30GN8B,2023-10-30 00:00:00,2022-09-09 00:00:00,13.67,341G198400125170100019
MOUA60HN1R,2015-09-14 00:00:00,2014-07-25 00:00:00,13.67,D202115340713913160009
MKA600R,2014-09-02 00:00:00,2013-07-12 00:00:00,13.7,C703092040111521400007
MSZ-SF25VE,2015-08-25 00:00:00,2014-07-04 00:00:00,13.7,L20E42VS4002858T
MC/COX133-09HFN8D0,2024-05-20 00:00:00,2023-03-29 00:00:00,13.73,340D294810214110810012
MI/MOB03-12HFN1-QD0,2017-09-19 00:00:00,2016-07-28 00:00:00,13.73,2411653771265100150093
MI/MSMACU18HRFN1QD0,2019-04-30 00:00:00,2018-03-08 00:00:00,13.73,2413476010875150810098
MI/MUE-55HRFN1-QRD0,2017-07-11 00:00:00,2016-05-19 00:00:00,13.73,2411201121463170160005
PLFY-P25VCM-E,2014-04-29 00:00:00,2013-10-02 00:00:00,13.74,L65TDB2S34M02145
PLFY-P32VCM-E,2014-04-29 00:00:00,2013-10-02 00:00:00,13.74,L65TBBHS23M01366
DX/NXACC201000AV2,2023-11-30 00:00:00,2022-10-07 00:00:00,13.76,CKM021B21041200020
MI/MSMACU18HRFN1QD0,2017-05-29 00:00:00,2016-04-05 00:00:00,13.76,2411110290563140120190
MI/MSMBBU12HRFN1QRD0,2019-03-31 00:00:00,2018-02-05 00:00:00,13.76,2411785860365270120343
MI/MVI-560WV2RN1(A),2025-05-08 00:00:00,2024-03-15 00:00:00,13.76,541K977470339050300002
MSZ-SF25VE,2015-05-28 00:00:00,2014-04-04 00:00:00,13.76,L20E42VS4001605T
HX/NXERV-250V1_ST2,2025-06-18 00:00:00,2024-11-20 00:00:00,13.8,F231022216
MD/AFBU12HRDNXQRD0,2024-07-29 00:00:00,2023-06-05 00:00:00,13.8,540J373470234090820061
MD/M3OA27HFN8QA,2024-08-22 00:00:00,2023-06-29 00:00:00,13.8,340F425710123200150033
MI/MHC-V12W/D2RN8-B,2025-03-11 00:00:00,2024-01-16 00:00:00,13.8,541K814480238180100011
PUHZ-ZRP50VKA,2014-05-26 00:00:00,2013-10-28 00:00:00,13.8,L77JJ01S21U00920
PUHZ-ZRP50VKA,2014-05-26 00:00:00,2013-10-28 00:00:00,13.8,L77JJ01S36U02821
MD/AECU18HRFNXQRD0,2023-11-02 00:00:00,2022-09-07 00:00:00,13.83,540F405040524240130164
MHB96HRN1,2016-08-12 00:00:00,2015-06-18 00:00:00,13.83,C703185250314513400001
MI/HB-A60/CD30GN8B,2025-01-21 00:00:00,2023-11-27 00:00:00,13.83,341G198520125170100034
MI/MSMAAU09HRDN1QD0,2019-07-31 00:00:00,2018-06-05 00:00:00,13.83,2411792200165290120174
MSR112HRN1QC2OU,2014-07-15 00:00:00,2013-05-20 00:00:00,13.83,D202039870213217120068
MI/CB1-12HRFN8-I,2025-04-03 00:00:00,2024-02-06 00:00:00,13.86,541J608190335130130144
MI/MHC-V8W/D2N8-B,2024-11-22 00:00:00,2023-09-27 00:00:00,13.86,541H985650135150100004
MS12F812HRDN1C8,2016-03-25 00:00:00,2015-01-28 00:00:00,13.86,D202212880214504120278
MUB18HRN1Q,2014-09-26 00:00:00,2013-07-31 00:00:00,13.86,D201494350412B03160006
MI/AHUKZ-03DM,2025-04-07 00:00:00,2024-02-09 00:00:00,13.9,341H31200022C040100038
MI/HBT-A100/240CDS9B,2025-01-20 00:00:00,2023-11-24 00:00:00,13.9,340G172950228130300019
MI/MSMACU18HRFN1QD0,2017-09-07 00:00:00,2016-07-11 00:00:00,13.9,2411698870565040120061
MS12F812HRDN1C8,2016-08-26 00:00:00,2015-06-30 00:00:00,13.9,D200073040315409120445
MD/MDV-071G/DN1,2023-04-30 00:00:00,2022-09-30 00:00:00,13.92,C702662710616C01400010
MI/MA-18N8D0-O,2019-03-31 00:00:00,2018-08-31 00:00:00,13.92,3415188890181200870036
MD/MOB3018HFN1QRD0GW,2017-05-15 00:00:00,2016-03-17 00:00:00,13.93,2400827550661150150078
MD/MSAEDU24HRFN1QRD0,2017-09-01 00:00:00,2016-07-04 00:00:00,13.93,2401199390763160120017
MI/MHC-V8W/D2N8-B,2023-04-30 00:00:00,2022-03-02 00:00:00,13.93,341E56089071B040100001
MI/MOX430U-24HFN8QGA,2025-01-24 00:00:00,2023-11-27 00:00:00,13.93,541K471190239010150011
MI/MSMBBU12HRFN1QRD0,2019-03-31 00:00:00,2018-01-31 00:00:00,13.93,2411785860365270120023
MOU18HFN1QRC8,2016-02-15 00:00:00,2014-12-18 00:00:00,13.93,D202250480514725150023
MSR118HRN1QB8,2014-09-16 00:00:00,2013-07-19 00:00:00,13.93,D202058310213402130016
MX/NXHPS-V8W/D2N8,2023-10-30 00:00:00,2022-09-01 00:00:00,13.93,340G166340626210100064
M/MI-22G/DHN1-M,2019-03-31 00:00:00,2018-01-30 00:00:00,13.96,C703718580917512400003
MDVD140Q4/N1-D,2017-10-30 00:00:00,2016-08-31 00:00:00,13.96,C703167450413B27400005
MDVD22G/N1-S,2018-05-23 00:00:00,2017-03-24 00:00:00,13.96,C702579491016B03400023
MI/AGBP-09NXD0-I,2025-07-07 00:00:00,2024-05-08 00:00:00,13.96,541N369600141200170029
MI/MHC-V8W/D2N8-B,2023-10-30 00:00:00,2022-08-31 00:00:00,13.96,341G287960126150100060
MS12F818HRFN1C8,2016-10-17 00:00:00,2015-08-19 00:00:00,13.96,D200073040515407120055
MSR23U12HRDN1QROU,2015-09-07 00:00:00,2014-07-09 00:00:00,13.96,D202132210913B01130013
MX/NXHPM-V22W/D2RN8,2025-03-04 00:00:00,2024-01-04 00:00:00,13.96,341G837980132260100017
MD/OP12HRFN8QRE3,2025-06-11 00:00:00,2025-01-20 00:00:00,13.98,54VQ296750147290130044
M/MI-28Q4/DHN1-A3,2019-04-30 00:00:00,2018-02-28 00:00:00,13.99,C703719000217516400008
M/MOC-09HFN1-QD1,2023-11-30 00:00:00,2022-09-30 00:00:00,13.99,D212322260315116150046
MD/AFBU12HRDNXQRD0,2023-12-31 00:00:00,2022-10-31 00:00:00,13.99,54V2200004528160840032
MD/AFCU18HRFN8QRD0,2024-03-18 00:00:00,2023-01-17 00:00:00,13.99,54V220000402B010810082
MD/CLFB-55R32IVT-IN,2023-04-30 00:00:00,2022-02-28 00:00:00,13.99,340D96499041B030160017
MD/CLFB-55R32IVT-IN,2023-04-30 00:00:00,2022-02-28 00:00:00,13.99,340D96499041B030160018
MD/CLFB-55R32IVT-IN,2023-04-30 00:00:00,2022-02-28 00:00:00,13.99,340D96499041B030160019
MD/CLFB-55R32IVT-IN,2023-04-30 00:00:00,2022-02-28 00:00:00,13.99,340D96499041B030160020
MD/MOBA3012HFN1QRD0,2017-08-10 00:00:00,2016-06-10 00:00:00,13.99,2401302930463190820386
MI/MA-18N8D0-O,2023-05-31 00:00:00,2022-03-31 00:00:00,13.99,341E353990619110830073
MI/MHC-V8W/D2N8-B,2024-10-22 00:00:00,2023-08-23 00:00:00,13.99,541H985650135130100092
MI/MOBA03-12HFN1-QD0,2018-01-30 00:00:00,2016-11-30 00:00:00,13.99,2411698870465090150403
MX/NXHPM-V12W/D2RN8,2025-06-16 00:00:00,2024-04-16 00:00:00,13.99,540L55868013C130100005
PEAD-RP140JAQ,2014-07-31 00:00:00,2013-05-31 00:00:00,13.99,7HF733G 2D00314
MDVD36Q4/N1-A3,2015-09-21 00:00:00,2015-02-20 00:00:00,14,C703165120113A17400006
MD/AFBU09HRDN8QRD0,2023-07-31 00:00:00,2022-05-30 00:00:00,14.03,340F327700121250830154
MD/CLFB-55R32IVT-IN,2025-01-14 00:00:00,2023-11-14 00:00:00,14.03,340D964730519290160008
MD/DCTS-18R32IVT-IN,2024-11-29 00:00:00,2023-09-29 00:00:00,14.03,340D96495111A300160004
MD/MSAEAU09HRFNXQRD0,2019-05-31 00:00:00,2018-03-30 00:00:00,14.03,3405102330182060120130
MD/UNVS-55R32INT-OU,2025-01-14 00:00:00,2023-11-14 00:00:00,14.03,540K223230535190150068
MSR23U12HRDN1Q8OU,2016-08-16 00:00:00,2015-06-16 00:00:00,14.03,D202179890614228130243
MX/NXHPM-V8W/D2N8,2024-04-30 00:00:00,2023-02-28 00:00:00,14.03,341H31169012B160100004
G-MTE012C0AA,2015-11-16 00:00:00,2015-04-16 00:00:00,14.06,15700365
M/HRV-400,2018-02-05 00:00:00,2017-07-06 00:00:00,14.06,C703218270115309400011
M/MOB01-09HFN1-QD0W,2016-08-17 00:00:00,2015-06-16 00:00:00,14.06,D212312810715110130013
MI/HB-A60/CD30GN8B,2023-11-30 00:00:00,2022-09-28 00:00:00,14.06,341G198520125170100054
MX/NX3OG-21HFN8-QH,2024-11-29 00:00:00,2023-09-28 00:00:00,14.06,540G168390326050150003
MX/NXHBT-A100/190CD3,2023-11-30 00:00:00,2022-09-28 00:00:00,14.06,340G172920127180300029
MX/NXHPM-V10W/D2N8,2025-05-28 00:00:00,2024-03-26 00:00:00,14.06,540L55863013C130100016
MD/OP12HRFN8QRE3,2025-01-02 00:00:00,2023-10-31 00:00:00,14.09,54V2200005T2A250130107
MI/M4O-36FN8-Q,2023-08-31 00:00:00,2022-06-28 00:00:00,14.09,341D228470115100150001
MI/MOBA03-12HFN1-QD0,2019-07-31 00:00:00,2018-05-28 00:00:00,14.09,2413055170471180840107
MI/MOBA03-09HFN1-QD0,2017-10-24 00:00:00,2017-03-23 00:00:00,14.12,2413055170271140840159
MD/CLFB-55R32IVT-IN,2023-04-30 00:00:00,2022-02-24 00:00:00,14.13,340D96490041A160160003
MD/CLFB-55R32IVT-IN,2023-04-30 00:00:00,2022-02-24 00:00:00,14.13,340D96490041A160160008
MD/CLFB-55R32IVT-IN,2023-04-30 00:00:00,2022-02-24 00:00:00,14.13,340D96490041A160160011
MD/CLFB-55R32IVT-IN,2023-04-30 00:00:00,2022-02-24 00:00:00,14.13,340D96490041A160160012
MI/X3-18N8D0-OH,2023-11-30 00:00:00,2022-09-26 00:00:00,14.13,341F297340423170830059
M/MCA3U-12HRFN1-QD0,2016-11-07 00:00:00,2015-09-03 00:00:00,14.16,D200073450115410160058
MI/MHA-V6W/D2N8-B,2024-12-04 00:00:00,2023-09-30 00:00:00,14.16,341F745770125240100044
MI/MI2-56Q4DN1,2023-09-29 00:00:00,2022-07-25 00:00:00,14.16,341F218310924030100048
MI/MIH56GN18,2025-01-31 00:00:00,2023-11-27 00:00:00,14.16,541L126720339080100047
MI/MOD30U-36HFN8RGA,2023-12-31 00:00:00,2022-10-26 00:00:00,14.16,5412250003J28160150039
MI/MSMACU18HRFN1QD0,2018-06-05 00:00:00,2017-03-31 00:00:00,14.16,2413055170571250810050
MI/MV6-I400WV2GN1-E,2025-01-31 00:00:00,2023-11-27 00:00:00,14.16,341H14743012C030100031
MI/X2-12N8D6-O,2025-01-21 00:00:00,2023-11-17 00:00:00,14.16,541K300140235160120034
MI/X2-12N8D6-O,2025-01-21 00:00:00,2023-11-17 00:00:00,14.16,541K300140235160120049
MS12F809HRDN1C8,2016-06-27 00:00:00,2015-04-23 00:00:00,14.16,D202263690214918120116
CEAHUKZ01A,2016-04-05 00:00:00,2015-01-29 00:00:00,14.19,C703201861014A16400001
MI/MCD-24HRFN1-QD0,2019-03-31 00:00:00,2018-01-23 00:00:00,14.19,2413621321677120160013
MI/MI2-71Q4DN1,2023-08-02 00:00:00,2022-05-27 00:00:00,14.19,341E775990123240100073
MI/MOBA02-09HFN1-QD0,2019-07-31 00:00:00,2018-05-25 00:00:00,14.19,2411785860265270130292
WL1363BD/6HERA,2017-11-06 00:00:00,2016-08-31 00:00:00,14.19,N10M00S016001306002000
MI/MHC-V22W/D2RN8,2023-11-30 00:00:00,2023-04-28 00:00:00,14.2,341F743970831290100004
MD/MOCA24HFN1QRDA,2019-03-31 00:00:00,2018-01-22 00:00:00,14.22,2403802240678180150005
MD/MV6-I785WV2GN1-E,2024-05-06 00:00:00,2023-02-28 00:00:00,14.22,34VF735910325070100003
MD/MVI-280WV2RN1A,2025-01-27 00:00:00,2023-11-21 00:00:00,14.22,54VK248730136250100003
MD/UNVS-55R32INT-OU,2025-01-20 00:00:00,2023-11-14 00:00:00,14.22,540K223230535190150068
MI/MHA-V8W/D2N8-B,2023-10-30 00:00:00,2022-08-23 00:00:00,14.22,341F745770225170100026
MTB18HWFN1QRC4,2015-08-05 00:00:00,2014-05-29 00:00:00,14.22,D202110130413820160004
HX/NXERV-250V1_ST2,2023-11-30 00:00:00,2022-09-22 00:00:00,14.26,F221020121
MI/HB-A100/CDS90GN8B,2023-10-30 00:00:00,2022-08-22 00:00:00,14.26,341F745640625230100098
MI/HB-A160/CDS90GN8B,2024-02-29 00:00:00,2022-12-22 00:00:00,14.26,341G27939042A110100026
MI/HB-A60/CD30GN8B,2023-09-29 00:00:00,2022-07-22 00:00:00,14.26,341G198520125170100076
MI/HB-A60/CD30GN8B,2025-08-01 00:00:00,2024-05-24 00:00:00,14.26,541N081300141230100013
MI/MCD-30HRFN1-QD0,2019-04-30 00:00:00,2018-02-20 00:00:00,14.26,2413245421673240160003
MI/MHA-V4W/D2N8-B,2025-08-01 00:00:00,2024-05-24 00:00:00,14.26,541L492890141080100025
MI/MHC-V22W/D2RN8,2024-07-31 00:00:00,2023-12-27 00:00:00,14.26,341G837980132260100016
MI/MOBA03-12HFN1-QD0,2019-07-31 00:00:00,2018-05-23 00:00:00,14.26,241291495046C130130013
MI/MSMABU12HRDN1QD0,2019-07-31 00:00:00,2018-05-23 00:00:00,14.26,2413475890674300820096
PKFY-P20VBM-E,2013-12-17 00:00:00,2013-05-14 00:00:00,14.26,L7H7A02S2XA01953
M/MOZ-12HFN1-QD0,2016-08-25 00:00:00,2015-06-17 00:00:00,14.29,D212322500515112130053
MI/HB-A160/CDS90GN8B,2024-01-16 00:00:00,2022-11-07 00:00:00,14.29,341G280210429050100029
MI/HB-A60/CD30GN8B,2023-12-27 00:00:00,2022-10-18 00:00:00,14.29,341G198520125170100062
MI/M3OA-27HFN8-Q,2023-09-29 00:00:00,2022-07-21 00:00:00,14.29,541F727860425140150018
MI/MHA-V6W/D2N8-B,2023-12-27 00:00:00,2022-10-18 00:00:00,14.29,341F745080124040100006
MOJU36HFN1RRC8,2018-02-15 00:00:00,2016-12-07 00:00:00,14.29,240071890065C210160009
MX/NXHPM-V10W/D2N8,2025-06-04 00:00:00,2024-03-26 00:00:00,14.29,540L55863013C130100016
G-LCE082CS,2016-07-12 00:00:00,2015-12-07 00:00:00,14.32,15701057
M/MOTS-27HFN1QRD0,2017-01-25 00:00:00,2016-06-21 00:00:00,14.32,C703258980516106400002
MI/HB-A60/CD30GN8B,2025-02-19 00:00:00,2023-12-11 00:00:00,14.32,341G198520125170100036
MDVD22G/N1-S,2018-06-04 00:00:00,2017-03-24 00:00:00,14.36,C702579491016B03400023
MI/HB-A160/CDS90GN8B,2024-03-28 00:00:00,2023-01-16 00:00:00,14.36,341G93451072A260100091
MI/HB-A160/CDS90GN8B,2025-02-20 00:00:00,2023-12-11 00:00:00,14.36,341H31183042B260100021
M/MI-28Q4/DHN1-D,2019-03-31 00:00:00,2018-01-17 00:00:00,14.39,C703230451415618400010
MD/MDV-028Q4C/DN1,2024-12-10 00:00:00,2023-09-29 00:00:00,14.39,34VE332980821050100002
MI/HB-A100/CDS90GN8B,2023-10-30 00:00:00,2022-08-18 00:00:00,14.39,341F745640625230100046
MI/HB-A100/CDS90GN8B,2023-10-30 00:00:00,2022-08-18 00:00:00,14.39,341G198520225180100084
MI/MIH36GN18,2025-06-10 00:00:00,2024-03-28 00:00:00,14.42,541L55821013B230100024
MI/MTIU-12FNXD0,2025-01-29 00:00:00,2023-11-17 00:00:00,14.42,340A000080703230160038
MOV96HN1R,2016-05-23 00:00:00,2015-03-11 00:00:00,14.42,C703167451913B18400003
M/MDV-D15Q4/N1-A3,2019-03-31 00:00:00,2018-01-15 00:00:00,14.45,C703212750515115400008
M/MI-71Q4/DHN1-D,2019-06-13 00:00:00,2018-03-30 00:00:00,14.45,C701442621016407400002
M/MI-71Q4/DHN1-D,2019-06-13 00:00:00,2018-03-30 00:00:00,14.45,C701442621016407400004
M/MI-71Q4/DHN1-D,2019-06-13 00:00:00,2018-03-30 00:00:00,14.45,C701442621016407400012
M/MI-71Q4/DHN1-D,2019-06-13 00:00:00,2018-03-30 00:00:00,14.45,C701442621016407400020
MD/MVI-280WV2RN1A,2025-02-03 00:00:00,2023-11-21 00:00:00,14.45,54VK248730136250100003
MI/MUE-24FNXD0,2023-07-24 00:00:00,2022-05-10 00:00:00,14.45,341664064028A040160014
SX/NX-HPDT-300-WCS,2024-10-02 00:00:00,2023-07-20 00:00:00,14.45,6300146520221102062
T-C1500E.EE.NT,2018-05-14 00:00:00,2017-02-28 00:00:00,14.45,195021002
M/MDV-V450W/DRN1,2019-03-31 00:00:00,2018-08-23 00:00:00,14.46,C705469570418319400007
M/MDV-V450W/DRN1,2019-03-31 00:00:00,2018-08-23 00:00:00,14.46,C705469570418319400009
M/MOEU-55HFN1-RRD0,2017-07-24 00:00:00,2016-05-09 00:00:00,14.49,D210233680915721160018
MD/DCTS-12R32IVT-IN,2023-06-30 00:00:00,2022-04-15 00:00:00,14.49,340D96479091A110160006
MDVD22G/N1-S,2018-06-08 00:00:00,2017-03-24 00:00:00,14.49,C702579491016B03400023
MI/CB1-18HRFN8-I,2025-03-04 00:00:00,2023-12-19 00:00:00,14.49,541K487830136100860034
PUHZ-RP250YKA,2014-09-16 00:00:00,2013-07-02 00:00:00,14.49,L7H1S28S22U12054
SX/NX-HPDT-200-WCS,2024-09-30 00:00:00,2023-07-17 00:00:00,14.49,6300143520221102074
MD/MCD24HRFNXQRDA,2019-03-31 00:00:00,2018-08-22 00:00:00,14.52,3405890570185260160030
MDVD90Q4/N1-D,2015-07-09 00:00:00,2014-04-23 00:00:00,14.52,C703158650613821400001
MI/HB-A100/CDS90GN8B,2024-01-31 00:00:00,2022-11-15 00:00:00,14.52,341G198520225180100008
MI/HB-A60/CD30GN8B,2025-01-22 00:00:00,2023-11-07 00:00:00,14.52,341F745640525230100049
MI/MSFAAU-12HRFN8-I,2025-01-17 00:00:00,2024-06-10 00:00:00,14.52,541N12685033C180210032
MSR112HRN1QC2,2014-04-25 00:00:00,2013-02-07 00:00:00,14.52,D201426400512328150160
MUE48HRFN1QC2,2016-09-07 00:00:00,2015-06-23 00:00:00,14.52,D202157840413C27160006
MD/AFBU09HRDN8QRD0,2023-12-27 00:00:00,2022-10-10 00:00:00,14.55,54V2200004327270820016
MD/MSAFDU24HRFN1QRD0,2019-03-31 00:00:00,2018-01-12 00:00:00,14.55,24031351707722208B0009
MI/HBT-A100/190CD3B,2025-01-16 00:00:00,2023-10-31 00:00:00,14.55,340G172950128130300018
PUHZ-RP250YKA,2014-09-18 00:00:00,2013-07-02 00:00:00,14.55,L7H1S28S22U12054
M/MV5-X615W/V2GN1,2019-06-30 00:00:00,2018-11-20 00:00:00,14.58,C703013960617117400003
_PWFY-P200VM-E-AU,2013-12-20 00:00:00,2012-10-02 00:00:00,14.59,7GAC0324W00158
MDVD45Q4/N1-D,2016-09-19 00:00:00,2015-07-03 00:00:00,14.59,C703092070311521400011
MI/MHC-V4W/D2N8-B,2023-10-30 00:00:00,2022-08-12 00:00:00,14.59,341F749540124140100017
MSR23U12HRDN1QROU,2015-09-04 00:00:00,2014-06-17 00:00:00,14.59,D202079120613515120147
M/MI-22G/DHN1-M,2018-03-20 00:00:00,2016-12-30 00:00:00,14.62,C702255370116901400077
MD/MOB0218HFN8QRD0,2023-06-06 00:00:00,2022-03-18 00:00:00,14.62,340C613310313220830013
MI/MHC-V6W/D2N8-B2,2025-01-21 00:00:00,2023-11-03 00:00:00,14.62,541K658260138230100003
MI/MIH28GN18,2025-06-03 00:00:00,2024-03-15 00:00:00,14.62,541L126720139080100002
MI/MOBA03-12HFN1-QD0,2019-06-30 00:00:00,2018-04-11 00:00:00,14.62,2413476010775060850076
MOU18HFN1QRC8,2016-03-07 00:00:00,2014-12-18 00:00:00,14.62,D202250480514725150023
PUHY-P250YJM-A,2014-09-16 00:00:00,2013-06-28 00:00:00,14.62,7GFYB822W07774
MD/AHB-A60/CD3,2025-02-19 00:00:00,2023-12-01 00:00:00,14.65,341F745640525230100020
MD/MTB30HWFN1QRDA,2017-11-29 00:00:00,2016-09-09 00:00:00,14.65,D210059030415325160003
MSR118HRN1QB8,2014-12-15 00:00:00,2013-09-25 00:00:00,14.65,D202105050113712120015
MX/NXHPM-V8W/D2N8,2025-02-25 00:00:00,2023-12-07 00:00:00,14.65,341H11304022C020100069
MD/MOU60HDN1R,2014-05-07 00:00:00,2013-12-09 00:00:00,14.669999999999998,D202079140213524160009
DUO,2014-01-07 00:00:00,2012-10-17 00:00:00,14.68,1422D0002
MD/MCA3I09HRFN8QRDA,2019-07-31 00:00:00,2018-05-10 00:00:00,14.68,240453738017A170160014
MI/AGBP-09NXD0-I,2025-07-29 00:00:00,2024-05-08 00:00:00,14.68,541N369600141200170034
MI/HBT-A100/190CD3B,2025-01-30 00:00:00,2023-11-10 00:00:00,14.68,340G172920127180300021
M/MOEU-55HFN1-RRD0,2017-07-31 00:00:00,2016-05-09 00:00:00,14.72,D210233680915721160018
MD/MOB3018HFN1QRD0GW,2018-03-21 00:00:00,2016-12-28 00:00:00,14.72,2401713990665170130047
MD/MOU60HDN1R,2014-06-25 00:00:00,2013-11-13 00:00:00,14.72,D202025400313115160036
MI/MHA-V16W/D2RN8-B,2023-11-30 00:00:00,2023-04-20 00:00:00,14.72,341H31162052C040100009
MS12FU12HRDN1QRD0GW,2018-05-15 00:00:00,2017-02-21 00:00:00,14.72,2401440090364110120139
MUE60HRFN1Q,2016-10-21 00:00:00,2015-07-31 00:00:00,14.72,D202294390214B28160010
MX/NXHPM-V8W/D2N8,2023-12-27 00:00:00,2023-05-17 00:00:00,14.72,340H37787032C040100002
M/MDV-D28Q4/N1-A3,2016-12-13 00:00:00,2015-09-21 00:00:00,14.75,C703212750615115400003
MD/DCTB-42R32IVT-IN,2024-10-22 00:00:00,2023-07-31 00:00:00,14.75,540K228380435100160022
MI/HB-A60/CD30GN8B,2024-01-16 00:00:00,2022-10-24 00:00:00,14.75,341G198520125170100050
MI/MHC-V14W/D2RN8-B2,2024-11-14 00:00:00,2023-08-23 00:00:00,14.75,341H559530131100100066
MI/MSMBBU12HRFN1QRD0,2017-12-19 00:00:00,2016-09-26 00:00:00,14.75,2411653771165140120433
MI/MSMBBU12HRFN1QRD0,2017-12-19 00:00:00,2016-09-26 00:00:00,14.75,2411653771165140120442
MI/X1BP-09N8D0-O,2025-07-31 00:00:00,2024-05-08 00:00:00,14.75,541F677890225090810687
MS12F812HRDN1C8OU,2016-09-21 00:00:00,2015-06-30 00:00:00,14.75,D200073040415411130480
MI/HB-A100/CDS90GN8B,2023-08-31 00:00:00,2022-06-07 00:00:00,14.78,341F743970624060100035
MI/MSMABU12HRDN1QD0,2018-04-06 00:00:00,2017-08-24 00:00:00,14.78,2413476010675070820026
MI/MV6-I400WV2GN1-E,2025-02-19 00:00:00,2023-11-27 00:00:00,14.78,341H14743012C030100031
MDVD22T2/N1-DA5,2018-01-25 00:00:00,2016-10-31 00:00:00,14.82,C702208260316820400001
MI/MHA-V8W/D2N8-B,2023-11-30 00:00:00,2022-09-05 00:00:00,14.82,341G346300127110100030
MI/MSMAAU09HRDN1QD0,2017-08-03 00:00:00,2016-05-09 00:00:00,14.82,2411110290163110120643
MI/X1BP-12N8D0-O,2024-09-23 00:00:00,2023-06-30 00:00:00,14.82,541J556040234280820614
MCA218HRN1Q,2013-11-20 00:00:00,2013-04-08 00:00:00,14.84,D201497180212A29160036
MDVD22G/N1-S,2018-01-16 00:00:00,2016-10-21 00:00:00,14.85,C702073950316712400009
MI/HB-A60/CD30GN8B,2024-11-19 00:00:00,2023-08-25 00:00:00,14.85,341F745640525230100033
SEZ-KD25VAQ,2015-07-24 00:00:00,2014-04-28 00:00:00,14.85,L50T20XS3YM04516
SEZ-KD25VAQ,2015-07-24 00:00:00,2014-04-28 00:00:00,14.85,L50T20XS42M00611
MI/MV8I-670WV2RN1E,2024-11-26 00:00:00,2024-06-28 00:00:00,14.879999999999999,541P231570144130100002
MD/MOX43124HFN8QRD0N,2024-05-20 00:00:00,2023-02-22 00:00:00,14.88,54V220000472A300860001
MI/X1BP-12N8D0-O,2024-01-16 00:00:00,2022-10-20 00:00:00,14.88,341F648600223210810616
MOU18HFN1QRC4,2016-08-10 00:00:00,2015-05-15 00:00:00,14.88,D202132230813A26160012
M/MI-22G/DHN1-M,2018-03-29 00:00:00,2016-12-30 00:00:00,14.91,C702255370116901400077
MI/HB-A160/CDS90GN8B,2024-03-28 00:00:00,2022-12-30 00:00:00,14.91,341G93451072A260100091
MI/X1BP-12N8D0-O,2024-09-26 00:00:00,2023-06-30 00:00:00,14.91,541J556040234280820614
PKFY-P15VBM-E,2015-04-15 00:00:00,2014-01-16 00:00:00,14.91,L7H7H01S38A06172
HX/NXERV-800V1_ST2,2025-01-13 00:00:00,2024-05-31 00:00:00,14.92,F231062820
M/MS11PU-12HRFN1-QD0,2018-04-09 00:00:00,2017-08-25 00:00:00,14.92,D212322260115119120115
MI/MOU-24FN8-QD0,2019-06-30 00:00:00,2018-11-15 00:00:00,14.92,3416356160688020160008
MD/MSAFCU18HRFN8-W,2023-06-16 00:00:00,2022-03-18 00:00:00,14.95,340C613310413240860095
MI/HB-A60/CD30GN8B,2025-02-17 00:00:00,2023-11-20 00:00:00,14.95,341G198520125170100066
MI/MHA-V10W/D2N8-B,2024-02-13 00:00:00,2022-11-15 00:00:00,14.95,341F745640225170100078
MI/MHC-V10W/D2N8-B2,2023-12-27 00:00:00,2022-09-28 00:00:00,14.95,341G288000127260100071
MI/MHC-V16W/D2RN8-B2,2023-12-27 00:00:00,2022-09-28 00:00:00,14.95,341G288000227250100027
MI/MH-SU65M-RN8L,2025-02-28 00:00:00,2023-12-01 00:00:00,14.95,54VK475210136240100003
MUE60HRFN1Q,2016-10-28 00:00:00,2015-07-31 00:00:00,14.95,D202294390214B28160010
MX/NXHPS-V8W/D2N8,2023-11-30 00:00:00,2022-09-01 00:00:00,14.95,340G166340626210100064
MX/NXKG-V500,2023-06-30 00:00:00,2022-04-01 00:00:00,14.95,340E03091041A090100007
M/MOB01-12HFN1-QD0W,2017-01-19 00:00:00,2015-10-21 00:00:00,14.98,D210058950415325130006
MD/MDVO-VI450V2R1B,2025-06-26 00:00:00,2024-03-27 00:00:00,14.98,54VK64872013C160300043
MI/AHUKZ-03DM,2024-06-04 00:00:00,2023-03-06 00:00:00,14.98,341H31200022C040100005
MI/MHA-V8W/D2N8-B,2023-11-30 00:00:00,2022-08-31 00:00:00,14.98,341G346300127110100030
MX/NXHB-A60/CD3,2024-10-15 00:00:00,2023-07-17 00:00:00,14.98,340G166340826050100005
MD/DCTB-42R32IVT-IN,2024-10-30 00:00:00,2023-07-31 00:00:00,15.01,540K228380435100160022
MD/MSAEAU09HRFNXQRD0,2019-07-31 00:00:00,2018-04-30 00:00:00,15.01,3405102330182060120163
MI/HB-A100/CDS90GN8B,2024-01-31 00:00:00,2022-10-31 00:00:00,15.01,341G280210329040100079
MI/HB-A60/CD30GN8B,2024-01-31 00:00:00,2022-10-31 00:00:00,15.01,341G198520125170100096
MI/MCD1-48HRFNX-GA,2024-11-28 00:00:00,2023-08-29 00:00:00,15.01,541H03380012A200160020
MI/MCD1-48HRFNX-GA,2024-11-28 00:00:00,2023-08-29 00:00:00,15.01,541H53166042C150160075
MI/MHA-V6W/D2N8-B,2025-02-06 00:00:00,2023-11-07 00:00:00,15.01,340G169930128020100060
MI/MHC-V8W/D2N8-B,2023-08-31 00:00:00,2022-05-31 00:00:00,15.01,341F749480224010100029
MI/MOB02-18HFN1-QD0W,2019-03-31 00:00:00,2017-12-29 00:00:00,15.01,2413475890174300860216
MI/MOE30U-48HFN8RGA,2024-11-28 00:00:00,2023-08-29 00:00:00,15.01,541J550651134240150022
MI/MOE30U-48HFN8RGA,2024-11-28 00:00:00,2023-08-29 00:00:00,15.01,541J550651134240150025
MI/MOE30U-55HFN8RGA,2023-08-31 00:00:00,2022-05-31 00:00:00,15.01,341F380330822170150029
MX/NXHPM-V8W/D2N8,2024-06-26 00:00:00,2023-03-27 00:00:00,15.01,341H31805012B160100005
M/MSMBDU-24HRFN1-QD0,2019-03-31 00:00:00,2018-08-14 00:00:00,15.04,2414114380877290150041
MI/HB-A100/CDS90GN8B,2023-10-30 00:00:00,2022-07-29 00:00:00,15.05,341F745640625230100046
MI/HB-A100/CDS90GN8B,2023-10-30 00:00:00,2022-07-29 00:00:00,15.05,341F745640625230100098
MI/HB-A100/CDS90GN8B,2023-10-30 00:00:00,2022-07-29 00:00:00,15.05,341G198520225180100084
MI/MHA-V8W/D2N8-B,2023-10-30 00:00:00,2022-07-29 00:00:00,15.05,341F745770225170100026
M2OE18HFN1Q,2017-10-16 00:00:00,2016-07-14 00:00:00,15.08,2401710530465180160028
MI/HB-A160/CDS90GN8B,2024-02-12 00:00:00,2022-11-10 00:00:00,15.08,341G280210429050100057
MI/MOCA01-24HFN1-QD0,2019-03-31 00:00:00,2017-12-27 00:00:00,15.08,2413244730874070150017
MS12F812HRDN1C8OU,2016-05-31 00:00:00,2015-02-27 00:00:00,15.08,D202222830614519130185
MUZ-GC25VA,2013-12-31 00:00:00,2012-09-28 00:00:00,15.08,L20E7A0S2000996T
M/MI-36Q4/DHN1-D,2017-03-02 00:00:00,2016-09-30 00:00:00,15.09,C703247680215A08400015
MI/HB-A160/CDS90GN8B,2024-02-12 00:00:00,2022-11-09 00:00:00,15.11,341G280210429050100057
MI/MCA3U-12FNXD0,2023-04-30 00:00:00,2022-01-25 00:00:00,15.11,341E44919011A050160016
MX/NXHPM-V8W/D2N8,2025-07-28 00:00:00,2024-04-24 00:00:00,15.11,540L840680141300100044
MI/MIH22T2N18,2024-12-03 00:00:00,2024-04-17 00:00:00,15.12,541N377810141240100010
MI/MOU-24FN1-QD0,2019-03-31 00:00:00,2018-08-13 00:00:00,15.12,3415242940683060150039
MI/MTIU-12HWFNX-GA,2024-01-16 00:00:00,2023-05-31 00:00:00,15.12,341F654840123200160048
MD/MDVO-VI335V2R1B,2025-06-16 00:00:00,2024-03-12 00:00:00,15.14,54VK938120339040300012
MOU60HFN1Q,2016-08-03 00:00:00,2015-04-30 00:00:00,15.14,D202263681014912160023
MS12F812HRDN1C8OU,2016-10-03 00:00:00,2015-06-30 00:00:00,15.14,D200073040415411130480
M/MOZ-12HFN1-QD0,2016-09-21 00:00:00,2015-06-17 00:00:00,15.18,D212322500515112130053
MD/AHPM-V10W/D2N8,2024-01-31 00:00:00,2022-10-26 00:00:00,15.18,34VG261690228080100018
MI/CB1-18HRFN8-I,2025-01-27 00:00:00,2024-06-10 00:00:00,15.18,541N737920143150860004
MI/M2OD-18HFN8-Q,2023-09-29 00:00:00,2023-04-28 00:00:00,15.18,54V2230000427160150014
MI/M3OE-27HFN1-Q,2017-07-24 00:00:00,2016-04-18 00:00:00,15.18,2410878280561280160008
MI/MHA-V12W/D2RN8-B,2024-03-28 00:00:00,2022-12-22 00:00:00,15.18,341G27939032A100100038
MFAU12HRFN1QRC8,2015-09-18 00:00:00,2014-06-12 00:00:00,15.21,D201853240213717110003
MI/MIH28GN18,2025-07-02 00:00:00,2024-03-26 00:00:00,15.21,541L126720139080100009
MI/MOU-24FN8-QD0,2023-10-31 00:00:00,2022-07-25 00:00:00,15.21,341D857570318030120010
MX/NXHPM-V12W/D2RN8,2024-11-22 00:00:00,2023-08-17 00:00:00,15.21,34VH34971022C040100009
MX/NXHPM-V14W/D2RN8,2024-08-28 00:00:00,2023-05-23 00:00:00,15.21,340H537270231020100055
MI/AHUKZ-01D,2019-07-26 00:00:00,2018-12-06 00:00:00,15.24,C703218272015306400009
MI/HB-A100/CDS90GN8B,2024-03-28 00:00:00,2022-12-20 00:00:00,15.24,341G27939022A110100025
MI/MHA-V16W/D2RN8-B,2024-03-28 00:00:00,2022-12-20 00:00:00,15.24,341G27939032A100100046
MI/MI2-22GDN1,2025-05-29 00:00:00,2024-02-20 00:00:00,15.24,341F92061012A170100069
MSR23U18HRDN1QROU,2015-09-03 00:00:00,2014-05-27 00:00:00,15.24,D202079120813517120180
M/MI-36Q4/DHN1-D,2019-03-31 00:00:00,2017-12-21 00:00:00,15.28,C703247680215A08400004
MI/HB-A160/CDS90GN8B,2024-03-28 00:00:00,2022-12-19 00:00:00,15.28,341G27939042A110100060
MI/HB-A60/CD30GN8B,2023-10-30 00:00:00,2022-07-22 00:00:00,15.28,341G198400125170100019
MI/HB-A60/CD30GN8B,2023-11-30 00:00:00,2022-08-22 00:00:00,15.28,341F745640525230100033
MI/HB-A60/CD30GN8B,2023-11-30 00:00:00,2022-08-22 00:00:00,15.28,341F745640525230100055
MI/MHC-V12W/D2RN8-B,2024-09-05 00:00:00,2023-05-29 00:00:00,15.28,341H560440231100100031
M/MDV-V224W/DRN1,2019-07-31 00:00:00,2018-12-10 00:00:00,15.3,C705243272118225400017
M/MDV-V400W/DRN1,2019-03-31 00:00:00,2017-12-20 00:00:00,15.31,C703329251417307400007
MD/AFBU12HRDNXQRD0,2024-01-16 00:00:00,2022-10-07 00:00:00,15.31,54V2200004527260820075
MD/DCTB-42R32IVT-IN,2024-11-08 00:00:00,2023-07-31 00:00:00,15.31,540K228380435100160022
MSY18HRN1QC2,2014-11-04 00:00:00,2013-07-26 00:00:00,15.31,C101309980511222120006
MSZ-SF25VE,2015-10-13 00:00:00,2014-07-04 00:00:00,15.31,L20E42VS4002858T
PEA-RP200GAQ,2014-09-17 00:00:00,2014-04-14 00:00:00,15.36,L50T00YS3YM01071
MI/MSMADU24HRFN1QD0,2017-06-01 00:00:00,2017-03-15 00:00:00,15.360000000000001,2411792200766020120056
DUO,2014-01-28 00:00:00,2012-10-17 00:00:00,15.37,1422D0002
M/AHUKZ-02B,2019-03-31 00:00:00,2017-12-18 00:00:00,15.37,C702096971316713400012
M/AHUKZ-02B,2019-03-31 00:00:00,2017-12-18 00:00:00,15.37,C702096971316713400013
MCA2I18HRDN1,2016-01-26 00:00:00,2014-10-15 00:00:00,15.37,D202130410213A24160019
MI/MA-12NXD0-XI,2023-07-12 00:00:00,2022-03-31 00:00:00,15.37,341E353990319110821102
MKA850F,2014-12-23 00:00:00,2013-09-11 00:00:00,15.37,C703129070112829400006
MS12F812HRDN1C8OU,2016-06-09 00:00:00,2015-02-27 00:00:00,15.37,D202222830614519130185
MSZ-SF25VE,2014-10-20 00:00:00,2013-07-09 00:00:00,15.37,L20E21FS3005435T
MD/MSAEBU12HRFN1QRD0,2017-04-20 00:00:00,2016-08-29 00:00:00,15.38,2401713990365170120054
MI/X1BP-12N8D0-O,2024-05-16 00:00:00,2023-09-25 00:00:00,15.38,541J556040234280820382
MD/AHUKZ-03D,2025-07-01 00:00:00,2024-03-19 00:00:00,15.41,34VG517710429170100033
MD/MOX13312HFN8QRD0N,2025-03-19 00:00:00,2023-12-06 00:00:00,15.41,54VK477240237170830080
MI/HB-A100/CDS90GN8B,2023-11-30 00:00:00,2022-08-18 00:00:00,15.41,341G198520225180100084
MI/HB-A160/CDS90GN8B,2024-03-28 00:00:00,2022-12-15 00:00:00,15.41,341G83786062A110100030
MI/MHA-V6W/D2N8-B,2025-02-04 00:00:00,2023-10-24 00:00:00,15.41,340G169930128020100003
MI/MHC-V10W/D2N8-B2,2024-10-28 00:00:00,2023-07-17 00:00:00,15.41,341H31820022B180100002
MI/MHC-V8W/D2N8-B2,2023-11-30 00:00:00,2022-08-18 00:00:00,15.41,341F920330225050100054
MI/MSMAAU09HRDN1QD0,2017-10-10 00:00:00,2016-06-28 00:00:00,15.41,2411653770165090120254
MI/MV8I-500WV2RN1E,2025-05-08 00:00:00,2024-01-25 00:00:00,15.41,541L03920073A070100003
MI/MVI-280WV2RN1A,2023-09-29 00:00:00,2022-06-17 00:00:00,15.41,34VE371730622220100004
MI/X3BP-18N8D0-O,2023-10-31 00:00:00,2022-07-19 00:00:00,15.41,341F401970223250830226
M/MSMBDU-24HRFN1-QD0,2017-05-11 00:00:00,2016-01-27 00:00:00,15.44,D212312810115116120077
MD/DCTB-42R32IVT-IN,2024-11-12 00:00:00,2023-07-31 00:00:00,15.44,540K228380435100160022
MI/HB-A60/CD30GN8B,2023-11-30 00:00:00,2022-08-17 00:00:00,15.44,341F745640525230100046
MI/MSMBBU12HRFN8QRD6,2019-03-31 00:00:00,2018-08-08 00:00:00,15.44,2414150800178080120082
MI/MVI-335WV2RN1(B),2025-07-08 00:00:00,2024-03-25 00:00:00,15.44,541L24065013C160300007
MDVD22G/N1-S,2016-06-09 00:00:00,2015-02-24 00:00:00,15.47,C703211760514C26400007
MI/HB-A100/CDS90GN8B,2023-11-30 00:00:00,2022-08-16 00:00:00,15.47,341G198400225170100087
MI/MOBA03-12HFN1-QD0,2019-07-26 00:00:00,2018-04-11 00:00:00,15.47,2413476010775060850076
PLA-RP140BA,2014-06-05 00:00:00,2013-02-19 00:00:00,15.47,7G7G001G 2E00896
HX/NXERV-650V1,2024-07-23 00:00:00,2023-11-30 00:00:00,15.5,F201050401
MI/M5OE-42HFN8-QH,2024-06-30 00:00:00,2023-11-07 00:00:00,15.5,541K449120637100150015
MDVD71G/N1Y-C,2016-08-29 00:00:00,2015-05-15 00:00:00,15.51,C703084570411323400081
MHG-51HWN1-RB6,2017-03-31 00:00:00,2015-12-15 00:00:00,15.51,D200226770715714160009
M/AHUKZ-01N1,2025-03-25 00:00:00,2024-11-27 00:00:00,15.52,C701901660716607400015
MD/M3OE27HFN1Q,2017-07-24 00:00:00,2016-04-07 00:00:00,15.54,2400865890361260160011
MUE60HRFN1QC2,2015-01-12 00:00:00,2013-09-26 00:00:00,15.54,D202104960213720160001
MX/NXHPS-V12W/D2RN8,2024-02-12 00:00:00,2022-10-27 00:00:00,15.54,340G169930328020100007
M/MDV-V140W/DN1,2017-03-07 00:00:00,2016-09-30 00:00:00,15.57,C703209721615104400013
M/MSMBDU-24HRFN1-QD0,2017-10-09 00:00:00,2016-06-22 00:00:00,15.57,D210058950715319120020
MOV96HN1R,2016-06-27 00:00:00,2015-03-11 00:00:00,15.57,C703167451913B18400003
SEZ-KD50VAQ,2016-03-15 00:00:00,2014-11-27 00:00:00,15.57,L50T20ZS44M01493
M/MDV-V450W/DRN1,2019-03-31 00:00:00,2017-12-11 00:00:00,15.6,C702255371016902400006
MD/AFBU12HRDNXQRD0,2024-05-23 00:00:00,2023-02-03 00:00:00,15.6,54V2200004527260820382
MDV335(12WD1RN1C,2014-04-07 00:00:00,2012-12-18 00:00:00,15.6,C703129070812903400004
_PWFY-P200VM-E-AU,2014-01-21 00:00:00,2012-10-02 00:00:00,15.64,7GAC0324W00158
HX/NXERV-350V1_ST2,2024-07-12 00:00:00,2023-11-17 00:00:00,15.64,F231031023
LGH-50RX5,2014-10-06 00:00:00,2014-02-10 00:00:00,15.64,L546754S00009334
M/MKD-400S,2019-05-31 00:00:00,2018-02-09 00:00:00,15.64,C703183100414423400029
M/MOF-24HFN1-QD0,2016-02-23 00:00:00,2015-06-30 00:00:00,15.64,D212322500815115150025
M/MOZ1-18HFN1-QD0,2017-07-11 00:00:00,2016-03-22 00:00:00,15.64,2410878180862140150018
MD/MDV-071DL/DN1,2024-10-18 00:00:00,2023-06-30 00:00:00,15.64,34VG51780022C080100003
MI/MA-12NXD0-XI,2023-06-30 00:00:00,2022-03-11 00:00:00,15.64,341E353990319110820921
MI/MOE30U-48HFN8RGA,2023-05-18 00:00:00,2022-01-27 00:00:00,15.64,341D951761319040150055
MI/MSMAAU09HRDN1QD0,2017-08-01 00:00:00,2016-04-12 00:00:00,15.64,2411110290163110120244
MI/X1BP-09N8D0-O,2025-06-24 00:00:00,2024-03-05 00:00:00,15.64,541F677890225090810374
MI/X1BP-12N8D0-O,2024-04-19 00:00:00,2022-12-30 00:00:00,15.64,541F678410225090810303
MUE36HRFN1QRC8A,2017-01-18 00:00:00,2015-09-30 00:00:00,15.64,D202294390114B28160009
M/MDV-V450W/DRN1,2024-09-19 00:00:00,2023-05-31 00:00:00,15.67,54VH964780133180100001
MD/MSAEAU09HRFNXQRD0,2019-07-31 00:00:00,2018-04-10 00:00:00,15.67,3405102330182060120143
MI/HB-A160/CGN8-B,2023-05-31 00:00:00,2022-02-08 00:00:00,15.67,341D470450616260100035
MI/MHA-V10W/D2N8-B,2023-11-30 00:00:00,2022-08-10 00:00:00,15.67,341F915970225020100056
MI/MHC-V6W/D2N8-B,2023-12-27 00:00:00,2022-09-06 00:00:00,15.67,341F749540124140100040
MI/MOBA03-12HFN1-QD0,2019-07-31 00:00:00,2018-04-10 00:00:00,15.67,2411792200466020130397
MOEU51HN1RB6W,2017-04-05 00:00:00,2015-12-15 00:00:00,15.67,D200073450615412160001
MD/MOX13312HFN8QRD0N,2024-08-16 00:00:00,2023-04-26 00:00:00,15.7,540H57869022C200850778
MX/NXHPM-V8W/D2N8,2025-01-15 00:00:00,2023-09-25 00:00:00,15.7,34VH53735042C180100024
M/MSABBU-12HRDN1-QC8,2016-10-21 00:00:00,2015-06-30 00:00:00,15.74,D212322480115117120089
MD/M5OE42HFN1Q,2017-11-20 00:00:00,2016-07-29 00:00:00,15.74,2401170340763100160020
MI/AGBP-12NXD0-I,2024-09-19 00:00:00,2023-05-29 00:00:00,15.74,541F678410125100871531
MI/MHA-V6W/D2N8-B,2023-11-30 00:00:00,2022-08-08 00:00:00,15.74,341F745640125240100087
MI/MHC-V12W/D2RN8-B,2025-05-09 00:00:00,2024-01-16 00:00:00,15.74,541K814480238190100002
MI/MHC-V6W/D2N8-B,2023-11-30 00:00:00,2022-08-08 00:00:00,15.74,341F749540124140100021
MOUA60HN1R,2016-10-20 00:00:00,2015-06-29 00:00:00,15.74,D202160350414104160013
MSR23U18HRDN1QROU,2015-09-18 00:00:00,2014-05-27 00:00:00,15.74,D202079120813517120180
M/MSABAU-07HRFN1-QD0,2016-08-19 00:00:00,2015-12-23 00:00:00,15.76,D210244810115802120062
MD/MOX13312HFN8QRD0,2023-07-31 00:00:00,2022-04-07 00:00:00,15.77,340C613480414130820228
MI/HB-A160/CDS90GN8B,2025-03-28 00:00:00,2023-12-04 00:00:00,15.77,341H31183042B260100020
MI/MOD30U-36HFN1-QD0,2019-06-30 00:00:00,2018-03-07 00:00:00,15.77,2413621320777130160002
MUZ-GC25VA,2014-01-21 00:00:00,2012-09-28 00:00:00,15.77,L20E7A0S2000996T
MD/AHPM-V8W/D2N8,2024-02-13 00:00:00,2022-10-20 00:00:00,15.8,34VG261690228080100010
MCA2I18HRDN1,2016-10-12 00:00:00,2015-06-18 00:00:00,15.83,D200073450215410160005
MD/AHBT-A100/240CD9,2024-02-12 00:00:00,2022-10-18 00:00:00,15.83,34VG265250327230300029
MI/HBT-A100/190CD3B,2025-01-30 00:00:00,2023-10-06 00:00:00,15.83,34VG265240129030300007
MI/HBT-A100/190CDS9B,2024-01-31 00:00:00,2022-10-06 00:00:00,15.83,341G347050127200300036
MI/X1BP-09N8D0-O,2024-04-26 00:00:00,2022-12-31 00:00:00,15.83,341F647980223220810040
MX/NXHPS-V10W/D2N8,2023-12-27 00:00:00,2022-09-01 00:00:00,15.83,340G166340626210100073
MX/NXHPS-V8W/D2N8,2023-12-27 00:00:00,2022-09-01 00:00:00,15.83,340G166340626210100046
G- LCE324CQ,2015-04-20 00:00:00,2013-12-23 00:00:00,15.87,HF 1311046518
MI/MHC-V10W/D2N8-B,2023-12-27 00:00:00,2022-08-31 00:00:00,15.87,341G287960126150100074
MI/MHC-V8W/D2N8-B,2023-12-27 00:00:00,2022-08-31 00:00:00,15.87,341G287960126150100055
MOU24HN1Q,2014-05-27 00:00:00,2013-01-29 00:00:00,15.87,D201497180412B04160029
MD/AHPM-V12W/D2RN8,2024-02-27 00:00:00,2022-10-31 00:00:00,15.9,34VG261690328080100020
MD/MOB3018HFN1QRD0GW,2018-04-26 00:00:00,2016-12-28 00:00:00,15.9,2401713990665170130047
MI/MHA-V8W/D2N8-B,2024-02-27 00:00:00,2022-10-31 00:00:00,15.9,341G280210128280100083
MSR23U18HRDN1Q8OU,2016-08-24 00:00:00,2015-04-28 00:00:00,15.9,D202179890514303150087
MX/NXHB-A100/CD9,2023-12-27 00:00:00,2022-08-30 00:00:00,15.9,340G166340726050100066
MD/MOCA3024HFN1QRD0,2019-06-30 00:00:00,2018-03-02 00:00:00,15.93,240453741037A070150002
MD/MOX23009HFN8QRD6H,2024-10-11 00:00:00,2023-06-14 00:00:00,15.93,340E010340319030120037
MI/HBT-A100/190CD3B,2025-03-06 00:00:00,2023-11-07 00:00:00,15.93,340G172950128130300020
MD/MOEA55HFN1RRDA,2019-03-31 00:00:00,2018-07-31 00:00:00,15.96,3405890541086040160059
MI/MCD1-24HRFNX-GA,2023-07-31 00:00:00,2022-04-01 00:00:00,15.97,341D95244011A100160011
M/MI-22G/DHN1-M,2019-03-31 00:00:00,2017-11-29 00:00:00,16,C704053430117711400113
M/MI-28Q4/DHN1-A3,2019-06-30 00:00:00,2018-02-28 00:00:00,16,C703719000217516400008
M/MI-28Q4/DHN1-A3,2019-06-30 00:00:00,2018-02-28 00:00:00,16,C703719000217516400016
M/MV5-X450W/V2GN1,2019-03-31 00:00:00,2017-11-29 00:00:00,16,C703875231017618400001
MI/MA-18NXD0-I,2023-07-31 00:00:00,2022-03-31 00:00:00,16,341D237890517250810139
MI/MHC-V4W/D2N8-B,2023-10-30 00:00:00,2022-06-30 00:00:00,16,341F749540124140100017
MI/MTIU-12HWFNX-GA,2023-10-20 00:00:00,2022-06-20 00:00:00,16,341F654840123200160060
MI/MI2-56GDN1,2023-10-31 00:00:00,2022-06-30 00:00:00,16.03,341F218470423150100002
MI/MOBA02-09HFN1-QD0,2018-03-20 00:00:00,2016-11-17 00:00:00,16.03,2411653771065120130038
MXZ-8B160YA,2014-03-26 00:00:00,2012-11-23 00:00:00,16.03,L7H9M81S27U00701
MD/MODA36HFN1QRDA,2019-04-30 00:00:00,2018-08-29 00:00:00,16.04,2403801980378260160005
MI/MOX630U-48HFN8RGA,2025-03-24 00:00:00,2024-07-23 00:00:00,16.04,541N448140541250150106
MI/X3-18N8D0-OH,2023-04-30 00:00:00,2022-11-18 00:00:00,16.049999999999997,541G437580228260850107
M/MOYU-36HFN1-RD0,2017-12-27 00:00:00,2016-08-25 00:00:00,16.06,D210059140515325160028
M/MV5-X615W/V2GN1,2019-03-31 00:00:00,2017-11-27 00:00:00,16.06,C702759731317103400002
MI/HB-A100/CDS90GN8B,2023-11-30 00:00:00,2022-07-29 00:00:00,16.06,341G198520225180100084
MI/X2-12N8D6-OH,2025-01-07 00:00:00,2023-09-06 00:00:00,16.06,541H543311031020120024
MSY09HRN1QC2,2014-09-17 00:00:00,2013-05-16 00:00:00,16.06,C101285971011102120019
LGH-50RVX,2015-11-05 00:00:00,2015-03-05 00:00:00,16.1,54662414110132P
MCD48HRFN1QC2,2016-05-19 00:00:00,2015-01-15 00:00:00,16.1,D202263610414911160008
MD/MSAEDU24HRFN1QRD0,2018-04-18 00:00:00,2017-08-16 00:00:00,16.1,2403267950673140150006
MD/MSAFBU12HRDNX-X,2023-07-12 00:00:00,2022-03-09 00:00:00,16.1,340D577700317240820141
MI/CB1-09HRFN8-I,2025-04-03 00:00:00,2023-11-30 00:00:00,16.1,541J608190135130130022
MI/MSMABU12HRDN1QD0,2017-11-10 00:00:00,2016-07-08 00:00:00,16.1,2411698870365090120286
MI/MVI-260WV2RN1A,2025-03-18 00:00:00,2023-11-14 00:00:00,16.1,341F74242012A220100042
MI/MVI-450WV2RN1(A),2025-06-25 00:00:00,2024-02-21 00:00:00,16.1,54VK648610137220300026
MOU60HFN1Q,2017-11-10 00:00:00,2016-07-08 00:00:00,16.1,D200238820715720160006
MSR124HRN1QB8OU,2014-08-20 00:00:00,2013-04-17 00:00:00,16.1,C101372830811727130039
MUZ-GC25VA,2014-01-31 00:00:00,2012-09-28 00:00:00,16.1,L20E7A0S2000996T
MUZ-GF60VE,2015-02-17 00:00:00,2013-10-15 00:00:00,16.1,L20E2C9S3000519T
MD/MOX13309HFN8QRD0,2023-12-27 00:00:00,2022-08-23 00:00:00,16.13,340C613480214130820110
MD/MOX23009HFN8QRD6H,2024-10-17 00:00:00,2023-06-14 00:00:00,16.13,340E010340319030120037
MI/MCD1-36HRFN8-GA,2024-09-26 00:00:00,2023-05-24 00:00:00,16.13,541H53145012C150160009
MI/MCD1-48HRFNX-GA,2024-09-26 00:00:00,2023-05-24 00:00:00,16.13,541H53145022C150160006
MI/MCD1-48HRFNX-GA,2024-09-26 00:00:00,2023-05-24 00:00:00,16.13,541H53145022C150160008
MI/MHA-V8W/D2N8-B,2024-01-31 00:00:00,2022-09-27 00:00:00,16.13,341G346300127110100017
MI/MSMBBU12HRFN1QRD0,2017-01-24 00:00:00,2015-09-21 00:00:00,16.13,D212322230215115120112
G/MPET42C0AC,2025-05-16 00:00:00,2024-09-12 00:00:00,16.16,24700428
MD/MOBA3012HFN1QRD0,2017-12-15 00:00:00,2016-08-10 00:00:00,16.16,2401918420466210130060
MI/HB-A100/CDS90GN8B,2023-11-30 00:00:00,2022-07-26 00:00:00,16.16,341G198400225170100030
MI/HB-A60/CD30GN8B,2023-12-27 00:00:00,2022-08-22 00:00:00,16.16,341F745640525230100029
MI/HB-A60/CD30GN8B,2023-12-27 00:00:00,2022-08-22 00:00:00,16.16,341F745640525230100061
MI/MTI-48HWFNX-GA,2024-07-03 00:00:00,2023-02-27 00:00:00,16.16,341E84856011B190160004
MX/NXHPM-V8W/D2N8,2024-07-31 00:00:00,2023-03-27 00:00:00,16.16,341H31805012B160100005
MX/NXHPS-V6W/D2N8,2023-09-29 00:00:00,2023-01-26 00:00:00,16.16,340G166340126200100038
MUB24HRN1Q,2014-11-06 00:00:00,2014-05-26 00:00:00,16.169999999999998,D202090140213616160075
MD/CSTS-18R32IVT-IN,2023-06-30 00:00:00,2022-02-22 00:00:00,16.2,340D930020517230160035
MD/MSAFCU18HRFN8-W,2023-07-31 00:00:00,2022-03-25 00:00:00,16.2,340C613310413240860088
MI/MHA-V6W/D2N8-B,2023-11-30 00:00:00,2022-07-25 00:00:00,16.2,341F743970123220100011
MI/MSFAAU-09HRFN8-I,2023-11-30 00:00:00,2022-07-25 00:00:00,16.2,341F374840123150260022
MSR2324HRDN1QR,2014-10-30 00:00:00,2013-06-24 00:00:00,16.2,D202048490113317130075
M/MOTS-27HFN1QRD0,2017-02-23 00:00:00,2016-06-21 00:00:00,16.22,C703258980516106400002
MI/MHA-V10W/D2N8-B,2023-04-30 00:00:00,2022-08-26 00:00:00,16.22,341G076700225170100099
MOEU51HN1RB6W,2017-03-22 00:00:00,2016-07-18 00:00:00,16.22,D200342070215924160018
G-LCE101FS,2017-10-30 00:00:00,2016-06-23 00:00:00,16.23,HF1605064156
M/MOEU-55HFN1-RRD0,2017-09-15 00:00:00,2016-05-09 00:00:00,16.23,D210233680915721160027
MD/M4OE28HFN8QAH,2025-02-04 00:00:00,2023-09-29 00:00:00,16.23,540K227550135240150045
MS12FU09HRDN1QRD0GW,2017-11-13 00:00:00,2016-07-07 00:00:00,16.23,2401302930163220830416
PKFY-P15VBM-E,2015-05-25 00:00:00,2014-01-16 00:00:00,16.23,L7H7H01S38A06172
WL1363BD/6HERA,2017-11-06 00:00:00,2016-06-30 00:00:00,16.23,N10M00S016001306002000
MI/HB-A60/CD30GN8B,2023-12-27 00:00:00,2022-08-19 00:00:00,16.26,341G198400125170100054
MI/HBT-A160/240CDS9B,2024-10-29 00:00:00,2023-06-22 00:00:00,16.26,341G347050227210300011
MI/HB-A100/CDS90GN8B,2023-12-27 00:00:00,2022-08-18 00:00:00,16.29,341G198520225180100092
MI/HB-A60/CD30GN8B,2023-11-30 00:00:00,2022-07-22 00:00:00,16.29,341G198520125170100054
MI/HB-A60/CD30GN8B,2023-11-30 00:00:00,2022-07-22 00:00:00,16.29,341G198520125170100070
MI/M2OD-18HFN8-QHP,2023-12-27 00:00:00,2022-08-18 00:00:00,16.29,341D863110117240150017
MI/MIH28GN18,2025-08-04 00:00:00,2024-03-26 00:00:00,16.29,541L126720139080100009
MI/X3-18N8D0-OH,2025-05-07 00:00:00,2023-12-28 00:00:00,16.29,541L25721043A070150047
PCA-RP60KAQ,2017-11-13 00:00:00,2016-07-05 00:00:00,16.29,L7G4C03S11A01225
MI/AHUKZ-02D,2025-01-10 00:00:00,2024-05-07 00:00:00,16.3,54VL36456043C060100001
MI/AHUKZ-02D,2025-01-10 00:00:00,2024-05-07 00:00:00,16.3,54VL36456043C060100008
MI/AHUKZ-02D,2025-01-10 00:00:00,2024-05-07 00:00:00,16.3,54VL36456043C060100016
MI/AHUKZ-02D,2025-01-10 00:00:00,2024-05-07 00:00:00,16.3,54VL36456043C060100019
MI/AHUKZ-02D,2025-01-10 00:00:00,2024-05-07 00:00:00,16.3,54VL36456043C060100020
MI/AHUKZ-02D,2025-01-10 00:00:00,2024-05-07 00:00:00,16.3,54VL36456043C060100021
M/MDV-V180W/DRN1,2024-11-07 00:00:00,2023-06-29 00:00:00,16.33,341H13279022B210100002
MI/HB-A160/CDS90GN8B,2024-03-18 00:00:00,2022-11-07 00:00:00,16.33,341G280210429050100011
MI/MHC-V22W/D2RN8,2025-05-07 00:00:00,2023-12-27 00:00:00,16.33,341G837980132260100016
MI/MOU-48FN8-RD0,2024-04-08 00:00:00,2022-11-28 00:00:00,16.33,341D533230617020150090
MOU18HFN1QRC8,2016-04-28 00:00:00,2014-12-18 00:00:00,16.33,D202250480514725150023
M/MDV-V450W/DRN1,2024-10-10 00:00:00,2023-05-31 00:00:00,16.36,54VH964780133180100001
MDVD36Q4/N1-A2,2016-09-29 00:00:00,2015-05-20 00:00:00,16.36,C703076480210C21400007
MI/MHC-V26W/D2RN8,2024-10-10 00:00:00,2023-05-31 00:00:00,16.36,341G118070132250100005
MI/MOBA03-09HFN1-QD0,2017-10-12 00:00:00,2016-06-01 00:00:00,16.36,2411323790264080130023
MS12FU24HRFN1QRD0GW,2017-10-19 00:00:00,2016-06-08 00:00:00,16.36,2401302930763270860060
M/MOD30U-30HFN1-QRD0,2018-06-06 00:00:00,2017-01-23 00:00:00,16.39,2411657880965170160030
MI/M4OE-28HFN8-Q,2024-06-20 00:00:00,2023-02-07 00:00:00,16.39,341F402810423280150016
MI/MCA3-18FN1D0,2019-03-31 00:00:00,2018-07-24 00:00:00,16.42,3415591250584100160052
M/MOZ1-18HFN1-QD0,2017-08-04 00:00:00,2016-03-22 00:00:00,16.43,2410878180862140150018
MI/M4OE-28HFN8-Q,2024-02-12 00:00:00,2022-09-30 00:00:00,16.43,541F727740524160150006
MI/MHA-V10W/D2N8-B,2023-10-30 00:00:00,2022-06-17 00:00:00,16.43,341E95862041C250100063
MI/MHC-V8W/D2N8-B2,2025-07-31 00:00:00,2024-03-18 00:00:00,16.43,541L85507013C120100013
MI/MOBA03-12HFN1-QD0,2019-03-31 00:00:00,2017-11-16 00:00:00,16.43,2413811570476190860394
MUZ-GC25VA,2014-02-10 00:00:00,2012-09-28 00:00:00,16.43,L20E7A0S2000996T
M/MOD30U-30HFN1-QRD0,2018-06-08 00:00:00,2017-01-23 00:00:00,16.46,2411657880965170160030
MX/NXHPM-V12W/D2RN8,2024-01-16 00:00:00,2022-09-02 00:00:00,16.46,340G166340926200100004
MCA2I09HRFN1QRC8,2017-07-24 00:00:00,2016-03-09 00:00:00,16.49,D200310210115901160009
MD/MSAEBU12HRFN1QRD0,2019-04-30 00:00:00,2017-12-14 00:00:00,16.49,2403267950473090120038
MI/HB-A100/CDS90GN8B,2023-12-27 00:00:00,2022-08-12 00:00:00,16.49,341G198400225170100092
MI/MHA-V4W/D2N8-B,2023-12-27 00:00:00,2022-08-12 00:00:00,16.49,341F745770125240100081
MSR23U12HRDN1QROU,2014-12-10 00:00:00,2013-07-26 00:00:00,16.49,D202044470413321120004
MX/NXHB-A100/CD9,2024-01-16 00:00:00,2022-09-01 00:00:00,16.49,340G166340726050100074
MX/NXHB-A100/CD9,2024-01-16 00:00:00,2022-09-01 00:00:00,16.49,340G166340726050100084
MX/NXHPM-V10W/D2N8,2024-12-03 00:00:00,2023-07-20 00:00:00,16.49,340H37787032C040100044
MX/NXHPS-V10W/D2N8,2024-01-16 00:00:00,2022-09-01 00:00:00,16.49,340G166340626210100078
MD/MOCA24HFN1QRDA,2019-03-31 00:00:00,2017-11-13 00:00:00,16.52,2403801980178180150006
MI/HB-A100/CDS90GN8B,2024-01-03 00:00:00,2022-08-18 00:00:00,16.52,341F745640625230100046
MI/HB-A160/CDS90GN8B,2023-12-27 00:00:00,2022-08-11 00:00:00,16.52,341F745640725210100005
MI/HB-A160/CDS90GN8B,2024-01-16 00:00:00,2022-08-31 00:00:00,16.52,341F745640725210100039
MI/MHC-V8W/D2N8-B,2024-01-16 00:00:00,2022-08-31 00:00:00,16.52,341G287960126150100055
MI/MI2-71GDN1,2024-01-16 00:00:00,2022-08-31 00:00:00,16.52,341D068471214050100006
G- LCE324CQ,2015-05-11 00:00:00,2013-12-23 00:00:00,16.56,HF 1311046518
MD/MOCA3024HFN1QRD0,2017-11-23 00:00:00,2016-07-07 00:00:00,16.56,2401302930863150870248
MI/HB-A100/CDS90GN8B,2023-12-27 00:00:00,2022-08-10 00:00:00,16.56,341F745640625230100076
MI/HBT-A100/190CDS9B,2024-10-18 00:00:00,2023-06-02 00:00:00,16.56,341G347310128250300024
MI/MHA-V8W/D2N8-B,2024-03-28 00:00:00,2022-11-10 00:00:00,16.56,341G280210128280100025
MI/MOB02-18HFN1-QD0W,2017-08-22 00:00:00,2016-04-05 00:00:00,16.56,2411110290663100150077
MI/MOBA02-09HFN1-QD0,2018-04-19 00:00:00,2016-12-01 00:00:00,16.56,2411785860265270130237
MI/MUE-30HRFN1-QRD0,2016-09-28 00:00:00,2015-05-13 00:00:00,16.56,D212309910915103160001
MX/NXHPM-V16W/D2RN8,2025-01-02 00:00:00,2023-08-17 00:00:00,16.56,340H537270231020100009
MDVD22G/N1-S,2016-08-24 00:00:00,2015-04-07 00:00:00,16.59,C703211760514C26400017
MI/MA-12NXD0-XI,2023-07-12 00:00:00,2022-02-22 00:00:00,16.59,341E353990319110820040
M/AHUKZ-03B,2019-03-31 00:00:00,2017-11-10 00:00:00,16.62,C703013961417107400033
MI/MHA-V6W/D2N8-B,2023-12-27 00:00:00,2022-08-08 00:00:00,16.62,341F745640125240100097
MI/MHC-V6W/D2N8-B,2023-12-27 00:00:00,2022-08-08 00:00:00,16.62,341F749540124140100016
MI/MHC-V8W/D2N8-B,2024-01-31 00:00:00,2022-09-12 00:00:00,16.62,341G287960126150100050
MD/M4OB36HFN8QAH,2025-02-17 00:00:00,2023-09-29 00:00:00,16.66,540K227550235240150017
MDV-D90T1/N1-B,2017-10-05 00:00:00,2016-05-16 00:00:00,16.66,C701005820316227400006
MI/MA-09N8D0-XO,2023-10-20 00:00:00,2022-05-31 00:00:00,16.66,341D237760217190820044
MI/MCD-24HRFN1-Z-QD0,2019-03-31 00:00:00,2018-07-20 00:00:00,16.68,2413244870473050160079
MI/HB-A60/CD30GN8B,2024-01-16 00:00:00,2022-08-26 00:00:00,16.69,341F745640525230100073
MXZ-8B160YA,2014-04-15 00:00:00,2012-11-23 00:00:00,16.69,L7H9M81S27U00701
MI/AGBP-09NXD0-I,2025-05-19 00:00:00,2023-12-27 00:00:00,16.72,541F677890125070810221
MI/HB-A160/CDS90GN8B,2024-01-16 00:00:00,2022-08-25 00:00:00,16.72,341G198520325190100003
MI/HB-A160/CDS90GN8B,2024-01-31 00:00:00,2022-09-09 00:00:00,16.72,341G198520325180100033
MRBT-062HWN1-R,2018-04-30 00:00:00,2016-12-07 00:00:00,16.72,C703207911914C16400001
PUHZ-P140YHA,2014-10-22 00:00:00,2014-05-05 00:00:00,16.740000000000002,7H1T306G 4B00359
M/MI-28Q4/DHN1-A3,2019-03-31 00:00:00,2017-11-06 00:00:00,16.75,C703260420916116400042
M/MOEU-48HFN1-R,2017-08-14 00:00:00,2016-03-22 00:00:00,16.75,D212309890615107160017
MCD48HRFN1QRD0,2017-08-29 00:00:00,2016-04-06 00:00:00,16.75,2400865810461190160002
MI/MCD-24HRFN1-Z-QD0,2019-07-31 00:00:00,2018-03-08 00:00:00,16.75,2413105470472150160075
MI/MHC-V8W/D2N8-B,2023-10-30 00:00:00,2022-06-07 00:00:00,16.75,341F749480224010100023
MOU48HN1R,2016-01-11 00:00:00,2014-08-19 00:00:00,16.75,D202130410613A24160023
MS12F809HRDN1C8,2016-08-11 00:00:00,2015-11-30 00:00:00,16.76,D200101740115429120051
M40C27HRDN1,2014-08-04 00:00:00,2013-03-11 00:00:00,16.79,D201494320212A26160021
MD/M4OB36HFN8QAH,2025-02-21 00:00:00,2023-09-29 00:00:00,16.79,540K227550235240150017
MI/HB-A160/CDS90GN8B,2024-01-31 00:00:00,2022-09-07 00:00:00,16.79,341G198520325180100014
MI/HB-A160/CDS90GN8B,2024-01-31 00:00:00,2022-09-07 00:00:00,16.79,341G198520325180100026
MI/MHA-V12W/D2RN8-B,2024-01-31 00:00:00,2022-09-07 00:00:00,16.79,341G346300227110100001
MI/HB-A100/CDS90GN8B,2024-01-16 00:00:00,2022-08-22 00:00:00,16.82,341F745640625230100101
MI/HB-A60/CD30GN8B,2024-01-16 00:00:00,2022-08-22 00:00:00,16.82,341F745640525230100029
MSR23U18HRDN1Q8,2016-08-17 00:00:00,2015-03-24 00:00:00,16.82,D202179890314228120105
MD/MVI-260WV2RN1A,2025-02-19 00:00:00,2023-09-25 00:00:00,16.85,54VK248730136250100002
MHC96HWD1N1A,2019-03-31 00:00:00,2017-11-03 00:00:00,16.85,C701442581516406400008
MI/MA-09NXD0-XI,2023-11-30 00:00:00,2022-07-05 00:00:00,16.85,341C612920115230830110
MI/MHC-V8W/D2N8-B2,2023-12-27 00:00:00,2022-08-01 00:00:00,16.85,341F920330225050100045
MI/MOB02-18HFN1-QD0W,2017-08-31 00:00:00,2016-04-05 00:00:00,16.85,2411110290663100150077
MOUA96HD1N1R,2019-03-31 00:00:00,2017-11-03 00:00:00,16.85,C703240440615803400001
MSTCCU18HRFN1QR,2016-02-01 00:00:00,2015-08-14 00:00:00,16.86,D200073060515413120031
G-UTN22AL0,2015-09-24 00:00:00,2014-04-28 00:00:00,16.89,14500007
MDVV260WDRN1,2016-02-29 00:00:00,2014-10-03 00:00:00,16.89,C703194401114728400004
MI/AGBP-12NXD0-I,2024-11-29 00:00:00,2023-07-04 00:00:00,16.89,541J612950135050810093
MI/MCD-48HRFN1-QD0,2016-09-16 00:00:00,2015-04-21 00:00:00,16.89,D212309910115106160001
MI/MHC-V6W/D2N8-B2,2025-03-31 00:00:00,2023-11-03 00:00:00,16.89,541K658260138230100003
MOEU48HFN1RRD0,2017-09-14 00:00:00,2016-04-18 00:00:00,16.89,240071890035C190160024
MSZ-SF50VE,2016-05-19 00:00:00,2014-12-22 00:00:00,16.89,L20E42YS4000478T
M/MOB01-09HFN1-QD0W,2017-03-06 00:00:00,2015-10-07 00:00:00,16.95,D210058950215325130052
MD/UNVS-36R32INTT-OU,2023-07-31 00:00:00,2022-03-02 00:00:00,16.95,340D96490101A140150061
MI/HB-A100/CDS90GN8B,2023-12-27 00:00:00,2022-07-29 00:00:00,16.95,341F745640625230100076
MI/HB-A100/CDS90GN8B,2023-12-27 00:00:00,2022-07-29 00:00:00,16.95,341G198400225170100082
MI/HB-A100/CDS90GN8B,2023-12-27 00:00:00,2022-07-29 00:00:00,16.95,341G198520225180100092
MI/MHA-V4W/D2N8-B,2023-12-27 00:00:00,2022-07-29 00:00:00,16.95,341F745770125240100081
MI/MHA-V8W/D2N8-B,2024-01-16 00:00:00,2022-08-18 00:00:00,16.95,341F745640225170100080
MSABDU18HRFN1QRD0GWB,2019-03-31 00:00:00,2017-10-31 00:00:00,16.95,2401774990765130120016
MD/MOBA3109HFN1QRD0,2018-03-20 00:00:00,2017-07-05 00:00:00,16.96,2401774990465130130116
MUZ-SF50VE,2014-11-03 00:00:00,2014-02-18 00:00:00,16.96,L20E2C3S3002007T
M/MI-22G/DHN1-M,2019-03-31 00:00:00,2017-10-30 00:00:00,16.98,C701442620516409400178
MD/MOB3018HFN1QRD0GW,2018-05-29 00:00:00,2016-12-28 00:00:00,16.98,2401713990665170130047
MI/HB-A100/CDS90GN8B,2023-12-27 00:00:00,2022-07-28 00:00:00,16.98,341G198400225170100099
MI/HB-A60/CD30GN8B,2024-01-16 00:00:00,2022-08-17 00:00:00,16.98,341F745640525230100073
MI/MHA-V4W/D2N8-B,2024-01-16 00:00:00,2022-08-17 00:00:00,16.98,341F745640125240100054
MI/MVI-400WV2RN1(A),2025-04-07 00:00:00,2023-11-07 00:00:00,16.98,541K977470239050300004
MI/X1BP-12N8D0-O,2024-08-19 00:00:00,2023-03-21 00:00:00,16.98,541F678410225090810706
MX/NXHPS-V10W/D2N8,2024-01-31 00:00:00,2022-09-01 00:00:00,16.98,340G166340626210100075
M/MSABBU-12HRDN1-QC8,2016-12-30 00:00:00,2015-07-31 00:00:00,17.02,D212322480115117120012
MI/HB-A160/CDS90GN8B,2024-01-31 00:00:00,2022-08-31 00:00:00,17.02,341F745640725210100032
MI/MA-12N8D0-XO,2023-08-31 00:00:00,2022-03-31 00:00:00,17.02,341C612480414020810472
MI/MCA3-18HRFN1-QD0,2017-09-12 00:00:00,2016-04-12 00:00:00,17.02,2410884740461200160034
MI/MCD1-48HRFNX-GA,2024-04-30 00:00:00,2022-11-29 00:00:00,17.02,340D96479031A100160021
MI/MHA-V6W/D2N8-B,2024-01-31 00:00:00,2022-08-31 00:00:00,17.02,341F743970123220100004
MI/MHA-V8W/D2N8-B,2024-01-31 00:00:00,2022-08-31 00:00:00,17.02,341G346300127110100017
MI/MHC-V8W/D2N8-B2,2023-12-27 00:00:00,2022-07-27 00:00:00,17.02,341F920330225050100016
MI/MOE30U-48HFN8RGA,2024-04-30 00:00:00,2022-11-29 00:00:00,17.02,340D682791117260150020
MS12F818HRFN1C8OU,2016-06-15 00:00:00,2015-09-30 00:00:00,17.02,D200101740615507150020
PUHZ-P250YHA,2015-07-22 00:00:00,2014-02-19 00:00:00,17.02,L7H1S35S3XU04066
MI/MOBA03-12HFN1-QD0,2017-07-26 00:00:00,2017-02-03 00:00:00,17.04,2412228000468210150059
MD/MDV-036G/DN1,2025-04-02 00:00:00,2023-10-31 00:00:00,17.05,34VG51758032B210100051
MI/HB-A60/CD30GN8B,2023-11-30 00:00:00,2022-06-29 00:00:00,17.05,341F743970524040100086
MI/MOU-48FN8-RD0,2024-04-30 00:00:00,2022-11-28 00:00:00,17.05,341D533230617020150090
MOUA60HN1R,2014-12-02 00:00:00,2013-07-01 00:00:00,17.05,C101194282410413130003
MSR23U18HRDN1Q8,2016-08-24 00:00:00,2015-03-24 00:00:00,17.05,D202179890314228120105
M/MI-22G/DHN1-S,2019-03-31 00:00:00,2017-10-27 00:00:00,17.08,C703247530315A10400188
M/MI-22G/DHN1-S,2019-03-31 00:00:00,2017-10-27 00:00:00,17.08,C703247530315A10400203
MD/MOB0218HFN8QRD0,2023-09-29 00:00:00,2022-04-27 00:00:00,17.08,340C613090311300830108
MDVD45G/N1-S,2019-03-31 00:00:00,2017-10-27 00:00:00,17.08,C702073950616712400012
MD/MDV-022G/DN1,2023-07-31 00:00:00,2022-02-25 00:00:00,17.12,34VE07630071B280100005
MI/HB-A160/CGN8-B,2023-04-30 00:00:00,2021-11-25 00:00:00,17.12,341D367740615130100036
MI/HB-A60/CD30GN8B,2024-03-28 00:00:00,2022-10-24 00:00:00,17.12,341G198520125170100050
MI/MSMABU12HRDN1QD0,2017-09-08 00:00:00,2016-04-05 00:00:00,17.12,2411110290363110120200
MI/MSMACU18HRFN1QD0,2017-09-08 00:00:00,2016-04-05 00:00:00,17.12,2411110290563140120190
MI/MSMBAU09HRFN1QRD0,2019-03-31 00:00:00,2017-10-26 00:00:00,17.12,2413476050176150120165
M/MI-28Q4/DHN1-D,2017-04-13 00:00:00,2016-07-26 00:00:00,17.14,C703230451415618400003
MD/MDV-028G/DN1,2023-07-31 00:00:00,2022-02-24 00:00:00,17.15,34VE07630081B280100020
MD/MOCA3024HFN1QRD0,2017-12-08 00:00:00,2016-07-04 00:00:00,17.15,2401302930863150870221
MXZ-3D68VA,2015-01-27 00:00:00,2013-08-23 00:00:00,17.15,L20E3C5S3003163T
MD/MCD36HRFN1QRDA,2017-04-26 00:00:00,2016-11-03 00:00:00,17.16,2401942430666240160017
MI/AGBP-09NXD0-I,2023-12-27 00:00:00,2022-07-22 00:00:00,17.18,341F647980123240810326
MI/HB-A100/CDS90GN8B,2024-01-03 00:00:00,2022-07-29 00:00:00,17.18,341F745640625230100046
MI/HB-A100/CDS90GN8B,2024-01-31 00:00:00,2022-08-26 00:00:00,17.18,341F745640625230100027
MI/HB-A60/CD30GN8B,2023-12-27 00:00:00,2022-07-22 00:00:00,17.18,341G198400125170100054
MI/HB-A60/CD30GN8B,2023-12-27 00:00:00,2022-07-22 00:00:00,17.18,341G198520125170100062
H/JADR0212,2017-12-06 00:00:00,2016-06-30 00:00:00,17.21,HF1604063656
MI/AGBP-12NXD0-I,2024-11-05 00:00:00,2023-05-31 00:00:00,17.21,541F678410125100870685
MI/AGBP-12NXD0-I,2024-12-09 00:00:00,2023-07-04 00:00:00,17.21,541J612950135050810093
MI/HB-A100/CDS90GN8B,2024-01-16 00:00:00,2022-08-10 00:00:00,17.21,341F745640625230100071
MI/MHA-V8W/D2N8-B,2024-12-05 00:00:00,2023-06-30 00:00:00,17.21,341H56022032C250100031
MS12F818HRFN1C8OU,2016-08-24 00:00:00,2015-03-19 00:00:00,17.21,D202263690514909150014
M/MOZU-18HFN1-QD0,2018-03-19 00:00:00,2016-10-10 00:00:00,17.25,D200238820215728150012
MI/MHA-V6W/D2N8-B,2023-11-30 00:00:00,2022-06-23 00:00:00,17.25,341F745080124040100059
MI/AG-12NXD1-IH,2024-07-10 00:00:00,2023-01-31 00:00:00,17.28,341D668370217150130157
MI/MCD-48FNXD0,2019-03-31 00:00:00,2018-07-11 00:00:00,17.28,3415666700184140160055
MI/MHA-V10W/D2N8-B,2024-04-09 00:00:00,2022-10-31 00:00:00,17.28,341G280210128280100031
MSR23U09HRDN1Q8OU,2016-08-18 00:00:00,2015-03-11 00:00:00,17.28,D202179890714227130262
PAC-IF051B-E,2015-02-17 00:00:00,2014-05-30 00:00:00,17.28,7H1FTC4G 3D00248
MD/M5OE42HFN8QA,2025-02-05 00:00:00,2023-08-28 00:00:00,17.31,540H571700231040150033
MI/HB-A160/CDS90GN8B,2024-01-31 00:00:00,2022-08-22 00:00:00,17.31,341G198520325180100014
MI/HB-A160/CDS90GN8B,2024-01-31 00:00:00,2022-08-22 00:00:00,17.31,341G198520325180100026
MI/HB-A160/CDS90GN8B,2024-01-31 00:00:00,2022-08-22 00:00:00,17.31,341G198520325180100033
MI/MTIU-18HWFNX-GA,2023-06-30 00:00:00,2022-01-19 00:00:00,17.31,341D95291011A120160001
MI/MTIU-18HWFNX-GA,2023-06-30 00:00:00,2022-01-19 00:00:00,17.31,341D95291011A120160003
MI/X4-24N8D0-O,2025-07-11 00:00:00,2024-01-31 00:00:00,17.31,541L73077063B160170024
MS12F824HRDN1C8OU,2016-12-28 00:00:00,2015-07-20 00:00:00,17.31,D200101740815430150027
MI/MHC-V12W/D2RN8-B,2023-12-27 00:00:00,2023-04-07 00:00:00,17.34,341H31169022B180100022
MI/MHC-V22W/D2RN8,2023-12-27 00:00:00,2023-04-07 00:00:00,17.34,341F743970831290100003
MSR23U12HRDN1QROU,2014-08-20 00:00:00,2013-11-29 00:00:00,17.34,D202079120613515120005
MI/AGBP-18NXD0-I,2023-11-30 00:00:00,2022-06-20 00:00:00,17.35,341F401970123260850011
MD/M5OE42HFN1Q,2018-01-09 00:00:00,2016-07-29 00:00:00,17.38,2401170340763100160020
M/MSABAU-07HRFN1-QD0,2016-12-06 00:00:00,2015-06-25 00:00:00,17.41,D210058921015326120010
M/MSMBBU-18HRFN1-QD0,2017-02-20 00:00:00,2015-09-09 00:00:00,17.41,D212322230315117120088
MI/AG-24NXD0-IH,2024-02-12 00:00:00,2022-08-31 00:00:00,17.41,341E70696011B040860097
MI/HB-A160/CDS90GN8B,2024-02-12 00:00:00,2022-08-31 00:00:00,17.41,341G198520325180100019
MI/HB-A60/CD30GN8B,2024-01-31 00:00:00,2022-08-19 00:00:00,17.41,341G198400125170100036
MI/HB-A60/CD30GN8B,2024-02-12 00:00:00,2022-08-31 00:00:00,17.41,341F920280124270100014
MI/MCA3U12HRFN1QD0,2019-06-30 00:00:00,2018-01-16 00:00:00,17.41,2413338910975030160010
MI/MHA-V16W/D2RN8-B,2024-02-12 00:00:00,2022-08-31 00:00:00,17.41,341F745770425180100052
MI/MH-SU65M-RN8L,2025-08-12 00:00:00,2024-02-29 00:00:00,17.41,54VK475130136240100001
MI/X1BP-12N8D0-O,2024-08-13 00:00:00,2023-03-02 00:00:00,17.41,541F678410225090810254
M/MOZU-12HFN1-QD0,2016-05-24 00:00:00,2015-09-02 00:00:00,17.42,D212322290315112150001
MI/AG-09NXD1-IH,2024-12-09 00:00:00,2024-03-19 00:00:00,17.42,541L73107013C080130017
MI/MI-22T2/DHN1-EA5,2019-03-31 00:00:00,2018-07-09 00:00:00,17.42,C705848010518509400013
MI/MI-22T2/DHN1-EA5,2019-03-31 00:00:00,2018-07-09 00:00:00,17.42,C705848010518509400016
MI/MI-22T2/DHN1-EA5,2019-03-31 00:00:00,2018-07-09 00:00:00,17.42,C705848010518509400018
MI/MI-22T2/DHN1-EA5,2019-03-31 00:00:00,2018-07-09 00:00:00,17.42,C705848010518509400019
MI/MI-22T2/DHN1-EA5,2019-03-31 00:00:00,2018-07-09 00:00:00,17.42,C705848010518509400020
MI/MI-22T2/DHN1-EA5,2019-03-31 00:00:00,2018-07-09 00:00:00,17.42,C705848010518509400021
MI/MI-22T2/DHN1-EA5,2019-03-31 00:00:00,2018-07-09 00:00:00,17.42,C705848010518509400054
MI/MI-22T2/DHN1-EA5,2019-03-31 00:00:00,2018-07-09 00:00:00,17.42,C705848010518509400056
MI/MI-22T2/DHN1-EA5,2019-03-31 00:00:00,2018-07-09 00:00:00,17.42,C705848010518509400057
MI/MI-22T2/DHN1-EA5,2019-03-31 00:00:00,2018-07-09 00:00:00,17.42,C705848010518509400059
AX/NXRA-OD50BFR-1A,2023-11-30 00:00:00,2022-06-17 00:00:00,17.44,A2336A185301W00047
MD/CSTS-12R32IVT-IN,2024-01-16 00:00:00,2022-08-03 00:00:00,17.44,340F336730323080160074
MD/MSAEBU12HRFN8QRD6,2024-09-12 00:00:00,2023-03-31 00:00:00,17.44,340E010340119030130173
MDV400(14)W/DRN1(D),2019-04-30 00:00:00,2017-11-15 00:00:00,17.44,C703635200317508400001
MI/HB-A100/CDS90GN8B,2025-01-21 00:00:00,2023-08-09 00:00:00,17.44,341H58326052C270100002
MI/MHC-V8W/D2N8-B2,2024-01-31 00:00:00,2022-08-18 00:00:00,17.44,341F920330225050100019
MI/MOX430U-24HFN8QGA,2024-12-11 00:00:00,2023-06-29 00:00:00,17.44,340F336730923120120014
MI/MV6-R500WV2RN1,2023-08-31 00:00:00,2022-03-18 00:00:00,17.44,341D665320516270100001
MLZ-KA50VA,2014-08-26 00:00:00,2013-03-13 00:00:00,17.44,L5F3G16S101959
PUHZ-ZRP35VKA,2017-03-27 00:00:00,2015-10-13 00:00:00,17.44,L77JH02S41U02077
SEZ-KD50VAQ,2016-05-11 00:00:00,2014-11-27 00:00:00,17.44,L50T20ZS44M01493
G- LCE324CQ,2015-06-08 00:00:00,2013-12-23 00:00:00,17.48,HF 1311046518
M/MKA-750F,2017-09-18 00:00:00,2017-05-08 00:00:00,17.48,C702523992016B04400005
MD/M5OE42HFN8QA,2025-02-10 00:00:00,2023-08-28 00:00:00,17.48,540H571700231040150033
MI/HB-A160/CDS90GN8B,2025-07-22 00:00:00,2024-02-06 00:00:00,17.48,341G93460072B110100034
MI/MHA-V4W/D2N8-B,2024-01-31 00:00:00,2022-08-17 00:00:00,17.48,341F745770125240100069
MSY18HRN1QC2OU,2014-11-06 00:00:00,2013-05-23 00:00:00,17.48,C101364811411704130026
MUE36HRFN1QRC8A,2017-03-09 00:00:00,2015-09-24 00:00:00,17.48,D202294390114B28160020
MI/HB-A160/CDS90GN8B,2024-01-31 00:00:00,2022-08-16 00:00:00,17.51,341G198400325180100004
MI/M4OE-28HFN8-Q,2024-07-24 00:00:00,2023-02-07 00:00:00,17.51,341F402810423280150016
MI/MCD1-42HRFN8-GA,2024-12-10 00:00:00,2023-06-26 00:00:00,17.51,541H53166022C150160018
MI/MHA-V12W/D2RN8-B,2024-01-31 00:00:00,2022-08-16 00:00:00,17.51,341F915970325020100015
MSR23U18HRDN1Q8,2016-09-07 00:00:00,2015-03-24 00:00:00,17.51,D202179890314228120105
PUHZ-ZRP100YKA,2015-08-05 00:00:00,2014-02-18 00:00:00,17.51,L77JM03S3XU00735
MI/M5OE-42HFN8-QH,2025-07-24 00:00:00,2024-02-05 00:00:00,17.58,541J609560335050150008
MI/MCA3U-18HRFNX-GA,2024-07-12 00:00:00,2023-01-24 00:00:00,17.58,341F559330223290160037
MI/MHC-V12W/D2RN8-B2,2024-03-18 00:00:00,2022-09-30 00:00:00,17.58,341G288000227250100017
MI/MI2-45GDN1,2023-09-29 00:00:00,2022-04-12 00:00:00,17.58,341D663621116160100007
MX/NXHPM-V12W/D2RN8,2024-03-28 00:00:00,2022-10-10 00:00:00,17.58,340G169930928030100005
MI/MCA3-18HRFN1-QD0,2019-03-31 00:00:00,2018-07-06 00:00:00,17.6,3415643390584140160010
MOCA30U24HFN1QRD0,2019-03-31 00:00:00,2018-07-06 00:00:00,17.6,2410878280361310150004
MSTCDU24HRFN1QROU,2016-06-24 00:00:00,2015-09-30 00:00:00,17.6,D200031220815310150038
M/MOB30U-18HFN1-QRD0,2019-06-30 00:00:00,2018-01-10 00:00:00,17.61,2413972770277260130045
MI/HB-A100/CDS90GN8B,2024-01-16 00:00:00,2022-07-29 00:00:00,17.61,341F745640625230100071
MI/HB-A100/CDS90GN8B,2024-01-16 00:00:00,2022-07-29 00:00:00,17.61,341F745640625230100101
MI/HB-A160/CDS90GN8B,2024-01-16 00:00:00,2022-07-29 00:00:00,17.61,341G198520325190100003
MI/HB-A160/CDS90GN8B,2024-02-27 00:00:00,2022-09-09 00:00:00,17.61,341G198520325190100037
MI/MA-09NXD0-XI,2024-01-16 00:00:00,2022-07-29 00:00:00,17.61,341C491150111220820135
MI/MHA-V8W/D2N8-B,2024-01-16 00:00:00,2022-07-29 00:00:00,17.61,341F745640225170100080
MI/MHC-V6W/D2N8-B,2023-12-31 00:00:00,2022-07-13 00:00:00,17.61,341F749480124030100049
PKFY-P20VBM-E,2014-06-17 00:00:00,2012-12-28 00:00:00,17.61,L7H7A12S26A05044
MSTCAU09HRFN1QR,2016-12-12 00:00:00,2015-06-24 00:00:00,17.64,D200031220215314120048
MSY12HRDN1QC2OU,2014-11-04 00:00:00,2013-05-16 00:00:00,17.64,D201495530212A25120037
PUHZ-P140YHA,2014-10-14 00:00:00,2013-04-25 00:00:00,17.64,7H1S306G 2G01091
MD/MDV-022G/DN1,2023-11-30 00:00:00,2022-06-10 00:00:00,17.67,34VE332980721020100032
MD/MSAEBU12HRFN1QRD0,2018-02-23 00:00:00,2016-09-02 00:00:00,17.71,2401713990365170120088
MD/UNVS-42R32INTS-OU,2025-01-29 00:00:00,2023-08-09 00:00:00,17.71,340D96473091A050150009
MI/HB-A160/CDS90GN8B,2024-01-31 00:00:00,2022-08-10 00:00:00,17.71,341G198520325180100047
MI/HB-A160/CDS90GN8B,2024-02-12 00:00:00,2022-08-22 00:00:00,17.71,341G198520325180100019
MI/MHA-V12W/D2RN8-B,2024-01-31 00:00:00,2022-08-10 00:00:00,17.71,341F915970325020100001
MI/MOE30U-48HFN8RGA,2025-01-21 00:00:00,2023-08-01 00:00:00,17.71,541J550651134240150067
MS12F824HRDN1C8,2016-09-13 00:00:00,2015-03-24 00:00:00,17.71,D202263690314917120002
HX/NXERV-350V1_ST2,2024-07-24 00:00:00,2023-01-31 00:00:00,17.74,F221030120
M/MOB01-18HFN1-QD0W,2017-06-23 00:00:00,2015-12-31 00:00:00,17.74,D210058950615325130008
MD/MSAEBU12HRFNXQRD0,2019-03-31 00:00:00,2018-07-04 00:00:00,17.74,3405834320385070120185
MI/AG-12NXD1-IH,2025-07-08 00:00:00,2024-10-11 00:00:00,17.74,541Q099610247260130004
MI/HB-A100/CDS90GN8B,2023-11-30 00:00:00,2022-06-08 00:00:00,17.74,341F743970624060100096
MI/MUE-48HRFNX-GA,2023-07-31 00:00:00,2022-11-03 00:00:00,17.74,341F380820822240160004
MOU45HN1RB6W,2016-06-08 00:00:00,2014-12-16 00:00:00,17.74,D202201950514414160020
MXZ-8A140VA,2014-06-04 00:00:00,2012-12-11 00:00:00,17.74,0YU04818
MD/MOU48HDN1R,2015-03-19 00:00:00,2013-09-24 00:00:00,17.77,D202041030713314160034
MI/AGBP-18NXD0-I,2024-05-31 00:00:00,2022-12-07 00:00:00,17.77,541F678530425020850093
MI/MHA-V6W/D2N8-B,2024-01-31 00:00:00,2022-08-08 00:00:00,17.77,341F745640125240100081
MI/MHC-V10W/D2N8-B2,2024-01-31 00:00:00,2022-08-08 00:00:00,17.77,341F920330225050100009
MI/MOX330U-18HFN8QGA,2025-01-15 00:00:00,2023-07-24 00:00:00,17.77,541H36103042B240120012
MI/MTI-55FNXD0,2019-03-31 00:00:00,2018-07-03 00:00:00,17.8,3415643180184210160001
M/MSABBU-12HRDN1-QC8,2016-12-09 00:00:00,2015-06-16 00:00:00,17.81,D212322500315117120073
MD/MCD36HRFN1QRDA,2019-03-31 00:00:00,2017-10-05 00:00:00,17.81,2403566290977090160016
MI/MHC-V10W/D2N8-B,2024-02-12 00:00:00,2022-08-19 00:00:00,17.81,341G287960126150100001
MDVD22G/N1-S,2018-04-17 00:00:00,2016-10-21 00:00:00,17.84,C702073950316712400009
MI/HB-A100/CDS90GN8B,2024-02-12 00:00:00,2022-08-18 00:00:00,17.84,341G198520225180100054
MI/HB-A60/CD30GN8B,2024-01-16 00:00:00,2022-07-22 00:00:00,17.84,341G198520125170100050
MI/M4O-36FN8-Q,2024-01-16 00:00:00,2022-07-22 00:00:00,17.84,541F727860625140150008
MI/MA-09N8D0-XO,2023-07-31 00:00:00,2022-02-03 00:00:00,17.84,341E353990219120810076
MI/MA-09N8D0-XO,2023-07-31 00:00:00,2022-02-03 00:00:00,17.84,341E353990219120810092
MXZ-3D68VA,2015-02-17 00:00:00,2013-08-23 00:00:00,17.84,L20E3C5S3003163T
M/MOF-24HFN1-QD0,2015-12-28 00:00:00,2015-06-30 00:00:00,17.85,D212322480815115150098
M/MOTS-27HFN1QRD0,2016-12-19 00:00:00,2016-06-21 00:00:00,17.85,C703258980516106400002
MI/MHA-V4W/D2N8-B,2024-02-12 00:00:00,2022-08-17 00:00:00,17.87,341F745640125240100106
MI/MHA-V8W/D2N8-B,2024-01-16 00:00:00,2022-07-21 00:00:00,17.87,341G076700225170100015
MOU48HN1R,2015-09-07 00:00:00,2014-03-12 00:00:00,17.87,D202115340813913160036
MI/MTI-55FNXD0,2019-03-31 00:00:00,2018-07-02 00:00:00,17.88,3415643180184210160001
T-C1500E.EE.NT,2017-11-27 00:00:00,2017-02-28 00:00:00,17.88,195021002
MD/MOX13312HFN8QRD0N,2024-01-31 00:00:00,2022-08-03 00:00:00,17.94,340F338320423080830030
MD/MV6-I560WV2GN1-E,2025-06-10 00:00:00,2023-12-12 00:00:00,17.94,541K330550136010100021
MD/MV6-I785WV2GN1-E,2024-08-27 00:00:00,2023-02-28 00:00:00,17.94,34VF735910325070100003
MDVD22G/N1-S,2016-08-23 00:00:00,2015-02-24 00:00:00,17.94,C703211760514C26400007
MI/HB-A100/CDS90GN8B,2024-02-15 00:00:00,2022-08-18 00:00:00,17.94,341G198520225180100080
MI/HB-A160/CDS90GN8B,2024-08-13 00:00:00,2023-02-14 00:00:00,17.94,341G93451072A260100097
MI/MHA-V4W/D2N8-B,2024-04-16 00:00:00,2022-10-18 00:00:00,17.94,341G076700125240100007
MI/MHC-V12W/D2RN8-B2,2024-02-15 00:00:00,2022-08-18 00:00:00,17.94,341F920330325050100054
MI/MOB02-18HFN1-QD0W,2019-05-31 00:00:00,2018-08-31 00:00:00,17.94,2413297070673240860108
MUE45HRN1R,2016-08-16 00:00:00,2015-02-17 00:00:00,17.94,D202251770214804160045
MX/NXHB-A100/CD9,2024-04-08 00:00:00,2022-10-10 00:00:00,17.94,340G169930528030100023
MX/NXHPS-V8W/D2N8,2024-04-29 00:00:00,2022-10-31 00:00:00,17.94,340G169930228030100006
M/MI-56G/DHN1-S,2017-06-22 00:00:00,2015-12-23 00:00:00,17.97,C703247530615A12400020
M/MV5-X450W/V2GN1,2023-09-29 00:00:00,2022-03-31 00:00:00,17.97,34V691266098C040100001
MD/AFBU12HRDNXQRD0,2023-11-30 00:00:00,2022-06-01 00:00:00,17.97,340F327700221250830239
MI/MA-09N8D0-XO,2024-06-07 00:00:00,2022-12-08 00:00:00,17.97,341D237890217190820130
MI/MI2-22GDN1,2023-05-31 00:00:00,2021-11-30 00:00:00,17.97,3419910041002290100089
MI/MOB01-09HFN8,2024-05-09 00:00:00,2022-11-09 00:00:00,17.97,341E38159011A080120012
MSABAU09HRFN1QRD0GWB,2019-05-31 00:00:00,2017-11-30 00:00:00,17.97,2401774990365160120099
M/MDV-V200W/DRN1,2019-03-31 00:00:00,2017-09-29 00:00:00,18,C703875230317614400005
MD/MOBA3009HFN1QRD0,2019-03-31 00:00:00,2017-09-29 00:00:00,18,2401302930263190820199
MI/MOB01-09HFN8,2024-05-10 00:00:00,2022-11-09 00:00:00,18,341E38159011A080120012
M/MSABBU-12HRDN1-QC8,2016-12-16 00:00:00,2015-06-16 00:00:00,18.04,D212322500315117120073
MD/MCD18HRFN1QRDA,2019-03-31 00:00:00,2017-09-28 00:00:00,18.04,2403980810577230160011
MD/UNVS-48R32INT-OU,2025-06-23 00:00:00,2023-12-22 00:00:00,18.04,540K228380635120150019
MDVV260WDRN1,2016-04-04 00:00:00,2014-10-03 00:00:00,18.04,C703194401114728400004
H/JAXC0080_02,2019-03-31 00:00:00,2018-06-29 00:00:00,18.06,HF1805079690
MD/MDVI3A-56WMVR12E,2025-07-30 00:00:00,2024-10-28 00:00:00,18.06,54VL775370141250100009
M/MOB01-12HFN1-QD0W,2017-05-05 00:00:00,2015-11-02 00:00:00,18.07,D210058950415325130027
MHC48HWN1R,2015-05-19 00:00:00,2013-11-14 00:00:00,18.1,D201462430412619160010
MI/AHUKZ-03DM,2025-05-21 00:00:00,2023-11-17 00:00:00,18.1,341H31206022C040100035
MI/AHUKZ-03DM,2025-05-21 00:00:00,2023-11-17 00:00:00,18.1,341H31206022C040100039
MI/AHUKZ-03DM,2025-05-21 00:00:00,2023-11-17 00:00:00,18.1,341H31206022C040100059
MI/HB-A100/CDS90GN8B,2024-01-31 00:00:00,2022-07-29 00:00:00,18.1,341F745640625230100027
MI/HB-A100/CDS90GN8B,2024-01-31 00:00:00,2022-07-29 00:00:00,18.1,341G198520225180100008
MI/HB-A160/CDS90GN8B,2024-01-31 00:00:00,2022-07-29 00:00:00,18.1,341G198520325180100047
MI/HBT-A100/240CDS9B,2025-04-02 00:00:00,2023-09-29 00:00:00,18.1,34VG265250327230300046
MUE60HRFN1QC2,2015-02-24 00:00:00,2013-08-22 00:00:00,18.1,D202079130213522160001
M/AHUKZ-01B,2018-01-25 00:00:00,2016-07-22 00:00:00,18.13,C701423601116325400017
MD/MDV-022G/DN1,2023-08-31 00:00:00,2022-02-25 00:00:00,18.13,34VE07630071B280100002
MD/MOX30118HFN8QRD0H,2024-09-26 00:00:00,2023-03-24 00:00:00,18.13,340E891840221030120091
MD/UNVS-48R32INT-OU,2025-06-26 00:00:00,2023-12-22 00:00:00,18.13,540K228380635120150019
MI/MOX430U-24HFN8QGA,2024-10-03 00:00:00,2023-03-31 00:00:00,18.13,541H36103052B240120004
MUZ-GE35VA,2013-08-30 00:00:00,2012-11-27 00:00:00,18.14,L20E2D9S2001558T
MI/HB-A160/CDS90GN8B,2024-09-13 00:00:00,2023-03-10 00:00:00,18.17,341G93460072B110100084
MI/HBT-A100/240CDS9B,2025-03-11 00:00:00,2023-09-05 00:00:00,18.17,34VG265240329030300039
MI/MHA-V6W/D2N8-B,2024-01-31 00:00:00,2022-07-27 00:00:00,18.17,341F743970123220100013
MS12F809HRDN1C8OU,2017-01-03 00:00:00,2015-06-30 00:00:00,18.17,D200073040215408130530
MI/HB-A160/CDS90GN8B,2024-02-27 00:00:00,2022-08-22 00:00:00,18.2,341G198520325190100037
MI/HB-A160/CDS90GN8B,2024-09-27 00:00:00,2023-03-23 00:00:00,18.2,341H10751072B250100053
MI/MA-24N8D0-O,2019-03-31 00:00:00,2018-06-27 00:00:00,18.2,3415758090285070870006
MI/MOX330U-18HFN8QGA,2025-01-28 00:00:00,2023-07-24 00:00:00,18.2,541H36103042B240120012
MI/MTIU-18HWFNX-GA,2025-01-28 00:00:00,2023-07-24 00:00:00,18.2,341F380670322280160009
MI/MUE-24HRFN1-QRD0,2017-03-09 00:00:00,2015-09-02 00:00:00,18.2,D210058980215323160004
MX/NXKT3-V300,2025-06-18 00:00:00,2023-12-12 00:00:00,18.2,340A478211305080100002
MI/MSMADU24HRFN1QD0,2019-03-31 00:00:00,2017-09-22 00:00:00,18.23,2413811570776130870022
PUHZ-SHW140YHA,2015-04-02 00:00:00,2013-09-24 00:00:00,18.23,L7HJN09S35U01780
M/MCD-18HRFN1-QRC8,2016-07-04 00:00:00,2015-09-30 00:00:00,18.26,D212246000314714160053
MD/AFBU12HRDNXQRD0,2024-08-30 00:00:00,2023-02-21 00:00:00,18.27,54V220000452C040820674
MI/HB-A160/CDS90GN8B,2024-02-12 00:00:00,2022-08-05 00:00:00,18.27,341F745640725210100015
LGH-50RX5,2015-03-12 00:00:00,2014-10-24 00:00:00,18.28,54675414070096P
MI/MHC-V12W/D2RN8-B2,2024-02-12 00:00:00,2022-08-04 00:00:00,18.3,341F920330325050100020
MI/MHC-V6W/D2N8-B2,2025-05-13 00:00:00,2023-11-03 00:00:00,18.3,541K658260138230100003
MI/MHC-V8W/D2N8-B2,2024-02-12 00:00:00,2022-08-04 00:00:00,18.3,341F920330225050100021
MI/MOB02-18HFN1-QD0W,2019-03-31 00:00:00,2017-09-20 00:00:00,18.3,2413476010175030860222
AT-50A,2016-03-08 00:00:00,2014-08-28 00:00:00,18.33,22513-213
MD/MOCA0224HFN8QRD0,2023-04-30 00:00:00,2021-10-19 00:00:00,18.33,340C613580814140860042
MD/MV6-I615WV2GN1-E,2024-06-25 00:00:00,2022-12-15 00:00:00,18.33,34VG51774022A110100002
MI/HB-A100/CDS90GN8B,2024-02-27 00:00:00,2022-08-18 00:00:00,18.33,341F745640625230100049
MI/HB-A60/CD30GN8B,2024-01-31 00:00:00,2022-07-22 00:00:00,18.33,341G198400125170100036
MI/HB-A60/CD30GN8B,2024-01-31 00:00:00,2022-07-22 00:00:00,18.33,341G198520125170100096
MI/MHC-V12W/D2RN8-B2,2024-02-27 00:00:00,2022-08-18 00:00:00,18.33,341F920330325050100054
MI/MUE-55FNXD0,2025-03-11 00:00:00,2023-08-31 00:00:00,18.33,341C448080512010160002
MI/MB-12N8D6-I,2019-03-31 00:00:00,2018-06-25 00:00:00,18.34,3415391680383200840104
MI/HB-A60/CD30GN8B,2024-02-27 00:00:00,2022-08-17 00:00:00,18.36,341F745640525230100044
MI/HB-A60/CD30GN8B,2024-02-27 00:00:00,2022-08-17 00:00:00,18.36,341F745640525230100052
MI/MA-18NXD0-I,2023-07-12 00:00:00,2021-12-30 00:00:00,18.36,341E353990519120850088
MI/MTIU-18FNXD0,2023-11-30 00:00:00,2022-05-20 00:00:00,18.36,3415666690584230160006
MS12F812HRDN1C8,2017-03-09 00:00:00,2015-08-28 00:00:00,18.36,D200101740315429120021
M/MDV-D28Q1/N1-D,2018-05-17 00:00:00,2017-12-28 00:00:00,18.4,C703230452615613400001
MD/AHPS-V8W/D2N8,2025-01-16 00:00:00,2023-07-06 00:00:00,18.4,34VG265700229050100022
MI/HB-A100/CDS90GN8B,2024-02-27 00:00:00,2022-08-16 00:00:00,18.4,341F745640625230100088
MI/MHA-V10W/D2N8-B,2023-12-27 00:00:00,2022-06-15 00:00:00,18.4,341E95862041C250100041
MI/MHC-V8WD2N7E30,2024-10-28 00:00:00,2024-01-22 00:00:00,18.4,541L90232013B270100003
MI/MOBA03-12HFN1-QD0,2017-04-07 00:00:00,2016-07-01 00:00:00,18.4,2411653770465090150041
MD/AFCU18HRFN8QRD0,2024-06-13 00:00:00,2022-11-30 00:00:00,18.43,54V2200004027280850029
MD/M4OB36HFN8QAH,2025-07-02 00:00:00,2023-12-19 00:00:00,18.43,54VK481070738150150011
MD/MDV-022Q4C/DN1,2024-08-27 00:00:00,2023-02-13 00:00:00,18.43,34VF735970428270100032
MI/MVI-335WV2RN1(B),2025-05-15 00:00:00,2023-10-31 00:00:00,18.46,541K565080138180300015
MD/MDV-045Q4/DN1,2024-08-29 00:00:00,2023-02-13 00:00:00,18.5,34VF735970728250100011
MD/MDV-045Q4/DN1,2024-08-29 00:00:00,2023-02-13 00:00:00,18.5,34VF735970728250100019
MD/MDV-045Q4/DN1,2024-08-29 00:00:00,2023-02-13 00:00:00,18.5,34VF735970728250100020
MI/HB-A100/CDS90GN8B,2024-02-12 00:00:00,2022-07-29 00:00:00,18.5,341G198520225180100054
MI/HB-A160/CDS90GN8B,2024-02-12 00:00:00,2022-07-29 00:00:00,18.5,341G198400325180100062
MSR23U12HRDN1QROU,2015-09-18 00:00:00,2014-03-04 00:00:00,18.5,D202079120613515120260
MD/MOU60HDN1R,2013-06-26 00:00:00,2013-02-05 00:00:00,18.52,D201462410212615160005
MI/HB-A100/CDS90GN8B,2024-10-08 00:00:00,2023-03-24 00:00:00,18.53,341H607650231020100031
MI/MHA-V10W/D2N8-B,2023-12-31 00:00:00,2022-06-15 00:00:00,18.53,341E95862041C250100041
MI/MHC-V18W/D2RN8,2024-10-15 00:00:00,2023-03-31 00:00:00,18.53,341F743970831290100001
MI/MOD30U-36HFN8QGA,2025-07-14 00:00:00,2023-12-28 00:00:00,18.53,541L25721093A050150003
MOU60HFN1Q,2017-06-02 00:00:00,2015-11-16 00:00:00,18.53,D202250520814729160051
MSR23U18HRDN1QR,2016-03-15 00:00:00,2014-08-29 00:00:00,18.53,D202132210313B05120024
MX/NXRM-OD70B-1C,2024-12-13 00:00:00,2023-05-29 00:00:00,18.53,540G065980825300870042
MD/UNVS-48R32INT-OU,2025-07-09 00:00:00,2023-12-22 00:00:00,18.56,540K228380635120150019
MI/HB-A60/CD30GN8B,2023-12-27 00:00:00,2022-06-10 00:00:00,18.56,341F743970524040100041
MI/M2OE-18HFN8-QH,2025-07-07 00:00:00,2023-12-20 00:00:00,18.56,541H677320131120150279
MI/MSMACU18HRFN1QD0,2019-03-31 00:00:00,2017-09-12 00:00:00,18.56,2413475890875150810032
H/TADR0281,2017-07-19 00:00:00,2015-12-31 00:00:00,18.59,HF1509059488
MI/HB-A100/CDS90GN8B,2024-02-15 00:00:00,2022-07-29 00:00:00,18.59,341G198520225180100080
MI/HB-A60/CD30GN8B,2024-01-16 00:00:00,2022-06-29 00:00:00,18.59,341F743970524040100016
MI/MOU-55FN8-RD0,2025-03-19 00:00:00,2023-08-31 00:00:00,18.59,341D857570417300150015
MUE45HRN1-R,2017-04-26 00:00:00,2015-10-08 00:00:00,18.59,D200226810215708160003
MOV192HN1R,2019-03-31 00:00:00,2018-06-21 00:00:00,18.6,C702208260116819400001
H/TADR0281,2017-07-19 00:00:00,2015-12-30 00:00:00,18.63,HF1509059488
M/MOD30U-30HFN1-QRD0,2019-07-31 00:00:00,2018-01-10 00:00:00,18.63,2413621321177120160004
M/MSMBBU-18HRFN1-QD0,2016-09-23 00:00:00,2016-03-18 00:00:00,18.63,D212322230315117120055
MD/MOX33018HFN8QRD0N,2025-01-09 00:00:00,2023-06-22 00:00:00,18.63,540J548440534270860170
MDVD28G/N1-S,2015-09-30 00:00:00,2014-03-12 00:00:00,18.63,C703165120213A18400054
MI/HB-A100/CDS90GN8B,2024-02-27 00:00:00,2022-08-09 00:00:00,18.63,341F745640625230100056
MUZ-GC25VA,2014-11-13 00:00:00,2013-04-25 00:00:00,18.63,L20E7A0S2000344T
MI/HB-A60/CD30GN8B,2024-05-21 00:00:00,2022-10-31 00:00:00,18.66,341G198520125170100096
MI/MHA-V4W/D2N8-B,2024-05-21 00:00:00,2022-10-31 00:00:00,18.66,341F745770125240100014
MI/MOE30U-48HFN8RGA,2025-04-16 00:00:00,2023-09-26 00:00:00,18.66,541K642791037080150039
MI/X3-18N8D0-O,2023-04-30 00:00:00,2022-07-20 00:00:00,18.66,341D951380519070120004
MS12FU12HRDN1QRD0GW,2018-01-11 00:00:00,2016-06-22 00:00:00,18.66,2401653710364230850236
MX/NXRM-OD25B-1CH-P,2024-10-17 00:00:00,2023-03-29 00:00:00,18.66,340D300830215210810056
M/MDV-V200W/DRN1,2019-03-31 00:00:00,2017-09-08 00:00:00,18.69,C703875230317614400008
MD/MOBA3012HFN1QRD0,2018-03-02 00:00:00,2016-08-10 00:00:00,18.69,2401918420466210130021
MI/MHA-V16W/D2RN8-B,2024-01-31 00:00:00,2022-07-11 00:00:00,18.69,341F743970423240100054
MI/AG-09NXD1-IH,2024-04-18 00:00:00,2022-09-26 00:00:00,18.73,341D697460117220130132
MI/MVI-335WV2RN1(B),2025-05-15 00:00:00,2023-10-23 00:00:00,18.73,541K565080138180300015
MS11MU12HRFN1QROU,2015-03-06 00:00:00,2013-08-13 00:00:00,18.73,D202079610713520120038
MI/AG-18NXD0-IH,2024-01-16 00:00:00,2022-06-24 00:00:00,18.76,341D951380219020130077
MDV450(16WDRN1B,2017-04-24 00:00:00,2015-09-30 00:00:00,18.79,C703107590611B17400004
MI/MA-12N8D0-XO,2023-09-20 00:00:00,2022-02-25 00:00:00,18.79,341E353990419130810001
M/MI-22G/DHN1-M,2019-03-31 00:00:00,2018-06-18 00:00:00,18.8,C705578191318411400001
MCD18HRFN1QRD0,2019-03-31 00:00:00,2018-06-18 00:00:00,18.8,2411657880465090160038
MD/MOB3018HFN1QRD0GW,2019-06-30 00:00:00,2018-09-17 00:00:00,18.8,3406178660187070130104
MI/MHA-V8W/D2N8-B,2023-08-31 00:00:00,2022-11-18 00:00:00,18.8,341G280210128280100074
MI/MOBA03-09HFN1-QD0,2019-03-31 00:00:00,2018-06-18 00:00:00,18.8,2411792200266020130587
MI/M2OE-18HFN8-Q,2023-09-29 00:00:00,2023-03-22 00:00:00,18.81,541F727740224150150022
MI/MHC-V22W/D2RN8,2025-07-22 00:00:00,2023-12-27 00:00:00,18.82,341G837980132260100016
MI/MHC-V8W/D2N8-B2,2024-04-23 00:00:00,2022-09-28 00:00:00,18.82,341G288000127260100020
M/MSMBCU-18HRFN1-QD0,2018-06-11 00:00:00,2016-11-14 00:00:00,18.86,2411653771365100120174
MHG60HWFN1Q,2017-07-26 00:00:00,2015-12-30 00:00:00,18.86,D200226770615714160056
MI/HB-A100/CDS90GN8B,2025-05-06 00:00:00,2023-10-10 00:00:00,18.86,541J496120234260100063
MI/HB-A60/CD30GN8B,2024-03-18 00:00:00,2022-08-22 00:00:00,18.86,341F745640525230100093
MI/MHA-V8W/D2N8-B,2025-05-06 00:00:00,2023-10-10 00:00:00,18.86,541J519500135110100051
MI/MHC-V10W/D2N8-B2,2025-03-04 00:00:00,2023-08-08 00:00:00,18.86,541H985650135150100029
MI/MOX430U-24HFN8QGA,2025-01-23 00:00:00,2023-06-29 00:00:00,18.86,340F336730923120120014
MI/MV6-I615WV2GN1-E,2024-05-20 00:00:00,2023-08-07 00:00:00,18.86,341H20326012B270100009
MI/X4-24N8D0-OH,2024-07-16 00:00:00,2022-12-20 00:00:00,18.86,541G99507052A080120028
PUHY-HP200YHM-A,2014-03-26 00:00:00,2014-02-18 00:00:00,18.88,7GFYA53ZW02227
MI/MSMBBU12HRFN1QRD0,2017-04-04 00:00:00,2015-09-07 00:00:00,18.89,D212322230215115120081
MI/X1BP-09N8D0-O,2023-12-27 00:00:00,2022-05-31 00:00:00,18.89,341F647980223220810066
G/MPET54C0AC,2024-03-28 00:00:00,2022-08-30 00:00:00,18.92,22700466
MI/MSMADU24HRFN1QD0,2019-03-31 00:00:00,2017-09-01 00:00:00,18.92,2413811570776130870031
MI/X4-24N8D0-O,2024-04-17 00:00:00,2022-09-19 00:00:00,18.92,341F399810223300860028
M/MOB30U-18HFN1-QRD0,2019-03-31 00:00:00,2017-08-31 00:00:00,18.96,2403566170477090130015
MD/M4OB36HFN8Q,2023-04-30 00:00:00,2021-09-30 00:00:00,18.96,340D682410417240150007
MD/M4OB36HFN8Q,2023-04-30 00:00:00,2021-09-30 00:00:00,18.96,340D682410417240150009
MD/MSAFBU09HRDN8-X,2023-04-30 00:00:00,2021-09-30 00:00:00,18.96,340D531980117020130030
MD/MV5-E450W/V2GN1,2023-11-02 00:00:00,2022-04-04 00:00:00,18.96,34VE372811021060100002
MX/NXKG-V500,2023-10-30 00:00:00,2022-04-01 00:00:00,18.96,340E03091041A090100009
MI/HB-A100/CDS90GN8B,2024-02-27 00:00:00,2022-07-29 00:00:00,18.99,341F745640625230100049
MI/HB-A100/CDS90GN8B,2024-02-27 00:00:00,2022-07-29 00:00:00,18.99,341F745640625230100056
MI/HB-A100/CDS90GN8B,2024-02-27 00:00:00,2022-07-29 00:00:00,18.99,341F745640625230100088
MI/HB-A160/CDS90GN8B,2024-02-27 00:00:00,2022-07-29 00:00:00,18.99,341G198400325180100062
MI/M4O-36FN8-Q,2024-02-12 00:00:00,2022-07-14 00:00:00,18.99,341F402810523280150029
MI/MHA-V10W/D2N8-B,2024-02-27 00:00:00,2022-07-29 00:00:00,18.99,341G076700225170100021
MI/MUE-55HRFN1-QRD0,2017-12-08 00:00:00,2016-05-09 00:00:00,18.99,D210058980615323160015
MS12FU12HRDN1QRD0GW,2018-01-29 00:00:00,2016-06-30 00:00:00,18.99,2401440090364110120369
M/AHUKZ-01N1,2025-07-22 00:00:00,2023-12-21 00:00:00,19.02,C701423601116325400010
M/AHUKZ-01N1,2025-07-22 00:00:00,2023-12-21 00:00:00,19.02,C702096971216713400005
MD/MOBA3012HFN1QRD0,2018-01-22 00:00:00,2016-06-22 00:00:00,19.02,2401653710464220850011
MI/HB-A60/CD30GN8B,2024-02-27 00:00:00,2022-07-28 00:00:00,19.02,341G198520125170100059
M/MOC-09HFN1-QD1,2019-03-31 00:00:00,2017-08-28 00:00:00,19.05,D212322260315116150079
MD/AFBU12HRDNXQRD0,2025-06-30 00:00:00,2023-11-28 00:00:00,19.05,540J548440234280820518
MI/HB-A100/CDS90GN8B,2024-02-12 00:00:00,2022-07-12 00:00:00,19.05,341F743970624060100016
MI/HB-A160/CDS90GN8B,2024-03-18 00:00:00,2022-08-16 00:00:00,19.05,341G198400325180100054
MI/HBT-A100/190CD3B,2024-01-31 00:00:00,2022-06-30 00:00:00,19.05,341F745320124160300107
MI/MCD1-24HRFNX-GA,2024-10-30 00:00:00,2023-03-30 00:00:00,19.05,340D96495011A290160023
MD/MDV-071Q4/DN1,2024-02-29 00:00:00,2022-07-28 00:00:00,19.09,341E775990123240100135
MI/MSFAAU-09HRFN8,2023-12-27 00:00:00,2022-05-25 00:00:00,19.09,341D9395901180602A0064
MCA318HRFN1QRD0,2015-07-06 00:00:00,2015-04-14 00:00:00,19.11,D212319180215116160003
M/MSMBBU-18HRFN1-QD0,2017-09-21 00:00:00,2016-02-17 00:00:00,19.12,D210058950515319120011
M/MV5-X615W/V2GN1,2019-04-30 00:00:00,2018-07-13 00:00:00,19.12,C705847970418512400004
MI/MHC-V10W/D2N8-B2,2024-12-18 00:00:00,2023-05-16 00:00:00,19.12,341H31820022B180100011
MI/MHC-V16W/D2RN8-B2,2024-02-15 00:00:00,2022-07-13 00:00:00,19.12,341F749540324180100048
MSZ-SF50VE,2015-01-28 00:00:00,2013-06-25 00:00:00,19.12,L20E21JS3004236T
MCC24HRN1,2014-09-26 00:00:00,2013-02-20 00:00:00,19.15,D201497180112B04160009
MD/MOB0218HFN8QRD0,2023-06-30 00:00:00,2021-11-24 00:00:00,19.15,340D863010318050120111
MDVD22G/N1-S,2017-09-13 00:00:00,2016-02-08 00:00:00,19.15,C703226360915512400181
MI/HBT-A100/190CDS9B,2025-01-02 00:00:00,2023-05-30 00:00:00,19.15,341G347310128250300055
MI/M2OE-18HFN8-QH,2025-07-25 00:00:00,2023-12-20 00:00:00,19.15,541H677320131120150279
MDVD22G/N1-S,2019-07-31 00:00:00,2018-10-12 00:00:00,19.18,C703319880717309400049
MI/MSMBAU09HRFN1QRD0,2019-03-31 00:00:00,2018-06-12 00:00:00,19.18,3415242890182070840238
MTBI12HRDN1Q,2014-05-05 00:00:00,2013-07-17 00:00:00,19.18,C101336932011428130004
MD/MOX43124HFN8QRD0N,2025-01-09 00:00:00,2023-06-05 00:00:00,19.19,540J373470734070860011
MI/MHA-V6W/D2N8-B,2023-11-30 00:00:00,2022-04-25 00:00:00,19.19,341E958620321100100017
MI/HB-A60/CD30GN8B,2024-02-27 00:00:00,2022-07-22 00:00:00,19.22,341G198520125170100059
MI/X2-12N8D6-O,2025-04-29 00:00:00,2023-09-22 00:00:00,19.22,541K300140235160120024
MD/AFBU12HRDNXQRD0,2024-11-20 00:00:00,2023-04-14 00:00:00,19.25,540H571700431020130043
MD/AFDU24HRFN8QRD0,2024-10-14 00:00:00,2023-03-08 00:00:00,19.25,54V220000462B020860015
MI/HB-A60/CD30GN8B,2024-04-08 00:00:00,2022-08-31 00:00:00,19.25,341G198400125170100068
MI/MHC-V8W/D2N8-B2,2025-07-08 00:00:00,2023-11-30 00:00:00,19.25,341H11304022C020100056
MI/MCA3U12HRFN1QD0,2018-01-17 00:00:00,2017-03-30 00:00:00,19.26,2411657880165080160149
MSR23U18HRDN1QROU,2014-10-01 00:00:00,2013-12-12 00:00:00,19.26,D202079120813517120158
M/MDV-V160W/DRN1,2023-11-30 00:00:00,2022-04-22 00:00:00,19.28,341E318740322170100004
MI/MHA-V10W/D2N8-B,2024-01-31 00:00:00,2022-06-23 00:00:00,19.28,341F743970223240100014
MI/X4-24N8D0-OH,2024-07-29 00:00:00,2022-12-20 00:00:00,19.28,541G99507052A080120028
MD/M4OE28HFN8QAH,2025-05-09 00:00:00,2023-09-29 00:00:00,19.32,540K227550135240150045
MSR2324HRDN1Q8,2016-12-01 00:00:00,2015-04-22 00:00:00,19.35,D202179890114301120118
HX/NXERV-1500V1_ST2,2025-05-22 00:00:00,2024-07-31 00:00:00,19.38,F221080318
MI/MUE-55HRFN1-QRD0,2017-02-09 00:00:00,2015-06-30 00:00:00,19.38,D212322300615119160005
MI/MVI-260WV2RN1A,2023-05-31 00:00:00,2021-10-18 00:00:00,19.38,34VD665130916260100005
MX/NXHBT-A100/190CD9,2025-02-28 00:00:00,2023-07-19 00:00:00,19.38,341H584120132100300005
MD/MOB3112HFN1QRD0GW,2019-03-31 00:00:00,2017-08-17 00:00:00,19.42,2401713990465160150335
MD/MSAFBU09HRDN8-X,2023-07-31 00:00:00,2021-12-17 00:00:00,19.42,340D575030117150820038
MD/AFCU18HRFN8QRD0,2023-04-30 00:00:00,2022-07-08 00:00:00,19.44,340F327700421230850064
MI/CB1-18HRFN8-I,2025-07-15 00:00:00,2023-12-01 00:00:00,19.45,541K487830136100860089
MI/MHC-V10W/D2N8-B,2024-04-16 00:00:00,2022-09-02 00:00:00,19.45,341G287960126150100035
MI/MSMABU12HRDN1QD0,2019-03-31 00:00:00,2017-08-16 00:00:00,19.45,2413475890674300820186
MI/MVI-560WV2RN1(A),2025-07-08 00:00:00,2023-11-24 00:00:00,19.45,541K977470339050300008
MD/MOX33018HFN8QRD0N,2024-12-11 00:00:00,2023-04-28 00:00:00,19.48,540H852690132120830014
MD/CSTS-18R32IVT-IN,2024-07-16 00:00:00,2022-11-30 00:00:00,19.51,340F334690522220160063
MD/MOB3018HFN1QRD0GW,2018-02-19 00:00:00,2016-07-05 00:00:00,19.51,2401199390663160150034
MI/HB-A100/CDS90GN8B,2025-05-12 00:00:00,2023-09-26 00:00:00,19.51,341G27939022A110100075
MI/MUE-36HRFN1-QRD0,2019-06-30 00:00:00,2017-11-13 00:00:00,19.51,D212322300315119160010
MUE36HRFN1QRC8A,2017-01-30 00:00:00,2015-06-16 00:00:00,19.51,D202250480114730160029
MUZ-GE50VA,2014-10-28 00:00:00,2013-03-13 00:00:00,19.51,L20E9A5S2004831T
MD/AFBU09HRDN8QRD0,2024-06-11 00:00:00,2022-10-25 00:00:00,19.55,54V2200004328160840096
MD/AFCU18HRFN8QRD0,2024-01-16 00:00:00,2022-05-31 00:00:00,19.55,340F327700421230850149
MD/MOX33018HFN8QRD0N,2024-01-16 00:00:00,2022-05-31 00:00:00,19.55,340F327700521260830025
MI/HB-A160/CDS90GN8B,2024-08-13 00:00:00,2022-12-27 00:00:00,19.55,341G93451072A260100097
MI/HB-A60/CD30GN8B,2024-04-17 00:00:00,2022-08-31 00:00:00,19.55,341G198400125170100068
MI/MHA-V6W/D2N8-B,2024-01-16 00:00:00,2022-05-31 00:00:00,19.55,341E958620321110100015
MI/MI2-36Q4CDN1,2025-07-01 00:00:00,2023-11-14 00:00:00,19.55,341H13283022B090100045
MOV96HN1R,2017-02-02 00:00:00,2015-06-18 00:00:00,19.55,C703165120313A14400004
MX/NXKT3-V1000,2025-02-25 00:00:00,2023-07-11 00:00:00,19.55,540J409290135070100011
PUHZ-RP125VKA,2015-04-14 00:00:00,2013-08-27 00:00:00,19.55,L7H1N26S16U03732
PUHZ-RP125VKA,2015-04-14 00:00:00,2013-08-27 00:00:00,19.55,L7H1N26S17U03936
PUHZ-ZRP100VKA,2015-04-14 00:00:00,2013-08-27 00:00:00,19.55,L77JM01S35U02651
PUHZ-ZRP35VKA,2015-04-14 00:00:00,2013-08-27 00:00:00,19.55,L77JH01S35U02716
M4OA36HFN1Q,2016-06-07 00:00:00,2015-08-14 00:00:00,19.58,D212322270415122160014
MI/MHA-V8W/D2N8-B,2024-03-28 00:00:00,2022-08-10 00:00:00,19.58,341F915970225020100026
MI/MSMBAU09HRFN1QRD0,2019-03-31 00:00:00,2018-06-06 00:00:00,19.58,3415242890182070840182
MI/MV6-I450WV2GN1-E,2024-04-25 00:00:00,2022-09-07 00:00:00,19.58,341F742940425030100011
MSABDU18HRFN1QRD0GWB,2017-09-12 00:00:00,2016-11-18 00:00:00,19.58,2401199670763180120009
MX/NXKA-V850R,2023-05-19 00:00:00,2021-09-30 00:00:00,19.58,C701902700116622400001
M/MI-56Q4/DHN1-D,2019-03-31 00:00:00,2017-08-11 00:00:00,19.61,C702662711416C02400038
MD/MUE55HRFN1QRDA,2019-03-31 00:00:00,2017-08-11 00:00:00,19.61,2412149270868110160014
MDV252(8WDRN1B,2015-09-18 00:00:00,2014-01-29 00:00:00,19.61,C703126090812724400004
MD/MSAEBU12HRFNXQRD0,2019-03-31 00:00:00,2018-06-05 00:00:00,19.64,3405102330282070120137
MD/MOCA3024HFN1QRD0,2018-02-22 00:00:00,2016-07-04 00:00:00,19.65,2401302930863150870221
MI/MHA-V4W/D2N8-B,2024-06-07 00:00:00,2022-10-18 00:00:00,19.65,341G076700125240100033
MI/HBT-A100/240CDS9B,2025-06-16 00:00:00,2023-10-26 00:00:00,19.68,340G172950228130300008
MI/MHA-V14W/D2RN8-B,2024-11-26 00:00:00,2023-04-07 00:00:00,19.68,341H607680231020100010
MI/HB-A160/CDS90GN8B,2024-08-06 00:00:00,2022-12-15 00:00:00,19.71,341G83786062A110100032
MI/MHA-V10W/D2N8-B,2025-02-19 00:00:00,2023-06-30 00:00:00,19.71,341H58326032C280100010
MI/MHC-V4W/D2N8-B,2024-04-17 00:00:00,2022-08-26 00:00:00,19.71,341F749540124140100043
MI/MSMAAU09HRDN1QD0,2019-03-31 00:00:00,2017-08-08 00:00:00,19.71,2413475890474290810092
T-C1000E.EE.NT,2014-03-14 00:00:00,2013-08-26 00:00:00,19.71,153773005
MD/MDVI3-71C4VR12E,2025-05-27 00:00:00,2024-07-31 00:00:00,19.72,54VL775400641170300022
MD/MODA30HFN1QRDA,2019-03-31 00:00:00,2018-06-04 00:00:00,19.72,2403802140678200160012
MI/MOTS-41HFN1-QRD0A,2024-01-16 00:00:00,2023-03-22 00:00:00,19.72,341F922280428160100004
MI/MI2-22Q4CDN1,2024-08-23 00:00:00,2022-12-31 00:00:00,19.74,341C325460112260100089
MS12FU18HRFN1QRD0GW,2017-11-08 00:00:00,2016-03-17 00:00:00,19.74,2400827550561160120037
MI/MCA3-18HRFN1-QD0,2019-07-31 00:00:00,2017-12-06 00:00:00,19.78,2411657880365090160005
MI/MCD1-55HRFNX-GA,2024-05-17 00:00:00,2022-09-23 00:00:00,19.78,341F654840223230160018
MI/MCD1-55HRFNX-GA,2024-05-17 00:00:00,2022-09-23 00:00:00,19.78,341F654840223230160022
MI/MCD1-55HRFNX-GA,2024-05-17 00:00:00,2022-09-23 00:00:00,19.78,541F381520524140160002
PUHZ-P140VHA,2014-07-31 00:00:00,2013-10-03 00:00:00,19.78,7H1P610G 2F00995
MD/AHPM-V12W/D2RN8,2024-06-25 00:00:00,2022-10-31 00:00:00,19.81,34VG261690328080100020
MD/MSAFBU12HRDNX-X,2023-11-02 00:00:00,2022-03-09 00:00:00,19.81,340D577700317240820143
MI/M4OE-28HFN1-Q,2019-07-31 00:00:00,2017-12-05 00:00:00,19.81,2411657690365130160014
M/MI-28Q4/DHN1-A3,2019-03-31 00:00:00,2017-08-04 00:00:00,19.84,C703719000217516400017
MDVD56G/N1Y-C,2016-12-23 00:00:00,2015-04-29 00:00:00,19.84,C703056102910201400001
MI/AG-12NXD1-I,2023-08-31 00:00:00,2022-11-02 00:00:00,19.84,341D668370217150130166
MOU51HN1RB6W,2017-05-26 00:00:00,2015-09-30 00:00:00,19.84,D202251770714730160010
MI/MI2-28Q4CDN1,2025-06-30 00:00:00,2023-11-03 00:00:00,19.88,341D068470313240100097
T-C1500E.EE.NT,2017-12-28 00:00:00,2017-02-28 00:00:00,19.9,195021002
M/MI-15T2/DHN1-DA5,2017-09-22 00:00:00,2016-01-25 00:00:00,19.91,C703218302015328400003
M/MOB01-12HFN1-QD0W,2017-05-05 00:00:00,2015-09-07 00:00:00,19.91,D212322230615113130027
MI/AG-12NXD1-IH,2025-03-04 00:00:00,2023-07-07 00:00:00,19.91,541H640610131030130072
MI/AG-18NXD0-IH,2025-03-04 00:00:00,2023-07-07 00:00:00,19.91,541H54331092C250130023
MI/MHC-V12W/D2RN8-B2,2024-10-22 00:00:00,2023-02-24 00:00:00,19.91,341H31822012C080100005
MI/MSMADU24HRFN1QD0,2019-03-31 00:00:00,2017-08-02 00:00:00,19.91,2413476010275090870003
M/MSMBBU-18HRFN1-QD0,2017-11-14 00:00:00,2016-03-17 00:00:00,19.94,D212322230315117120003
MDV252(8WDRN1B,2015-09-28 00:00:00,2014-01-29 00:00:00,19.94,C703126090812724400004
MI/MSMACU18HRFN1QD0,2018-03-19 00:00:00,2016-07-20 00:00:00,19.94,2411698870565040120116
MUE36HRFN1QRC8A,2017-04-26 00:00:00,2015-08-28 00:00:00,19.94,D202263650214909160007
MUZ-SF50VE,2016-01-04 00:00:00,2014-05-07 00:00:00,19.94,L20E2C3S4000589T
MD/M4OB36HFN8Q,2023-05-31 00:00:00,2021-09-30 00:00:00,19.97,340D682410417240150009
MD/MSAFAU09HRDN1QRD0,2019-03-31 00:00:00,2017-07-31 00:00:00,19.97,2403496420174180820010
MI/HB-A100/CDS90GN8B,2025-01-21 00:00:00,2023-05-24 00:00:00,19.97,341H58326052C270100002
MI/HB-A160/CDS90GN8B,2024-11-20 00:00:00,2023-03-23 00:00:00,19.97,341H10751072B260100069
MI/HB-A60/CD30GN8B,2024-04-16 00:00:00,2022-08-17 00:00:00,19.97,341F745640525230100052
MI/MCA3U-18HRFNX-GA,2024-10-28 00:00:00,2023-02-28 00:00:00,19.97,541F381210224140160034
MI/MHA-V4W/D2N8-B,2024-04-16 00:00:00,2022-08-17 00:00:00,19.97,341G076700125240100007
MI/MI2-18Q1DN1,2024-09-12 00:00:00,2023-01-13 00:00:00,19.97,341H10486062B010100089
MI/MI2-18Q1DN1,2024-09-12 00:00:00,2023-01-13 00:00:00,19.97,341H10486062B010100150
MI/MI2-18Q1DN1,2024-09-12 00:00:00,2023-01-13 00:00:00,19.97,341H10486062B010100265
MI/MOX330U-18HFN8QGA,2024-10-28 00:00:00,2023-02-28 00:00:00,19.97,541H36103042B240120059
M/MI-280T1/DHN1-B,2018-06-05 00:00:00,2017-11-14 00:00:00,20.009999999999998,C703152160917221400004
MI/HBT-A160/240CDS9B,2023-12-27 00:00:00,2022-04-27 00:00:00,20.01,341E960100321170300019
MI/MA-12N8D0-XO,2023-11-30 00:00:00,2022-03-31 00:00:00,20.01,341E353990419120810498
MI/MA-18NXD0-I,2023-11-30 00:00:00,2022-03-31 00:00:00,20.01,341E44938011A080850099
MI/MSMADU24HRFN1QD0,2018-02-20 00:00:00,2016-06-21 00:00:00,20.01,2411323790764110120074
MI/X4-24N8D0-OH,2024-07-31 00:00:00,2022-11-30 00:00:00,20.01,541G99507052A080120050
MX/NXKH2-V350-R3,2025-05-16 00:00:00,2023-09-15 00:00:00,20.01,340G158450626060100015
MCA2U12HRFN1QRC8,2016-06-29 00:00:00,2014-10-28 00:00:00,20.04,D202236650214619160020
MD/AEDU24HRFNXQRD0,2023-07-31 00:00:00,2022-09-29 00:00:00,20.04,540F405040724260130024
MI/MA-09N8D0-XO,2024-07-19 00:00:00,2022-11-17 00:00:00,20.04,341D237890217190820086
MI/MA-24N8D0-O,2019-05-31 00:00:00,2018-07-30 00:00:00,20.04,3415868310286010870009
MI/MHA-V6W/D2N8-B,2024-01-31 00:00:00,2022-05-31 00:00:00,20.04,341E958620321110100015
MI/MOB01-12HFN8,2023-10-20 00:00:00,2022-02-17 00:00:00,20.04,341E38159021A080120088
MI/MSFAAU-12HRFN8,2023-10-20 00:00:00,2022-02-17 00:00:00,20.04,341D9395902180602A0021
MD/MSAEBU12HRFN1QRD0,2019-06-30 00:00:00,2017-10-27 00:00:00,20.07,2403267950473090120076
MI/MOBA03-12HFN1-QD0,2019-07-31 00:00:00,2017-11-27 00:00:00,20.07,2413811570476190860118
MCD55HRFN1QRD0,2019-03-31 00:00:00,2018-05-29 00:00:00,20.1,D210058971015323160010
MD/MSAFCU18HRFN8QRD0,2019-06-30 00:00:00,2018-08-28 00:00:00,20.1,3405532540585110820004
MX/NX3OA-27HFN8-QH,2025-04-02 00:00:00,2024-05-31 00:00:00,20.1,540G168390426040150075
M/MOD30U-30HFN1-QRD0,2018-06-04 00:00:00,2016-09-30 00:00:00,20.11,2411797620966140160001
MD/AHB-A60/CD3,2025-06-02 00:00:00,2023-09-29 00:00:00,20.11,341F745640525230100095
MI/MSMACU18HRFN1QD0,2019-06-30 00:00:00,2017-10-26 00:00:00,20.11,2413475890875150810048
MSG36HRN1RB9,2015-09-14 00:00:00,2014-01-10 00:00:00,20.11,D202048430113321130020
PUHZ-ZRP140YKA,2016-04-25 00:00:00,2014-08-22 00:00:00,20.11,L77JP02S23U01514
MS12FU24HRFN1QRD0GW,2018-01-23 00:00:00,2016-05-20 00:00:00,20.14,2401302930763270860019
MD/MOX13312HFN8QRD0N,2024-10-21 00:00:00,2023-02-15 00:00:00,20.17,54V220000442B040850171
MX/NXKT3-V300,2025-06-18 00:00:00,2023-10-13 00:00:00,20.17,340A478211305080100007
COMPACT 230,2017-05-15 00:00:00,2016-07-12 00:00:00,20.18,0920130134
MI/M3O-27FN8-Q,2019-03-31 00:00:00,2018-05-28 00:00:00,20.18,3415391990283170160005
MI/MSMABU12HRDN1QD0,2019-03-31 00:00:00,2018-05-28 00:00:00,20.18,2411792200365300120005
MI/HB-A60/CD30GN8B,2024-03-28 00:00:00,2022-07-22 00:00:00,20.2,341G198520125170100050
MI/MHA-V10W/D2N8-B,2023-11-30 00:00:00,2022-03-25 00:00:00,20.2,341E78514041C250100018
M4OA36HFN1Q,2014-09-17 00:00:00,2013-11-13 00:00:00,20.24,D202079140413518160022
MCD18HRFN1QRC8,2017-06-08 00:00:00,2015-10-01 00:00:00,20.24,D200226390115708160018
MD/AECU18HRFNXQRD0,2024-05-08 00:00:00,2022-08-31 00:00:00,20.24,540F405040524240130166
MI/AGBP-09NXD0-I,2025-05-08 00:00:00,2023-08-31 00:00:00,20.24,541F677890125070810852
MI/MHC-V12W/D2RN8-B2,2024-05-08 00:00:00,2022-08-31 00:00:00,20.24,341F920330325050100021
MSR23U12HRDN1QROU,2015-09-07 00:00:00,2013-12-30 00:00:00,20.24,D202079120613515120021
MUE36HRFN1QRC8A,2017-05-05 00:00:00,2015-08-28 00:00:00,20.24,D202263650214909160007
MUE36HRFN1QRC8A,2017-05-05 00:00:00,2015-08-28 00:00:00,20.24,D202263650214909160009
MI/MSMADU24HRFN1QD0,2018-03-07 00:00:00,2016-06-28 00:00:00,20.27,2411323790764110120009
MCD48HRFN1QC2,2014-08-28 00:00:00,2013-10-23 00:00:00,20.3,D202096130113710160003
MI/MVI-224WV2RN1A,2023-08-31 00:00:00,2021-12-20 00:00:00,20.34,341E06601061A060100008
MUZ-EF42VE,2016-01-28 00:00:00,2014-05-19 00:00:00,20.34,L20E3D2S3002098T
M/MI-36G/DHN1-S,2025-08-07 00:00:00,2024-10-01 00:00:00,20.36,C703329250117303400035
MI/MOBA03-12HFN1-QD0,2019-03-31 00:00:00,2018-05-25 00:00:00,20.36,241291495046C130130157
PUHZ-SHW230YKA,2014-02-13 00:00:00,2013-04-09 00:00:00,20.36,L7HJS01S2XU00029
MD/CSTS-12R32IVT-IN,2023-06-12 00:00:00,2021-09-30 00:00:00,20.37,340D930020417230160062
MD/M5OD42HFN8Q,2023-07-31 00:00:00,2021-11-18 00:00:00,20.37,340D993260519020150015
MD/M4OB36HFN8QA,2024-05-13 00:00:00,2022-08-31 00:00:00,20.4,340F405980223030150010
MI/HB-A160/CDS90GN8B,2024-04-24 00:00:00,2022-08-12 00:00:00,20.4,341G198400325180100015
MI/HB-A160/CGN8-B,2023-04-30 00:00:00,2021-08-17 00:00:00,20.4,341D367740615130100036
MS12FU24HRFN1QRD0GW,2018-01-31 00:00:00,2016-05-20 00:00:00,20.4,2401302930763270860019
MSR23U12HRDN1QROU,2016-03-21 00:00:00,2014-07-09 00:00:00,20.4,D202132210913B01130013
DX/NXACC101000AV2,2024-01-16 00:00:00,2022-05-04 00:00:00,20.43,CKM017A21112400116
G-LSE374FS,2017-06-13 00:00:00,2015-09-30 00:00:00,20.43,HF1506056950
M/MV5-X500W/V2GN1,2019-06-30 00:00:00,2017-10-16 00:00:00,20.43,C703152110917218400004
MDVD36G/N1-S,2015-03-10 00:00:00,2013-06-26 00:00:00,20.43,C703102640411914400004
MOU36HFN1QRC4,2015-10-14 00:00:00,2014-01-30 00:00:00,20.43,D202132220513A24160001
MD/MOB3018HFN1QRD0GW,2018-03-20 00:00:00,2016-07-05 00:00:00,20.47,2401199390663160150034
MDV252(8WDRN1B,2015-10-14 00:00:00,2014-01-29 00:00:00,20.47,C703126090812724400004
MDVD28Q4/N1-A2,2016-10-31 00:00:00,2015-02-16 00:00:00,20.47,C703076480110C21400013
MI/AGBP-09NXD0-I,2025-03-25 00:00:00,2023-07-11 00:00:00,20.47,541F677890125070810668
MI/HB-A100/CDS90GN8B,2024-04-08 00:00:00,2022-07-25 00:00:00,20.47,341G198400225170100002
MI/HB-A100/CDS90GN8B,2024-04-24 00:00:00,2022-08-10 00:00:00,20.47,341G198520225180100093
MI/HBT-A100/190CDS9B,2024-12-13 00:00:00,2023-03-31 00:00:00,20.47,341G347310128250300058
MI/MTI-24HWFNX-GA,2024-07-02 00:00:00,2022-10-18 00:00:00,20.47,340F337440223070160006
MI/X3BP-18N8D0-O,2025-02-11 00:00:00,2023-05-30 00:00:00,20.47,541H852020232100830376
PU-P125YHA,2015-08-13 00:00:00,2013-11-28 00:00:00,20.47,7H1F519G 2H00323
MI/M5OE-42HFN8-QH,2025-07-23 00:00:00,2023-11-07 00:00:00,20.5,541J609560335050150012
MI/MCD-55HRFN1-QD0,2019-03-31 00:00:00,2018-05-23 00:00:00,20.5,D210058971015323160017
MCA2U12HRFN1QRC8,2016-07-14 00:00:00,2014-10-28 00:00:00,20.53,D202236650214619160020
MI/MOD30U-36HFN8QGA,2024-06-05 00:00:00,2022-09-19 00:00:00,20.53,341F380670522190150008
M/MOD30U-30HFN1-QRD0,2019-03-31 00:00:00,2018-05-22 00:00:00,20.56,2413245420273210160014
MDVD36Q4/N1-A3,2019-03-31 00:00:00,2018-05-22 00:00:00,20.56,C705468821018316400015
MI/M3OE-27HFN1-Q,2019-04-30 00:00:00,2018-06-21 00:00:00,20.56,2401170761063210160041
MI/HB-A60/CD30GN8B,2024-04-08 00:00:00,2022-07-22 00:00:00,20.57,341G198400125170100068
MS12FU24HRFN1QRD0GW,2018-02-05 00:00:00,2016-05-20 00:00:00,20.57,2401302930763270860019
MSZ-HJ50VA,2016-02-25 00:00:00,2014-06-09 00:00:00,20.57,L20E43YS4000880T
MI/HBT-A100/190CDS9B,2024-12-17 00:00:00,2023-03-31 00:00:00,20.6,341G347310128250300052
MI/MSMABU12HRDN1QD0,2019-03-31 00:00:00,2017-07-12 00:00:00,20.6,2413475890674300820195
MD/AFBU09HRFN8QRD1,2025-04-10 00:00:00,2024-09-13 00:00:00,20.61,54VP420580145040840425
MDVD22Q4/N1-A3,2015-07-06 00:00:00,2013-10-16 00:00:00,20.63,C703137680713109400008
MI/HB-A100/CDS90GN8B,2024-04-16 00:00:00,2022-07-28 00:00:00,20.63,341G198400225170100070
MI/MI2-22GDN1,2025-06-11 00:00:00,2023-09-22 00:00:00,20.63,341G45896012B240100056
MI/MOBA03-12HFN1-QD0,2019-03-31 00:00:00,2017-07-11 00:00:00,20.63,2413475890774270830025
MD/AFDU24HRFN8QRD0,2023-06-06 00:00:00,2022-07-27 00:00:00,20.64,340F338320723090850068
MD/MSAEAU09HRFNXQRD0,2019-03-31 00:00:00,2018-05-21 00:00:00,20.64,3405102330182060120052
MD/MSAEAU09HRFNXQRD0,2019-03-31 00:00:00,2018-05-21 00:00:00,20.64,3405102330182060120057
M/MOE30U-55HFN1-RRD0,2019-06-30 00:00:00,2017-10-09 00:00:00,20.66,2413972771178110160007
MI/HB-A160/CDS90GN8B,2024-02-27 00:00:00,2022-06-08 00:00:00,20.66,341F743970724060100006
MI/HB-A160/CDS90GN8B,2025-04-24 00:00:00,2023-08-04 00:00:00,20.66,341G93451072A260100095
MI/MHA-V16W/D2RN8-B,2024-02-27 00:00:00,2022-06-08 00:00:00,20.66,341F743970423240100014
MS12F818HRFN1C8,2017-03-20 00:00:00,2015-06-30 00:00:00,20.66,D200073040515407120147
MDV252(8WD1RN1C,2014-05-07 00:00:00,2013-06-26 00:00:00,20.7,C703129070912903400001
MI/HB-A60/CD30GN8B,2024-10-22 00:00:00,2023-01-31 00:00:00,20.7,341F745640525230100079
MI/MHC-V18W/D2RN8,2024-12-19 00:00:00,2023-03-30 00:00:00,20.7,341F743970831290100002
M/MI-45Q4/DHN1-A3,2019-05-31 00:00:00,2017-09-07 00:00:00,20.73,C701747951516512400008
M/MSABBU-12HRDN1-QC8,2017-11-08 00:00:00,2016-02-16 00:00:00,20.73,D210058920415328120028
MI/MV6-R400WV2RN1,2024-10-23 00:00:00,2023-01-31 00:00:00,20.73,341F922070425200100007
MS12F812HRDN1C8,2016-03-31 00:00:00,2014-07-09 00:00:00,20.73,D202212880214504120455
M/MKF5-300,2017-01-10 00:00:00,2016-02-29 00:00:00,20.76,C703250441115B03400006
MI/MHC-V12W/D2RN8-B,2023-06-30 00:00:00,2021-10-06 00:00:00,20.76,341D367740816030100009
MI/X3BP-18N8D0-O,2025-02-20 00:00:00,2023-05-30 00:00:00,20.76,541H852020232100830376
MOU51HN1RB6W,2016-04-11 00:00:00,2015-05-31 00:00:00,20.76,D202201950414414160050
MX/NXHPM-V10W/D2N8,2024-11-22 00:00:00,2023-02-28 00:00:00,20.8,341G93008012B120100024
MS12FU24HRFN1QRD0GW,2018-02-13 00:00:00,2016-05-20 00:00:00,20.83,2401302930763270860019
M/MOZ-12HFN1-QD0,2017-03-13 00:00:00,2015-06-17 00:00:00,20.86,D212322500515112130007
MI/HB-A100/CDS90GN8B,2024-04-24 00:00:00,2022-07-29 00:00:00,20.86,341G198520225180100093
MI/HB-A60/CD30GN8B,2024-04-17 00:00:00,2022-07-22 00:00:00,20.86,341G198400125170100068
MI/X1BP-09N8D0-O,2025-06-09 00:00:00,2023-09-13 00:00:00,20.86,341F647980223220810283
MI/X4-24N8D0-OH,2024-06-04 00:00:00,2022-09-08 00:00:00,20.86,341E70696021B030850054
COMPACT 230,2017-05-26 00:00:00,2016-07-12 00:00:00,20.9,0920130134
M/MKT3-400FG30,2019-04-30 00:00:00,2018-06-15 00:00:00,20.96,C703725551417508400009
M/MV5-X450W/V2GN1,2018-05-17 00:00:00,2016-08-17 00:00:00,20.96,C703258981316109400005
MI/HB-A60/CD30GN8B,2025-01-27 00:00:00,2023-04-30 00:00:00,20.96,341F745640525230100039
MI/MHC-V18W/D2RN8,2024-12-27 00:00:00,2023-03-30 00:00:00,20.96,341F743970831290100002
MOU51HN1RB6W,2016-04-14 00:00:00,2015-05-31 00:00:00,20.96,D202201950414414160050
M/MOZ-12HFN1-QD0,2017-03-17 00:00:00,2015-06-17 00:00:00,20.99,D212322500515112130007
MOU51HN1RB6W,2016-02-04 00:00:00,2015-09-29 00:00:00,21,D202251770714730160028
M/MDV-V140W/DN1,2017-08-16 00:00:00,2016-09-30 00:00:00,21.02,C703209721615104400009
M/MOD30U-30HFN1-QRD0,2019-03-31 00:00:00,2018-05-15 00:00:00,21.02,2413621320677120160014
M/MOZ-12HFN1-QD0,2017-11-17 00:00:00,2016-02-16 00:00:00,21.02,D210234490415722130075
MCA3I09HRFN1QRC8,2019-03-31 00:00:00,2017-06-29 00:00:00,21.02,240246904076A070160008
MS12FU12HRDN1QRD0GW,2017-05-16 00:00:00,2016-06-30 00:00:00,21.02,2401302930363260810453
LGH-50RX5,2015-04-02 00:00:00,2014-10-24 00:00:00,21.04,54675414070096P
M/MUE-48HRFN1-Q(A),2017-03-20 00:00:00,2015-06-18 00:00:00,21.06,D212322300415119160002
MD/AEBU12HRFN8QRD6,2024-06-24 00:00:00,2022-09-22 00:00:00,21.06,340F334220321190130076
MI/MUE-55HRFN1-QRD0,2017-10-02 00:00:00,2015-12-31 00:00:00,21.06,D210058980615323160001
MI/X1BP-09N8D0-O,2025-07-14 00:00:00,2023-10-12 00:00:00,21.06,541F678650224220840429
M/MI-22G/DHN1-S,2019-07-31 00:00:00,2017-10-27 00:00:00,21.09,C703247530315A10400185
MI/MUE-55HRFN1-QRD0,2017-10-03 00:00:00,2015-12-31 00:00:00,21.09,D210058980615323160001
MI/MUE-55HRFN1-QRD0,2017-10-03 00:00:00,2015-12-31 00:00:00,21.09,D210058980615323160011
MS12FU12HRDN1QRD0GW,2018-03-26 00:00:00,2016-06-22 00:00:00,21.09,2401653710364230850261
MX/NXHPM-V16W/D2RN8,2025-07-09 00:00:00,2023-10-06 00:00:00,21.09,34VH537380231020100006
MX/NXRHP-25AWM-1A,2019-03-31 00:00:00,2017-06-27 00:00:00,21.09,2403611650774170810152
MHA150HWN1,2016-09-29 00:00:00,2015-11-13 00:00:00,21.1,C703188460114607400005
G-LSE374FS,2017-07-04 00:00:00,2015-09-30 00:00:00,21.12,HF1506056950
MDVV260WDRN1,2017-12-06 00:00:00,2016-03-03 00:00:00,21.12,C703228640515512400014
MI/MA-18NXD0-I,2023-05-31 00:00:00,2021-08-26 00:00:00,21.12,341C612920515180860030
MLZ-KA50VA,2014-12-16 00:00:00,2013-03-13 00:00:00,21.12,L5F3G16S101959
HX/NXERV-800V1_ST2,2024-08-16 00:00:00,2023-09-29 00:00:00,21.16,F221060118
M/MOB01-12HFN1-QD0W,2017-06-02 00:00:00,2015-08-28 00:00:00,21.16,D212322230615113130085
MI/MCA3U-12HRFNX-GA,2024-07-10 00:00:00,2022-10-05 00:00:00,21.16,341F559330123290160048
MI/X1BP-12N8D0-O,2024-07-11 00:00:00,2022-10-06 00:00:00,21.16,341F401970823190810189
PEFY-P32VMA-E,2014-10-15 00:00:00,2013-11-27 00:00:00,21.16,7HFC33G 3G02225
MI/AHUKZ-03DM,2024-05-31 00:00:00,2022-08-25 00:00:00,21.19,341F218521121080100050
MUZ-FD50VA,2015-11-26 00:00:00,2014-02-19 00:00:00,21.19,L20E9C6S2000247T
T-C1000E.EE.NT,2018-02-15 00:00:00,2016-05-11 00:00:00,21.19,185295010
MDVD28T2/N1-DA5,2017-03-09 00:00:00,2016-10-31 00:00:00,21.200000000000003,C702208260416823400003
MDVD28G/N1-S,2017-04-06 00:00:00,2015-06-30 00:00:00,21.22,C703223070715404400012
MI/MCD1-42HRFN8-GA,2024-04-30 00:00:00,2023-06-12 00:00:00,21.22,541H53067012C150160016
MI/MOB02-18HFN1-QD0W,2019-03-31 00:00:00,2017-06-23 00:00:00,21.22,2411785860665270150100
MI/MSMACU18HRFN1QD0,2019-03-31 00:00:00,2017-06-23 00:00:00,21.22,241291495056C150120044
M3OD26HFN1Q,2017-06-22 00:00:00,2015-09-14 00:00:00,21.25,D212309890115103160017
MI/MHA-V6W/D2N8-B,2024-11-08 00:00:00,2023-01-31 00:00:00,21.25,341G076700125240100060
MI/MI2-17GDN1,2024-08-23 00:00:00,2022-11-15 00:00:00,21.25,341F915980529070100064
MI/X1BPW-12N8D0-OH,2025-05-08 00:00:00,2023-07-31 00:00:00,21.25,541H704500232030830008
MD/M5OE42HFN8QA,2024-02-27 00:00:00,2022-05-20 00:00:00,21.29,340F336730223100150003
MD/MSAEBU12HRFN1QRD0,2018-06-11 00:00:00,2016-09-01 00:00:00,21.29,2401713990365170120029
MI/HBT-A160/240CDS9B,2025-01-07 00:00:00,2023-03-31 00:00:00,21.29,341G347050227210300009
MI/MHA-V8W/D2N8-B,2025-02-04 00:00:00,2023-04-28 00:00:00,21.29,341G93451012A260100017
MSZ-HJ50VA,2016-03-18 00:00:00,2014-06-09 00:00:00,21.29,L20E43YS4000880T
MXZ-4C80VA,2015-01-27 00:00:00,2013-04-19 00:00:00,21.29,L5F4G72S290255
PLA-RP140BA,2015-08-04 00:00:00,2013-10-25 00:00:00,21.29,7G7G001G 3E00760
MD/MSAFBU12HRDNX-XW,2023-04-30 00:00:00,2021-07-20 00:00:00,21.32,340C613310613260820270
MI/X4-24N8D0-O,2023-07-31 00:00:00,2021-10-20 00:00:00,21.32,341B040131207270120036
MD/AHB-A160/CD9,2025-01-09 00:00:00,2023-03-31 00:00:00,21.35,34VH34446032B270100032
MD/MSAEBU12HRFN1QRD0,2019-06-30 00:00:00,2017-09-18 00:00:00,21.35,2401713990365170120262
MI/MHC-V6W/D2N8-B,2024-04-22 00:00:00,2022-07-12 00:00:00,21.35,341F749480124030100029
MI/MI2-45Q4CDN1,2023-08-31 00:00:00,2021-11-19 00:00:00,21.35,341D068470413240100008
MSR23U09HRDN1QR,2015-08-12 00:00:00,2013-10-31 00:00:00,21.35,D202107830113718120487
PLA-RP140BA,2015-08-06 00:00:00,2013-10-25 00:00:00,21.35,7G7G001G 3E00760
MI/MCD-24HRFN1-Z-QD0,2019-03-31 00:00:00,2018-05-10 00:00:00,21.36,2413244870473050160093
MDVV260WDRN1,2017-12-14 00:00:00,2016-03-03 00:00:00,21.39,C703228640515512400014
MI/X1BPW-12N8D0-OH,2025-05-12 00:00:00,2023-07-31 00:00:00,21.39,541H704500232030830008
MSR2412HRDN1C8,2017-06-23 00:00:00,2015-09-11 00:00:00,21.39,D200101970315504120049
MD/MOB3112HFN1QRD0GW,2019-03-31 00:00:00,2018-05-09 00:00:00,21.42,2401713990465160150171
MD/MSAEAU09HRFNXQRD0,2019-03-31 00:00:00,2018-05-09 00:00:00,21.42,3405102330182060120156
MDVD28G/N1-S,2017-04-12 00:00:00,2015-06-30 00:00:00,21.42,C703223070715404400012
MI/MOBA03-09HFN1-QD0,2019-04-30 00:00:00,2018-06-08 00:00:00,21.42,2411792200266020130140
PUHZ-SHW80VHA,2016-01-14 00:00:00,2014-04-02 00:00:00,21.42,L7HJL01S39U011762
M/MKH2-V350F-R4,2023-08-31 00:00:00,2021-11-16 00:00:00,21.45,341D106450514140100007
HX/NXERV-500V1_ST2,2025-05-21 00:00:00,2024-06-28 00:00:00,21.48,F231044655
HX/NXERV-650V1,2024-10-22 00:00:00,2023-11-30 00:00:00,21.48,F201050401
MD/AHB-A160/CD9,2025-01-13 00:00:00,2023-03-31 00:00:00,21.48,34VH34446032B270100032
MD/MSAEAU09HRFNXQRD0,2019-03-31 00:00:00,2018-05-08 00:00:00,21.48,3405102330182060120021
PLA-RP140BA,2015-08-10 00:00:00,2013-10-25 00:00:00,21.48,7G7G001G 3E00760
MI/HB-A100/CDS90GN8B,2024-04-19 00:00:00,2022-07-04 00:00:00,21.52,341F743970624060100065
MI/M3OE-27HFN1-Q,2019-03-31 00:00:00,2017-06-14 00:00:00,21.52,2411657690265180160004
MI/MHC-V12W/D2RN8-B2,2024-11-06 00:00:00,2023-01-20 00:00:00,21.55,341G84735022A050100041
MI/MI2-28GDN1,2025-06-11 00:00:00,2023-08-25 00:00:00,21.55,341G45906022C140100012
MD/MSAEAU09HRFNXQRD0,2019-03-31 00:00:00,2018-05-07 00:00:00,21.56,3405102330182060120148
MS12FU12HRDN1QRD0GW,2017-05-16 00:00:00,2016-06-22 00:00:00,21.56,2401653710364230850001
M/MSMBDU-24HRFN1-QD0,2019-03-31 00:00:00,2017-06-12 00:00:00,21.58,2411334130763290120007
MD/MOBA3012HFN1QRD0,2018-05-29 00:00:00,2016-08-10 00:00:00,21.58,2401918420466210130034
MI/MHC-V4W/D2N8-B,2024-04-17 00:00:00,2022-06-30 00:00:00,21.58,341F749540124140100043
MI/MI2-17GDN1,2024-09-02 00:00:00,2022-11-15 00:00:00,21.58,341F915980529070100064
MI/MOE30U-55HFN8RGA,2024-03-18 00:00:00,2022-05-31 00:00:00,21.58,341F380330822170150029
MDVV260WDRN1,2016-07-19 00:00:00,2014-09-30 00:00:00,21.62,C703193030914722400001
MI/MHC-V10W/D2N8-B2,2025-03-04 00:00:00,2023-05-16 00:00:00,21.62,341H31820022B180100011
MI/MHC-V12W/D2RN8-B,2024-01-31 00:00:00,2023-03-08 00:00:00,21.62,341G84745022B010100062
MSR112HRN1QC2,2015-05-27 00:00:00,2013-08-07 00:00:00,21.62,D202084010113527120041
M50A36HRDN1Q,2015-06-30 00:00:00,2013-09-09 00:00:00,21.65,D201455520412606160017
MHG48HWFN1Q,2016-07-20 00:00:00,2014-09-30 00:00:00,21.65,D202212890214504160013
MI/MCA3U-12HRFNX-GA,2024-05-17 00:00:00,2022-07-28 00:00:00,21.65,541F381210124140160044
MI/MHA-V10W/D2N8-B,2024-03-28 00:00:00,2022-06-08 00:00:00,21.65,341F743970223240100068
MI/MHC-V12W/D2RN8-B2,2024-05-08 00:00:00,2022-07-19 00:00:00,21.65,341F920520224280100015
MI/MUE-18HRFN1-QRD0,2018-03-30 00:00:00,2016-06-09 00:00:00,21.65,2411201120863170160005
MI/X4-24N8D0-O,2023-12-27 00:00:00,2022-03-08 00:00:00,21.65,341E49068081A130850015
M/MKT3-1400G30,2017-06-01 00:00:00,2016-07-06 00:00:00,21.68,C703250441015A27400006
M/MOCA30U-24HFN1-QD0,2019-05-31 00:00:00,2017-08-09 00:00:00,21.68,2413245420173230150027
MD/CSTS-12R32IVT-IN,2025-06-26 00:00:00,2023-09-05 00:00:00,21.68,540K319460135190160020
MI/AGBP-09NXD0-I,2025-07-03 00:00:00,2023-09-12 00:00:00,21.68,541F677890125070810072
MI/MCA3U-18HRFNX-GA,2025-07-02 00:00:00,2023-09-11 00:00:00,21.68,541K719800137100160101
MI/MHA-V16W/D2RN8-B,2023-07-18 00:00:00,2022-08-22 00:00:00,21.68,341E858940121070100012
MI/MHA-V4W/D2N8-B,2024-06-07 00:00:00,2022-08-17 00:00:00,21.68,341G076700125240100033
MI/MOBA03-12HFN1-QD0,2019-03-31 00:00:00,2017-06-09 00:00:00,21.68,2413336890774030850263
MS12F824HRDN1C8OU,2017-06-09 00:00:00,2015-08-19 00:00:00,21.68,D200101740815430150032
PAC-IF051B-E,2016-04-15 00:00:00,2015-05-21 00:00:00,21.68,7H1FTC4G 3H00671
M/MDV-V400W/DRN1,2019-03-31 00:00:00,2017-06-08 00:00:00,21.71,C702759730417107400005
MI/HB-A60/CD30GN8B,2024-05-13 00:00:00,2022-07-22 00:00:00,21.71,341G198520125170100031
MKA850F,2015-07-03 00:00:00,2013-09-10 00:00:00,21.71,C703129070112829400001
MSR23U09HRDN1QR,2014-06-11 00:00:00,2013-07-15 00:00:00,21.74,D202079120413513120023
MI/MHA-V4W/D2N8-B,2024-05-21 00:00:00,2022-07-29 00:00:00,21.75,341F745770125240100014
MI/MI2-28GDN1,2025-06-17 00:00:00,2023-08-25 00:00:00,21.75,341F92250032C060100099
MX/NXHPM-V12W/D2RN8,2024-10-25 00:00:00,2023-01-02 00:00:00,21.75,34VG261690328080100010
M/MDV-D560T1/N1,2017-06-14 00:00:00,2015-08-21 00:00:00,21.78,C703209720215112400001
MD/MOU48HDN1R,2014-09-26 00:00:00,2014-02-17 00:00:00,21.78,D202103300513720160002
MI/MSMAAU09HRDN1QD0,2019-03-31 00:00:00,2017-06-06 00:00:00,21.78,2413336890474080820271
M/MSABDU-18HRDN1-QC8,2017-06-19 00:00:00,2015-08-25 00:00:00,21.81,D210058920615320120041
MD/MDV-022T2/DN1,2025-06-25 00:00:00,2023-08-31 00:00:00,21.81,34VE332980921020100007
MI/MHA-V6W/D2N8-B,2024-03-18 00:00:00,2022-05-24 00:00:00,21.81,341E958620321110100027
MI/MOBA03-09HFN1-QD0,2019-03-31 00:00:00,2017-06-05 00:00:00,21.81,2413336890574010860064
M/M2OE-18HFN1-Q,2017-08-14 00:00:00,2016-09-16 00:00:00,21.82,2411657690165180160063
MI/MCD-24FNXD0,2019-06-30 00:00:00,2018-08-02 00:00:00,21.82,3415844570886050160038
MI/AGBP-12NXD0-I,2024-09-20 00:00:00,2022-11-25 00:00:00,21.85,541F678720124240870010
MI/AHUKZ-03DM,2025-01-24 00:00:00,2023-03-31 00:00:00,21.85,341F805700626010100025
G-SCX142CS0A,2017-04-28 00:00:00,2016-05-30 00:00:00,21.88,HF16700567
HX/NXERV-350V1_ST2,2025-07-29 00:00:00,2024-08-30 00:00:00,21.88,F231031068
MD/MDVI3-71C4VR12E,2025-05-27 00:00:00,2024-06-28 00:00:00,21.88,54VL775400641170300022
MI/MCD1-24HRFNX-GA,2024-09-25 00:00:00,2022-11-29 00:00:00,21.88,341D95378011A110160004
MI/MCD-24HRFN1-QD0,2017-08-17 00:00:00,2015-10-21 00:00:00,21.88,D212322310415119160017
MI/MOX230-12HFN8QGA,2024-09-25 00:00:00,2022-11-29 00:00:00,21.88,341D95483061B060120031
MS12F818HRFN1C8,2017-04-26 00:00:00,2015-06-30 00:00:00,21.88,D200073040515407120147
MCA318HRFN1QRD0,2017-06-21 00:00:00,2015-08-24 00:00:00,21.91,D212322310515117160011
MI/MI2-22Q4CDN1,2023-12-27 00:00:00,2022-02-28 00:00:00,21.91,341B967130511020100124
MI/MHC-V12W/D2RN8-B2,2024-05-17 00:00:00,2022-07-19 00:00:00,21.94,341F920520224290100005
MI/MV6-R335WV2RN1,2025-05-29 00:00:00,2023-07-31 00:00:00,21.94,341G309070327240100004
MX/NXRM-OD25B-1C,2023-04-30 00:00:00,2022-05-31 00:00:00,21.94,340D300830215210810019
MX/NXRM-OD25B-1C,2023-04-30 00:00:00,2022-05-31 00:00:00,21.94,340D300830215210810114
MD/MDV-022T2/DN1,2025-06-30 00:00:00,2023-08-31 00:00:00,21.98,34VE332980921020100007
MI/HB-A60/CD30GN8B,2024-05-21 00:00:00,2022-07-22 00:00:00,21.98,341G198520125170100096
T-C1000E.EE.NT,2015-10-09 00:00:00,2013-12-09 00:00:00,21.98,156560009
M/MDV-560W/DRN1-I(C),2019-03-31 00:00:00,2017-05-29 00:00:00,22.04,C702590900816B05400002
MI/HBT-A100/190CD3B,2024-05-16 00:00:00,2022-07-15 00:00:00,22.04,341F745320124160300120
MI/HBT-A160/240CDS9B,2024-01-31 00:00:00,2022-03-31 00:00:00,22.04,341E960100321170300022
MI/MHC-V12W/D2RN8-B2,2024-11-06 00:00:00,2023-01-05 00:00:00,22.04,341G84735022A050100041
MI/MSFAAU-12HRFN8-I,2024-07-05 00:00:00,2022-09-02 00:00:00,22.08,341F374840323150260108
MI/MHA-V6W/D2N8-B,2024-04-30 00:00:00,2022-06-27 00:00:00,22.11,341E958620321100100003
MI/MSMAAU09HRDN1QD0,2019-05-31 00:00:00,2017-07-27 00:00:00,22.11,2413476010475070820242
MI/X1BP-12N8D0-O,2024-05-09 00:00:00,2022-07-06 00:00:00,22.11,541F678720224270840238
MD/MOB3018HFN1QRD0GW,2018-04-19 00:00:00,2016-06-14 00:00:00,22.14,2401302930663230860404
MD/MOU48HDN1R,2014-06-10 00:00:00,2013-07-08 00:00:00,22.14,D202041030713314160015
MHC48HWN1R,2016-04-15 00:00:00,2014-06-11 00:00:00,22.14,D202130410413A24160008
MI/MSMABU12HRDN1QD0,2019-03-31 00:00:00,2017-05-26 00:00:00,22.14,2412228000368210120035
MI/X2-12N8D1-O,2024-05-23 00:00:00,2022-07-19 00:00:00,22.14,341D228390617060120033
MUB36HRN1,2015-04-30 00:00:00,2014-05-28 00:00:00,22.14,D202121550213925160003
M/MSABAU-07HRFN1-QD0,2017-10-19 00:00:00,2015-12-14 00:00:00,22.17,D210244810115802120020
MI/AG-09NXD1-IH,2023-09-29 00:00:00,2021-11-23 00:00:00,22.17,341D697460117220130255
MI/HB-A60/CD30GN8B,2024-12-13 00:00:00,2023-02-07 00:00:00,22.17,341G198520125170100030
MI/MI2-71GDN1,2024-07-19 00:00:00,2022-09-13 00:00:00,22.17,341F218470523150100002
MI/X2-09N8D1-OH,2023-09-29 00:00:00,2021-11-23 00:00:00,22.17,341D228391017050120015
MD/CLFB-48R32IVT-IN,2024-08-31 00:00:00,2022-10-25 00:00:00,22.21,340D682790417230160001
MHC48HWN1R,2016-06-20 00:00:00,2014-08-14 00:00:00,22.21,D202160350214104160012
MI/AG-24NXD0-IH,2024-08-06 00:00:00,2022-09-30 00:00:00,22.21,341E70696011B040860082
MI/X3-18N8D0-O,2025-07-07 00:00:00,2023-08-31 00:00:00,22.21,541K490100436140120095
MI/X4-24N8D0-OH,2024-08-06 00:00:00,2022-09-30 00:00:00,22.21,341E70696021B030850013
MDVV260WDRN1,2018-01-09 00:00:00,2016-03-03 00:00:00,22.24,C703228640515512400014
MHB96HWN1,2019-07-31 00:00:00,2017-09-22 00:00:00,22.24,C701723090316504400037
MI/MA-24NXD0-I,2025-05-20 00:00:00,2023-07-13 00:00:00,22.24,341C612480713290850074
MOV96HN1R,2019-07-31 00:00:00,2017-09-22 00:00:00,22.24,C701723090416506400038
MD/MOX43124HFN8QRD0N,2024-05-08 00:00:00,2022-06-30 00:00:00,22.27,340F338320823040860020
MI/HB-A100/CGN8-B,2023-07-31 00:00:00,2021-09-21 00:00:00,22.27,341D367920516200100003
MI/HB-A60/CGN8-B,2023-10-30 00:00:00,2021-12-21 00:00:00,22.27,341D629530417220100009
MI/MCD-24HRFN1-QD0,2017-08-29 00:00:00,2015-10-21 00:00:00,22.27,D212322310415119160017
MI/X1BP-12N8D0-O,2024-05-14 00:00:00,2022-07-06 00:00:00,22.27,541F678720224270840238
MOU18HN1Q,2016-06-28 00:00:00,2014-08-20 00:00:00,22.27,D202121550613923150034
MD/MOU48HDN1R,2015-07-10 00:00:00,2013-08-29 00:00:00,22.34,D202041030713314160037
MD/MOX13309HFN8QRD0,2023-12-27 00:00:00,2022-02-15 00:00:00,22.34,340C613310713270810119
MI/HB-A160/CDS90GN8B,2024-10-25 00:00:00,2022-12-15 00:00:00,22.34,341G83786062A110100049
MI/M3OA-27HFN8-Q,2024-10-31 00:00:00,2022-12-21 00:00:00,22.34,341F326910422250150074
MI/MCA3U-12FNXD0,2023-07-12 00:00:00,2021-08-31 00:00:00,22.34,341D228510114290160077
MI/MOCA30U24HFN1ZQD0,2019-03-31 00:00:00,2018-04-25 00:00:00,22.34,2413105470172090150018
MI/MOU-36FN8-QD0,2023-08-02 00:00:00,2021-09-21 00:00:00,22.34,341C448081312040150008
MI/MSFAAU-09HRFN8-I,2024-10-31 00:00:00,2022-12-21 00:00:00,22.34,341F374840523150260022
MI/MSFAAU-09HRFN8-I,2024-10-31 00:00:00,2022-12-21 00:00:00,22.34,341F374840523150260024
MI/MUE-36FNXD0,2023-08-02 00:00:00,2021-09-21 00:00:00,22.34,341B99000040B230160007
MOU60HFN1Q,2017-08-02 00:00:00,2015-09-22 00:00:00,22.34,D202294820414C04160013
TX/NX-DHW-250-1C-S,2024-05-10 00:00:00,2022-06-30 00:00:00,22.34,DHW250220203007190019
M/MV5-X450W/V2GN1,2025-07-07 00:00:00,2023-08-25 00:00:00,22.4,34VG51748022A040100001
MI/MSMACU18HRFN1QD0,2019-06-30 00:00:00,2018-07-24 00:00:00,22.4,3415686850185210820104
T-C1500E.NT,2014-06-03 00:00:00,2013-06-27 00:00:00,22.4,149659001
MI/MOBA03-12HFN1-QD0,2019-06-30 00:00:00,2017-08-16 00:00:00,22.44,2413475890774270830197
MUE60HRFN1QC2,2015-07-06 00:00:00,2013-08-22 00:00:00,22.44,D202079130213522160003
M/MDV-V200W/DRN1,2023-04-30 00:00:00,2021-06-15 00:00:00,22.47,34VA566800307050100004
MI/AGBP-12NXD0-I,2025-03-11 00:00:00,2023-04-27 00:00:00,22.47,541F678410125100871141
MI/MHA-V14W/D2RN8-B,2024-12-09 00:00:00,2023-01-25 00:00:00,22.47,341G93451042A250100036
MI/MI2-45GDN1,2023-10-31 00:00:00,2021-12-16 00:00:00,22.47,341E066020319250100002
MI/MOCA02-24HFN1-QD0,2018-05-21 00:00:00,2016-07-06 00:00:00,22.47,2411653770865130130084
HX/NXERV-350V1_ST2,2025-07-21 00:00:00,2024-08-13 00:00:00,22.48,F231031047
M/MDV-V140W/DN1,2018-05-21 00:00:00,2017-06-13 00:00:00,22.48,C703329250717308400005
MD/MSAFDU24HRFN1QRD0,2019-03-31 00:00:00,2017-05-15 00:00:00,22.5,24032833107730508B0012
MI/HB-A100/CDS90GN8B,2024-06-26 00:00:00,2022-08-11 00:00:00,22.5,341F745640625230100033
MI/MHA-V14W/D2RN8-B,2024-12-09 00:00:00,2023-01-24 00:00:00,22.5,341G93451042A250100036
MI/HBT-A100/190CD3B,2024-05-16 00:00:00,2022-06-30 00:00:00,22.54,341F745320124160300120
MI/MHA-V12W/D2RN8-B,2024-02-15 00:00:00,2022-03-31 00:00:00,22.54,341E56089061A280100008
MI/MHC-V12W/D2RN8-B2,2024-12-06 00:00:00,2023-01-20 00:00:00,22.54,341G84735022A050100041
MI/MOBA03-12HFN1-QD0,2018-05-15 00:00:00,2016-06-28 00:00:00,22.54,2411653770465090150135
MI/MSMABU12HRDN1QD0,2018-05-15 00:00:00,2016-06-28 00:00:00,22.54,2411653770365070120192
MI/MUE-55HRFN1-QRD0,2017-05-16 00:00:00,2015-06-30 00:00:00,22.54,D212322300615119160005
MI/MUE-55HRFN1-QRD0,2017-10-04 00:00:00,2015-11-18 00:00:00,22.54,D210058980615323160013
MI/X1BP-09N8D0-O,2025-07-30 00:00:00,2023-09-13 00:00:00,22.54,341F647980223220810283
MOU24HFN1QRC8,2017-10-16 00:00:00,2015-11-30 00:00:00,22.54,D202263610614916160023
M/MOEU-55HFN1-R,2017-10-05 00:00:00,2015-11-18 00:00:00,22.57,D212322290715121160042
MI/HB-A100/CDS90GN8B,2024-10-02 00:00:00,2022-11-15 00:00:00,22.57,341G198520225180100071
MI/MSMABU12HRDN1QD0,2019-07-31 00:00:00,2017-09-12 00:00:00,22.57,2413811570376130810024
M/AHUKZ-03N1,2023-06-30 00:00:00,2022-07-21 00:00:00,22.6,34VF122670521030100018
M/MOB30U-18HFN1-QRD0,2019-03-31 00:00:00,2017-05-12 00:00:00,22.6,2411657880565160160079
MCA2U12HRFN1QRC8,2017-06-08 00:00:00,2015-07-21 00:00:00,22.6,D200073450115410160063
MD/MOBA3012HFN1QRD0,2019-03-31 00:00:00,2017-05-12 00:00:00,22.6,2403135200472210840060
MI/HB-A100/CDS90GN8B,2024-04-26 00:00:00,2022-06-08 00:00:00,22.6,341F743970624060100095
MI/HB-A160/CGN8-B,2023-12-27 00:00:00,2022-02-07 00:00:00,22.6,341D470450616260100059
MI/MCA3-18HRFN1-QD0,2019-03-31 00:00:00,2017-05-12 00:00:00,22.6,2411657880365090160163
MI/MOBA03-12HFN1-QD0,2019-06-30 00:00:00,2017-08-11 00:00:00,22.6,2413475890774270830095
MOUA48HN1R,2013-12-20 00:00:00,2013-01-10 00:00:00,22.6,C101364842911719130017
M50A36HRDN1Q,2015-06-25 00:00:00,2013-08-05 00:00:00,22.63,D201455520412606160010
MI/M5OE-42HFN1-Q,2019-06-30 00:00:00,2017-08-10 00:00:00,22.63,2413497170475220160002
PCA-RP140KAQ,2016-06-10 00:00:00,2014-07-22 00:00:00,22.63,L7G4G03S33A07648
MD/MOBA3012HFN1QRD0,2019-03-31 00:00:00,2017-05-09 00:00:00,22.7,2403245070473020850016
MD/MSAFBU12HRDN1QRD0,2019-03-31 00:00:00,2017-05-09 00:00:00,22.7,2403245070373060820058
MD/MSAFBU12HRDN1QRD0,2019-03-31 00:00:00,2017-05-09 00:00:00,22.7,2403245070373060820082
MD/MOEA55HFN1RRDA,2019-03-31 00:00:00,2017-05-08 00:00:00,22.73,2402977650471040160024
MD/MOX23012HFN8QRD6H,2025-02-20 00:00:00,2023-03-31 00:00:00,22.73,340E010340319030120011
MD/MSAEBU12HRFN8QRD6,2025-02-20 00:00:00,2023-03-31 00:00:00,22.73,340E010340119030130173
MI/MSMACU18HRFN1QD0,2019-06-30 00:00:00,2017-08-07 00:00:00,22.73,2413475890875150810010
MI/MV6-R500WV2RN1,2025-06-23 00:00:00,2023-07-31 00:00:00,22.77,341F806480224060100001
M/M4OA-36HFN1-Q,2017-06-30 00:00:00,2015-08-06 00:00:00,22.8,D212322270415122160005
M/MOCA30U-24HFN1-QD0,2017-06-09 00:00:00,2016-06-27 00:00:00,22.8,2411334750763250150015
MCA2U12HRFN1QRC8,2016-09-21 00:00:00,2014-10-28 00:00:00,22.8,D202236650214619160020
MI/AGBP-18NXD0-I,2025-07-25 00:00:00,2023-08-31 00:00:00,22.8,541J612950335040860041
MI/MOD30U-42HFN1-QD0,2019-03-31 00:00:00,2018-04-18 00:00:00,22.8,2413245420673210160004
MI/MVI-335WV2RN1A,2025-06-27 00:00:00,2023-08-03 00:00:00,22.8,54VH601830135070100004
MI/X3-18N8D0-O,2024-05-24 00:00:00,2022-06-30 00:00:00,22.8,341E49068061A130850054
M/MOZ1-18HFN1-QD0,2017-05-10 00:00:00,2015-06-15 00:00:00,22.83,D212322500615117150008
MD/AFBU09HRDN8QRD0,2025-04-23 00:00:00,2023-05-29 00:00:00,22.83,54V2200004333030820034
MI/HB-A100/CDS90GN8B,2025-04-11 00:00:00,2023-05-17 00:00:00,22.83,341G93460062B120100018
MSR23U12HRDN1QROU,2015-08-20 00:00:00,2013-09-24 00:00:00,22.83,D202059250213412120041
PUHZ-P250YHA,2016-08-25 00:00:00,2014-09-30 00:00:00,22.83,L7H1S35S36U03072
MCC48HRDN1Q,2015-06-19 00:00:00,2013-07-23 00:00:00,22.86,D202041030113309160012
MCD18HRFN1QRD0,2019-03-31 00:00:00,2017-05-04 00:00:00,22.86,2411797620466170160067
MI/M4O-36FN8-Q,2024-06-17 00:00:00,2022-07-22 00:00:00,22.86,541F727860625140150008
MI/MHA-V8W/D2N8-B,2023-05-31 00:00:00,2022-06-17 00:00:00,22.86,341F743970223240100101
MI/HB-A100/CDS90GN8B,2024-06-26 00:00:00,2022-07-29 00:00:00,22.93,341F745640625230100033
MI/HBT-A160/240CDS9B,2024-02-27 00:00:00,2022-03-31 00:00:00,22.93,341E960100321170300023
MI/MHC-V12W/D2RN8-B2,2024-06-12 00:00:00,2022-07-15 00:00:00,22.93,341F920450224280100055
MI/MSMBBU12HRFN1QRD0,2019-06-30 00:00:00,2017-08-01 00:00:00,22.93,2411785860365270120179
MI/MV6-R335WV2RN1,2024-10-28 00:00:00,2022-11-30 00:00:00,22.93,341G309070327240100006
MCD51HRN1R,2016-08-11 00:00:00,2015-08-28 00:00:00,22.94,D202201950114412160056
MD/MOEA55HFN1RRDA,2019-07-31 00:00:00,2018-08-16 00:00:00,22.94,3405890541086040160010
MX/NXHPM-V8W/D2N8,2024-02-12 00:00:00,2023-02-28 00:00:00,22.94,341H31169012B160100067
MI/MUE-55FNXD0,2024-12-19 00:00:00,2024-04-30 00:00:00,22.950000000000003,341C448080512010160005
MD/MCA3U12HRFNXQRDAW,2023-07-31 00:00:00,2021-08-31 00:00:00,22.96,341D228510114290160031
MI/MCD-18HRFN1-QD0,2017-06-07 00:00:00,2015-07-09 00:00:00,22.96,D210058970415323160020
MI/MI2-71Q4DN1,2024-04-25 00:00:00,2022-05-27 00:00:00,22.96,341E775990123250100095
MI/MVI-335WV2RN1A,2025-07-02 00:00:00,2023-08-03 00:00:00,22.96,54VH601830135070100002
MCC48HRDN1Q,2015-06-23 00:00:00,2013-07-23 00:00:00,23,D202041030113309160012
MD/MOBA0309HFN8QRD0,2023-05-31 00:00:00,2021-06-30 00:00:00,23,3409704190204070120068
MI/HB-A160/CDS90GN8B,2024-11-14 00:00:00,2022-12-15 00:00:00,23,341G83786062A110100027
MI/MA-24N8D0-O,2024-06-14 00:00:00,2022-07-15 00:00:00,23,341C612480814030860059
MI/MOB02-18HFN1-QD0W,2019-05-31 00:00:00,2017-06-30 00:00:00,23,2413182110472270860109
MI/MVI-280WV2RN1A,2023-08-31 00:00:00,2021-09-30 00:00:00,23,34VD665130816220100011
MD/MI-45G/DHN1-M,2023-08-31 00:00:00,2021-09-29 00:00:00,23.03,34V7605951293010100018
MDVD22G/N1-S,2017-01-25 00:00:00,2015-02-24 00:00:00,23.03,C703211760514C26400007
MI/MHA-V10W/D2N8-B,2025-03-21 00:00:00,2023-04-20 00:00:00,23.03,341H58326032C280100014
MI/MHC-V12W/D2RN8-B2,2024-12-06 00:00:00,2023-01-05 00:00:00,23.03,341G84735022A050100041
MI/MSMABU12HRDN1QD0,2019-05-31 00:00:00,2017-06-29 00:00:00,23.03,2413336890674070820023
MI/MSMACU18HRFN1QD0,2019-05-31 00:00:00,2017-06-29 00:00:00,23.03,241291495056C150120067
MX/NXHPS-V10W/D2N8,2024-08-06 00:00:00,2022-09-05 00:00:00,23.03,340G166340626210100029
G-MPE020C0AA,2019-03-31 00:00:00,2017-04-28 00:00:00,23.06,17700272
MCC48HRDN1Q,2015-06-25 00:00:00,2013-07-23 00:00:00,23.06,D202041030113309160012
MD/AFCU18HRFN8QRD0,2024-12-19 00:00:00,2023-01-17 00:00:00,23.06,54V220000402B010810082
MI/HBT-A100/240CDS9B,2024-10-11 00:00:00,2023-10-26 00:00:00,23.06,340G172950228130300008
MI/MI2-22Q4CDN1,2024-01-31 00:00:00,2022-02-28 00:00:00,23.06,341B967130511020100124
MD/MCD55HRFNXQRDA,2019-06-30 00:00:00,2018-11-08 00:00:00,23.07,3406412710188200160016
MI/M2OD-18HFN8-Q,2023-10-20 00:00:00,2021-11-16 00:00:00,23.09,341D940320217240150012
MI/MUEU-18HRFNX-GA,2023-10-20 00:00:00,2021-11-16 00:00:00,23.09,341D735000117160160001
MD/MSAFDU24HRFN8QRD0,2019-07-31 00:00:00,2018-08-13 00:00:00,23.12,3405532540785110850032
M/MSMBCU-18HRFN1-QD0,2019-03-31 00:00:00,2017-04-26 00:00:00,23.13,2411785860965290120117
M/MV5-X500W/V2GN1,2018-04-27 00:00:00,2016-05-23 00:00:00,23.13,C703247561415A19400001
MD/M5OE42HFN8QA,2024-04-23 00:00:00,2022-05-20 00:00:00,23.13,340F336730223100150003
MD/MOB3112HFN1QRD0GW,2019-06-30 00:00:00,2017-07-26 00:00:00,23.13,2401713990465160150042
MD/MSAEBU12HRFN1QRD0,2019-06-30 00:00:00,2017-07-26 00:00:00,23.13,2401713990365170120076
MI/MCD-55FNXD0,2023-06-30 00:00:00,2021-07-26 00:00:00,23.13,340C40235050C180160001
MI/MSMACU18HRFN1QD0,2019-05-31 00:00:00,2017-06-26 00:00:00,23.13,241291495056C150120056
MI/M4O-36FN8-Q,2025-03-04 00:00:00,2023-03-30 00:00:00,23.16,540H571700531040150016
MOU51HN1RB6W,2017-05-05 00:00:00,2015-05-31 00:00:00,23.16,D202201950414414160068
G-LCE101FS,2018-05-30 00:00:00,2016-06-23 00:00:00,23.19,HF1605064156
MI/MOB03-12HFN1-QD0,2019-06-30 00:00:00,2017-07-24 00:00:00,23.19,2411785860465270150029
MI/MUE-36HRFNX-GA,2024-07-10 00:00:00,2022-08-04 00:00:00,23.19,541F381761324130160004
MS12FU12HRDN1QRD0GW,2018-05-29 00:00:00,2016-06-22 00:00:00,23.19,2401653710364230850185
MI/X1BPW-09N8D0-OH,2025-06-12 00:00:00,2024-06-24 00:00:00,23.2,541K465730238160820057
MI/MHA-V12W/D2RN8-B,2024-02-27 00:00:00,2022-03-22 00:00:00,23.23,341E08309061A210100003
MI/MHC-V30W/D2RN8,2024-04-24 00:00:00,2022-05-18 00:00:00,23.23,341E958620223040100021
MI/MOD30U-36HFN8QGA,2024-10-17 00:00:00,2022-11-10 00:00:00,23.23,341F380670522190150033
MD/MOX40124HFN8QRD0,2024-08-08 00:00:00,2022-08-31 00:00:00,23.26,540F405040824210120040
MI/HB-A60/CD30GN8B,2024-02-29 00:00:00,2022-03-23 00:00:00,23.26,341E08309051A240100023
MI/MHA-V8W/D2N8-B,2025-02-21 00:00:00,2023-03-16 00:00:00,23.26,341H31162012C050100005
MS12F824HRDN1C8,2019-03-31 00:00:00,2018-04-11 00:00:00,23.26,D200073040715403120106
MI/AHUKZ-02DM,2023-08-31 00:00:00,2021-09-21 00:00:00,23.29,341D665240317100100001
PUHZ-RP71VHA,2014-08-21 00:00:00,2012-09-11 00:00:00,23.29,L7H1L51S13U20856
MCC48HRDN1Q,2015-07-03 00:00:00,2013-07-23 00:00:00,23.32,D202041030113309160012
MD/MOU60HDN1R,2016-06-30 00:00:00,2014-07-21 00:00:00,23.32,D202157840613C29160010
MSTCBU12HRFN1QROU,2016-11-02 00:00:00,2015-11-13 00:00:00,23.32,D200073060415411130039
T/AWA-P-T2470ZCLNM1,2018-04-09 00:00:00,2016-04-29 00:00:00,23.32,GE-2160-GO
MI/MA-09NXD0-XI,2023-07-31 00:00:00,2021-08-19 00:00:00,23.36,341A967310107110810183
T/AWA-P-T2470ZCLNM1,2018-04-09 00:00:00,2016-04-28 00:00:00,23.36,GE-2160-GO
M/MOEU-55HFN1-R,2017-06-20 00:00:00,2015-07-09 00:00:00,23.39,D212309891015107160012
MD/MSAEDU24HRFN1QRD0,2019-03-31 00:00:00,2017-04-18 00:00:00,23.39,2402086910367170120068
MD/MSAFBU12HRDNX-XW,2024-01-31 00:00:00,2022-02-18 00:00:00,23.39,340E211880219070810203
MD/UNVS-48R32INTP-OU,2025-05-19 00:00:00,2023-06-07 00:00:00,23.39,340D961560917260150087
MI/AHUKZ-03DM,2023-09-20 00:00:00,2021-10-08 00:00:00,23.39,341D665240417090100041
MI/MUE-30HRFN1-QRD0,2017-04-24 00:00:00,2015-05-13 00:00:00,23.39,D212309910915103160001
MI/MUE-30HRFN1-QRD0,2017-04-24 00:00:00,2015-05-13 00:00:00,23.39,D212309910915103160004
M/MOB30U-18HFN1-QRD0,2019-03-31 00:00:00,2018-04-09 00:00:00,23.4,340510242057C280130063
M/MOD30U-30HFN1-QRD0,2019-03-31 00:00:00,2018-04-09 00:00:00,23.4,2413497210476020160007
MD/M4OB36HFN8QAH,2024-06-17 00:00:00,2023-06-27 00:00:00,23.4,540H878030232110150059
M/MDV-D71T1/N1-B,2017-09-12 00:00:00,2015-09-30 00:00:00,23.42,C703230462115621400002
MD/MOX13312HFN8QRD0,2023-06-12 00:00:00,2021-06-29 00:00:00,23.42,340C613090512020810121
MHA192HWN1,2019-06-30 00:00:00,2017-07-17 00:00:00,23.42,C702208800116824400004
MI/MHC-V12W/D2RN8-B2,2024-07-01 00:00:00,2022-07-19 00:00:00,23.42,341F920520224280100017
MSR23U18HRDN1Q8OU,2017-03-13 00:00:00,2015-03-31 00:00:00,23.42,D202179890514303150200
MSZ-SF35VE,2016-04-18 00:00:00,2014-05-06 00:00:00,23.42,L20E42WS4000356T
MI/X3-18N8D0-O,2024-08-27 00:00:00,2022-09-13 00:00:00,23.46,341C15476040B260120044
MD/MOBA3012HFN1QRD0,2018-05-30 00:00:00,2016-06-14 00:00:00,23.49,2401302930463190820301
MI/MI2-28GDN1,2024-04-30 00:00:00,2022-05-16 00:00:00,23.49,341F218470123150100060
MI/MOE30U-48HFN8RGA,2024-09-04 00:00:00,2022-09-20 00:00:00,23.49,341D95244121A090150120
MI/MOE30U-55HFN8RGA,2024-06-14 00:00:00,2022-06-30 00:00:00,23.49,341D95244131A100150029
M/HRV-800,2018-01-24 00:00:00,2017-01-31 00:00:00,23.52,C703230470315613400017
MI/MOB30U-12HFN1-QD0,2019-06-30 00:00:00,2017-07-14 00:00:00,23.52,2411657880265120130077
MI/MSMBAU09HRFN1QRD0,2017-08-03 00:00:00,2016-08-10 00:00:00,23.52,2411653770965120120280
MSR23U18HRDN1Q8OU,2017-03-16 00:00:00,2015-03-31 00:00:00,23.52,D202179890514303150200
MUE36HRFN1QRC8A,2017-09-15 00:00:00,2015-09-30 00:00:00,23.52,D202294390114B28160009
PUHZ-RP71VHA,2014-08-28 00:00:00,2012-09-11 00:00:00,23.52,L7H1L51S13U20856
MD/AFBU12HRDNXQRD0,2025-02-07 00:00:00,2023-02-21 00:00:00,23.55,54V220000452C040820551
MI/HB-A100/CDS90GN8B,2025-01-10 00:00:00,2023-01-24 00:00:00,23.55,341G93451062A260100010
MI/MHC-V12W/D2RN8-B2,2024-12-09 00:00:00,2022-12-23 00:00:00,23.55,341G84735022A050100002
MD/MSAFBU12HRDN1QRD0,2019-03-31 00:00:00,2017-04-12 00:00:00,23.59,2403135170372230820002
MI/MUE-55HRFN1-QRD0,2018-04-27 00:00:00,2016-05-09 00:00:00,23.59,D210058980615323160010
MI/MHA-V4W/D2N8-B,2024-12-03 00:00:00,2022-12-15 00:00:00,23.62,341G83786012A140100001
MUB60HRN1R,2015-05-11 00:00:00,2013-05-22 00:00:00,23.62,D201440480212505160031
MI/HBT-A100/190CDS9B,2025-07-07 00:00:00,2023-07-18 00:00:00,23.65,341H584120132100300041
MI/MSFAAU-12HRFN8-I,2024-10-24 00:00:00,2022-11-04 00:00:00,23.65,341F374840323150260041
T-C1500E.EE.NT,2018-05-28 00:00:00,2016-06-07 00:00:00,23.65,184662003
M/MDV-V400W/DRN1,2023-09-29 00:00:00,2021-10-08 00:00:00,23.69,341B77042020C020100008
MD/MOX13312HFN8QRD0N,2025-07-16 00:00:00,2023-07-26 00:00:00,23.69,540J374110235120810428
MI/X4-24N8D0-OH,2024-11-20 00:00:00,2022-11-30 00:00:00,23.69,541G99507052A080120048
MS12F818HRFN1C8OU,2017-03-09 00:00:00,2015-03-19 00:00:00,23.69,D202263690514909150033
MD/MSAFBU09HRDN8-XW,2023-06-30 00:00:00,2021-07-08 00:00:00,23.72,340C613480114140820110
MI/MHC-V12W/D2RN8-B2,2025-04-11 00:00:00,2023-04-20 00:00:00,23.72,341H559530131100100058
MUE36HRFN1QRC8A,2017-09-21 00:00:00,2015-09-30 00:00:00,23.72,D202294390114B28160009
M/MSMBDU-24HRFN1-QD0,2017-06-08 00:00:00,2015-06-16 00:00:00,23.75,D212312810115116120050
MI/MA-09NXD0-XI,2024-12-13 00:00:00,2022-12-21 00:00:00,23.75,341C491290112180810199
MI/MCA3U12HRFN1QD0,2018-04-05 00:00:00,2016-04-12 00:00:00,23.75,2410884740161200160017
MI/MHC-V10W/D2N8-B,2024-10-04 00:00:00,2022-10-11 00:00:00,23.78,341G288000127260100058
MI/MV6-450WV2GN1-E,2023-12-27 00:00:00,2022-12-30 00:00:00,23.78,341G94725012A290100002
MD/MOX13312HFN8QRD0N,2025-03-14 00:00:00,2023-03-20 00:00:00,23.82,54V220000442C060830753
MI/HBT-A160/240CDS9B,2025-03-25 00:00:00,2023-03-31 00:00:00,23.82,341G347310228250300025
MI/M3OA-27HFN8-QHP,2025-07-04 00:00:00,2023-07-10 00:00:00,23.82,54V2230000527160150027
MI/MHA-V10W/D2N8-B,2023-04-30 00:00:00,2021-05-05 00:00:00,23.82,341C325480212070100009
MI/MTI-24HWFNX-GA,2024-10-21 00:00:00,2022-10-27 00:00:00,23.82,340D961460717240160016
MUE51HRN1R,2017-05-09 00:00:00,2015-05-15 00:00:00,23.82,D202251770414803160043
MI/MHC-V16W/D2RN8-B2,2023-04-30 00:00:00,2022-08-31 00:00:00,23.85,341G287960226150100033
MI/MCA4U-12HRFNXGA,2025-04-03 00:00:00,2024-04-05 00:00:00,23.86,541N435450141260160069
MI/MOBA03-12HFN1-QD0,2018-06-07 00:00:00,2017-06-09 00:00:00,23.86,2411698870465090150348
M/MOEU-55HFN1-R,2017-07-05 00:00:00,2015-07-09 00:00:00,23.88,D212309891015107160012
MI/AG-09NXD1-IH,2024-12-02 00:00:00,2022-12-06 00:00:00,23.88,341D697460117220130263
MI/MOD30U-36HFN8QGA,2023-12-27 00:00:00,2021-12-30 00:00:00,23.88,341D950771119040150011
MD/MOX40124HFN8QRD0,2024-08-29 00:00:00,2022-09-01 00:00:00,23.92,540F405040824210120015
MI/M2TIPP-41HFN1-QD0,2024-06-19 00:00:00,2022-06-22 00:00:00,23.92,341A290570305110100001
MI/MI2-22Q4CDN1,2024-08-07 00:00:00,2022-08-10 00:00:00,23.92,341F806500224060100008
MI/MI2-45Q4CDN1,2024-08-07 00:00:00,2022-08-10 00:00:00,23.92,341F218310724040100018
MI/X1BPW-12N8D0-OH,2025-05-14 00:00:00,2023-05-17 00:00:00,23.92,541H704500232030830835
MI/X4-24N8D0-O,2024-06-27 00:00:00,2022-06-30 00:00:00,23.92,341E49068081A130850038
MSY09HRDN1QC2BOU,2015-06-19 00:00:00,2013-06-21 00:00:00,23.92,D201427470512328120034
M/MDV-V120W/DRN1,2024-06-19 00:00:00,2022-06-21 00:00:00,23.95,341E318740222170100001
MCD45HRN1R,2016-11-10 00:00:00,2014-11-12 00:00:00,23.95,D202201950314412160011
MI/MCA3U-12FNXD0,2023-08-31 00:00:00,2021-09-01 00:00:00,23.95,341D228510114290160016
MOU51HN1RB6W,2017-05-29 00:00:00,2015-05-31 00:00:00,23.95,D202294820614C04160004
MX/NXRM-ID50XWM-1C,2025-07-15 00:00:00,2023-07-17 00:00:00,23.95,540G065980526080850157
HX/NXERV-250V1_ST2,2024-12-13 00:00:00,2023-12-14 00:00:00,23.98,F231021624
M/MSMBCU-18HRFN1-QD0,2019-03-31 00:00:00,2017-03-31 00:00:00,23.98,2411785860965290120124
MD/MTI55HWFNXQRDA,2023-06-30 00:00:00,2021-06-30 00:00:00,23.98,340C448320411310160031
MD/MUE36HRFN1QRDA,2019-03-31 00:00:00,2017-03-31 00:00:00,23.98,2401170500363120160008
MI/AGBP-18NXD0-I,2023-06-30 00:00:00,2022-06-30 00:00:00,23.98,341F401970123260850398
MI/M3OE-27HFN1-Q,2017-07-25 00:00:00,2016-07-25 00:00:00,23.98,2411657690265180160037
MI/MCD1-42HRFN8-GA,2025-07-30 00:00:00,2023-07-31 00:00:00,23.98,541H53145012C150160004
MI/MOB30U-12HFN1-QD0,2019-03-31 00:00:00,2017-03-31 00:00:00,23.98,2411657880265120130103
MI/MOBA02-09HFN1-QD0,2019-03-31 00:00:00,2017-03-31 00:00:00,23.98,2411653771065120130029
MI/MOBA03-09HFN1-QD0,2019-03-31 00:00:00,2017-03-31 00:00:00,23.98,2413055170271140840145
MI/MSMAAU09HRDN1QD0,2019-03-31 00:00:00,2017-03-31 00:00:00,23.98,2411698870165110120497
MUE36HRFN1QRC8A,2017-09-29 00:00:00,2015-09-30 00:00:00,23.98,D202294390114B28160009
PUHZ-SHW140YHA,2016-10-06 00:00:00,2014-10-07 00:00:00,23.98,7H1SH03G 4H01905
SLZ-KA25VAL,2016-06-29 00:00:00,2014-06-30 00:00:00,23.98,L65TCB1S43M01508
M/MI-22G/DHN1-M,2019-03-31 00:00:00,2017-03-30 00:00:00,24.01,C702662710216C01400039
MD/AHPM-V10W/D2N8,2024-10-25 00:00:00,2022-10-25 00:00:00,24.01,34VG261690228080100032
MD/MODA36HFN8QRDA,2023-07-31 00:00:00,2021-07-30 00:00:00,24.01,340A751181606110150011
MI/AG-09NXD1-IH,2024-09-19 00:00:00,2022-09-19 00:00:00,24.01,341D697460117220130233
MI/MOE30U-55HFN8RGA,2024-06-30 00:00:00,2022-06-30 00:00:00,24.01,341D95244131A100150029
M/MI-45Q4/DHN1-A3,2019-05-31 00:00:00,2018-05-30 00:00:00,24.04,C705469331118320400009
M/MSMBCU-18HRFN1-QD0,2019-06-30 00:00:00,2018-06-29 00:00:00,24.04,2413244730574230120029
MI/MHA-V4W/D2N8-B,2025-01-16 00:00:00,2024-01-16 00:00:00,24.04,340G169930128020100057
MSR23U18HRDN1QR,2016-03-21 00:00:00,2014-03-20 00:00:00,24.05,D202120330113924120046
PUHY-P400YJM-A,2014-10-28 00:00:00,2012-10-26 00:00:00,24.05,7GFYE812W01533
MSR118HRN1QB8,2015-07-22 00:00:00,2013-07-19 00:00:00,24.08,D202058310213402130016
M/MSMBDU-24HRFN1-QD0,2017-06-19 00:00:00,2015-06-16 00:00:00,24.11,D212312810115116120050
MI/MHA-V10W/D2N8-B,2024-03-28 00:00:00,2022-03-25 00:00:00,24.11,341E78514041C250100018
HX/NXERV-500V1_ST2,2025-06-30 00:00:00,2024-06-28 00:00:00,24.12,F231044655
MD/MOU48HDN1R,2014-09-26 00:00:00,2013-09-24 00:00:00,24.12,D202041030713314160003
MCC24HRN1,2015-08-13 00:00:00,2013-08-08 00:00:00,24.15,D202058330113415160007
MI/HB-A60/CD30GN8B,2025-01-29 00:00:00,2023-01-25 00:00:00,24.15,341G198520125170100029
MX/NXHB-A100/CD9,2024-09-05 00:00:00,2022-09-01 00:00:00,24.15,340G166340726050100080
MD/MOB3112HFN1QRD0GW,2019-04-30 00:00:00,2017-04-24 00:00:00,24.18,2401199390463180130116
MD/MSAEBU12HRFN1QRD0,2019-04-30 00:00:00,2017-04-24 00:00:00,24.18,2401713990365170120312
MI/HB-A160/CGN8-B,2023-12-27 00:00:00,2021-12-20 00:00:00,24.21,341D470450616260100034
M/MOD30U-30HFN1-QRD0,2019-03-31 00:00:00,2018-03-27 00:00:00,24.24,2413972770477250160021
M/MTB-18HWFN1-QD0,2019-03-31 00:00:00,2018-03-27 00:00:00,24.24,240269061046B080160005
MI/AG-12NXD1-I,2023-09-29 00:00:00,2021-09-21 00:00:00,24.24,341D533230217020170158
MI/HB-A160/CDS90GN8B,2023-07-31 00:00:00,2022-07-27 00:00:00,24.24,341G198400325180100025
MI/MA-12N8D0-XO,2023-06-30 00:00:00,2021-06-22 00:00:00,24.24,341C491290412080820522
MI/MOBA03-12HFN1-QD0,2019-05-31 00:00:00,2017-05-23 00:00:00,24.24,241291495046C130130043
MI/MSFAAU-09HRFN8-I,2024-07-31 00:00:00,2023-07-28 00:00:00,24.24,341F374840123150260013
MI/MTBU-12HWFN1-QD0,2017-11-16 00:00:00,2015-11-09 00:00:00,24.24,D210059030215324160006
MI/X1BP-09N8D0-O,2025-07-31 00:00:00,2023-07-24 00:00:00,24.24,541F678650224220840116
M/MDV-D18Q1/N1-D,2019-03-31 00:00:00,2017-03-22 00:00:00,24.28,C703218281915301400003
MD/MOU36HDN1R,2015-11-23 00:00:00,2013-11-14 00:00:00,24.28,D202103300713719160005
MI/AGBP-09NXD0-I,2024-07-19 00:00:00,2022-07-11 00:00:00,24.28,341F401970523250810396
MSTCAU09HRFN1QR,2017-06-27 00:00:00,2015-06-19 00:00:00,24.28,D200031220215314120006
MI/MI2-28GDN1,2024-08-19 00:00:00,2022-08-10 00:00:00,24.31,341F806510724140100026
MI/MI2-28Q4CDN1,2024-10-01 00:00:00,2022-09-22 00:00:00,24.31,341C325460112260100010
MI/MI2-36Q4CDN1,2024-10-01 00:00:00,2022-09-22 00:00:00,24.31,341F218310724040100047
MI/MI2-36Q4CDN1,2024-10-01 00:00:00,2022-09-22 00:00:00,24.31,341F218310724040100066
MI/MI2-45Q4CDN1,2024-10-01 00:00:00,2022-09-22 00:00:00,24.31,341F806490224070100054
MI/MI2-45Q4CDN1,2024-10-01 00:00:00,2022-09-22 00:00:00,24.31,341F806490224070100058
MI/MI2-56Q4DN1,2024-06-05 00:00:00,2022-05-27 00:00:00,24.31,341E775990123250100040
MSR118HRN1QB8,2015-07-29 00:00:00,2013-07-19 00:00:00,24.31,D202058310213402130016
HX/NXERV-350V1_ST2,2025-03-05 00:00:00,2024-02-29 00:00:00,24.32,F231031058
M/SMK-140/CSD80GN1,2016-12-20 00:00:00,2015-12-16 00:00:00,24.32,C703194830614805400006
MI/AGF-12NXD1-I,2025-06-30 00:00:00,2024-06-25 00:00:00,24.32,541N436770341250130183
MI/MSFAAU-09HRFN8-I,2023-11-30 00:00:00,2023-05-29 00:00:00,24.32,341F374840123150260011
MD/MOBA3009HFN8QRD0,2023-07-31 00:00:00,2021-07-20 00:00:00,24.34,3405516610284030130032
MD/MOX13312HFN8QRD0N,2025-03-03 00:00:00,2023-02-21 00:00:00,24.34,54V220000442C060830718
MD/MSAEAU09HRFN1QRD0,2019-06-30 00:00:00,2017-06-19 00:00:00,24.34,2403267950373080120103
MI/AG-24NXD0-I,2024-07-10 00:00:00,2022-06-30 00:00:00,24.34,341E49068071A080850089
MI/AGBP-18NXD0-I,2024-07-10 00:00:00,2022-06-30 00:00:00,24.34,341F401970123260850026
MI/MHA-V4W/D2N8-B,2024-10-28 00:00:00,2022-10-18 00:00:00,24.34,341G076700125240100033
MSR23U18HRDN1QROU,2015-07-08 00:00:00,2013-06-27 00:00:00,24.34,D202044470613322120007
MD/MOU60HDN1R,2016-08-01 00:00:00,2014-07-21 00:00:00,24.38,D202157840613C29160010
MI/MHA-V8W/D2N8-B,2025-02-04 00:00:00,2023-01-24 00:00:00,24.38,341G93451012A260100017
MI/MHC-V18W/D2RN8,2025-04-10 00:00:00,2023-03-30 00:00:00,24.38,341F743970831290100002
MUZ-GC25VA,2015-05-25 00:00:00,2013-05-13 00:00:00,24.38,L20E7A0S2000782T
T-PHV2000E.V,2017-01-31 00:00:00,2015-01-20 00:00:00,24.38,170273001
MD/AHPM-V12W/D2RN8,2024-11-07 00:00:00,2022-10-26 00:00:00,24.41,34VG261690328080100004
MD/MOX13312HFN8QRD0N,2025-03-05 00:00:00,2023-02-21 00:00:00,24.41,54V220000442C060830718
PUHZ-RP60VHA,2014-09-24 00:00:00,2012-09-11 00:00:00,24.41,L7H1K04S14U06485
MD/MOU60HDN1R,2016-08-03 00:00:00,2014-07-21 00:00:00,24.44,D202157840613C29160010
PKFY-P15VBM-E,2016-04-07 00:00:00,2014-03-25 00:00:00,24.44,L7H7H01S3ZA10211
MI/HB-A160/CDS90GN8B,2024-11-14 00:00:00,2022-10-31 00:00:00,24.47,341G280210429050100055
MI/MHA-V10W/D2N8-B,2023-04-30 00:00:00,2021-04-15 00:00:00,24.47,341C325480212070100009
MI/MCA3-18HRFN1-QD0,2019-03-31 00:00:00,2018-03-23 00:00:00,24.5,2411657880365090160041
MI/M3OA-27HFN8-QHP,2025-07-25 00:00:00,2023-07-10 00:00:00,24.51,54V2230000527160150027
MI/MHC-V12W/D2RN8-B2,2024-07-30 00:00:00,2022-07-15 00:00:00,24.51,341F920450224280100025
M/MI-90G/DHN1-R3,2018-01-08 00:00:00,2015-12-23 00:00:00,24.54,C703218281815303400023
MDVD71G/N1Y-C,2015-08-26 00:00:00,2013-08-09 00:00:00,24.54,C703056531110207400004
MI/X1BP-09N8D0-O,2024-06-10 00:00:00,2022-05-25 00:00:00,24.54,341F325250222210810029
MI/X1BP-09N8D0-O,2024-06-10 00:00:00,2022-05-25 00:00:00,24.54,341F325250222210810030
MI/MOBA03-12HFN1-QD0,2019-03-31 00:00:00,2017-03-13 00:00:00,24.57,241291495046C130130169
MI/MV6-I500WV2GN1-E,2024-10-01 00:00:00,2022-09-14 00:00:00,24.57,341F922640226250100007
MSR23U12HRDN1Q8,2017-06-13 00:00:00,2015-05-27 00:00:00,24.57,D202179890214301120328
MI/HB-A160/CDS90GN8B,2024-09-27 00:00:00,2022-09-09 00:00:00,24.61,341G198520325180100013
MI/MHA-V14W/D2RN8-B,2023-08-31 00:00:00,2021-08-12 00:00:00,24.61,341C325480512060100007
MI/MHC-V30W/D2RN8,2025-07-08 00:00:00,2023-06-20 00:00:00,24.61,341G118720232250100002
PEFY-P250VMHS-E,2016-01-21 00:00:00,2014-01-02 00:00:00,24.61,7GEGP13XW02102
MD/MOU60HDN1R,2016-08-09 00:00:00,2014-07-21 00:00:00,24.64,D202157840613C29160010
MI/MOBA03-09HFN1-QD0,2019-05-31 00:00:00,2017-05-11 00:00:00,24.64,2411792200266020130039
MI/MUE-48FNXD0,2023-10-20 00:00:00,2021-09-30 00:00:00,24.64,341B215200608250160003
MI/MV6-R280WV2RN1,2024-05-16 00:00:00,2022-04-27 00:00:00,24.64,341E335710222190100001
MX/NXRM-OD70B-1CH-P,2025-04-03 00:00:00,2023-03-15 00:00:00,24.64,540G064910825060860010
M/MDV-V200W/DRN1,2018-01-12 00:00:00,2015-12-23 00:00:00,24.67,C703230471615615400005
MD/MOU60HDN1R,2016-08-11 00:00:00,2014-07-21 00:00:00,24.7,D202157840613C29160010
MI/MHC-V8W/D2N8-B2,2025-03-13 00:00:00,2023-02-20 00:00:00,24.7,341G93008012B120100066
MSTCAU09HRFN1QR,2017-07-10 00:00:00,2015-06-19 00:00:00,24.7,D200031220215314120006
M/MDV-V180W/DRN1,2024-09-10 00:00:00,2022-08-19 00:00:00,24.74,341F742940225070100009
MD/MDV-022G/DN1,2023-06-06 00:00:00,2021-05-14 00:00:00,24.74,34VB968270811120100036
MD/MDV-022G/DN1,2023-06-06 00:00:00,2021-05-14 00:00:00,24.74,34VB968270811120100039
MD/MSAEBU12HRFN1QRD0,2019-03-31 00:00:00,2017-03-08 00:00:00,24.74,2401713990365170120321
MD/MTIU18HWFNXQRDA,2023-06-06 00:00:00,2021-05-13 00:00:00,24.77,340A751190506080160002
MI/HB-A100/CDS90GN8B,2024-11-26 00:00:00,2022-11-03 00:00:00,24.77,341G280210329040100001
MI/X2-12N8D6-O,2025-07-15 00:00:00,2023-06-22 00:00:00,24.77,541H543310331020120004
MI/X2-12N8D6-O,2025-07-15 00:00:00,2023-06-22 00:00:00,24.77,541H54519062C200120013
MI/M3OA-27HFN8-Q,2024-07-31 00:00:00,2023-07-20 00:00:00,24.78,54V2230000527160150119
MI/MSFAAU-12HRFN8-I,2024-07-31 00:00:00,2023-07-20 00:00:00,24.78,341F374840323150260063
MI/MSFAAU-12HRFN8-I,2024-07-31 00:00:00,2023-07-20 00:00:00,24.78,341F374840323150260105
MD/MDV-045G/DN1,2025-07-29 00:00:00,2023-07-05 00:00:00,24.8,34VG94714022C010100004
M/MV5-X252W/V2GN1,2017-10-09 00:00:00,2016-09-26 00:00:00,24.84,C703209721715106400025
MD/MOX33018HFN8QRD0N,2025-02-11 00:00:00,2023-01-17 00:00:00,24.84,54V2200004228200860020
MI/MCA3U12HRFN1QD0,2017-08-23 00:00:00,2016-08-10 00:00:00,24.84,2411334750163240160020
MI/MHA-V10W/D2N8-B,2025-01-10 00:00:00,2023-12-29 00:00:00,24.84,341G347010129020100025
MX/NXHBT-A100/190CD3,2024-12-13 00:00:00,2022-11-18 00:00:00,24.84,340G172950128130300027
M/MSMBDU-24HRFN1-QD0,2018-04-17 00:00:00,2016-03-21 00:00:00,24.87,D210058950715319120047
MD/MTIU18HWFNXQRDA,2023-06-09 00:00:00,2021-05-13 00:00:00,24.87,340A751190506080160002
MI/MCD1-55HRFNX-GA,2024-12-12 00:00:00,2023-11-29 00:00:00,24.9,541K471190139010160039
PUHZ-P140VHA,2015-06-17 00:00:00,2013-05-20 00:00:00,24.9,7H1P611G 2L00198
MD/MOBA18HFN1QRDA,2019-03-31 00:00:00,2017-03-02 00:00:00,24.93,240246904026A090150001
MDVV260WDRN1,2023-06-12 00:00:00,2021-05-14 00:00:00,24.93,34VB78204010B130100007
MI/AG-09NXD1-IH,2024-10-17 00:00:00,2022-09-19 00:00:00,24.93,341D697460117220130233
MI/AG-12NXD1-I,2023-10-20 00:00:00,2021-09-21 00:00:00,24.93,341D533230217020170167
MI/HB-A100/CDS90GN8B,2024-11-28 00:00:00,2022-10-31 00:00:00,24.93,341G280210329040100063
MI/MOBA03-12HFN1-QD0,2019-06-30 00:00:00,2017-06-01 00:00:00,24.93,2413336890774030850171
MSR2324HRDN1Q8,2017-04-28 00:00:00,2015-03-31 00:00:00,24.93,D202179890114301120122
MI/MSFAAU-12HRFN8-I,2024-11-20 00:00:00,2023-11-06 00:00:00,24.96,341F374840623150260007
M/MDV-V400W/DRN1,2024-10-11 00:00:00,2022-09-12 00:00:00,24.97,341F742390223260100015
M/MSMBDU-24HRFN1-QD0,2018-04-20 00:00:00,2016-03-21 00:00:00,24.97,D210058950715319120047
MI/HB-A160/CDS90GN8B,2025-01-13 00:00:00,2022-12-15 00:00:00,24.97,341G83786062A110100044
MI/MOBA02-09HFN1-QD0,2019-04-30 00:00:00,2017-03-31 00:00:00,24.97,2411653771065120130029
MSR112HRN1QC2,2015-05-04 00:00:00,2013-04-04 00:00:00,24.97,D201494330112A17120036
H/JAUR0110_02,2019-03-31 00:00:00,2017-02-28 00:00:00,25,HF1701069818
MI/MA-12NXD0-XI,2023-07-31 00:00:00,2021-06-30 00:00:00,25,341C491290312180810454
MSR23U12HRDN1Q8OU,2017-06-06 00:00:00,2015-05-07 00:00:00,25,D202179890614228130214
PEAD-RP50JAQ,2014-10-20 00:00:00,2012-09-19 00:00:00,25,7HF233G 1E01236
MI/HB-A160/CGN8-B,2024-01-16 00:00:00,2021-12-15 00:00:00,25.03,341D629530617210100057
MI/MCD-36HRFN1-QD0,2017-06-27 00:00:00,2015-05-27 00:00:00,25.03,D210058970815323160020
M/MSABBU-12HRDN1-QC8,2018-04-03 00:00:00,2016-03-01 00:00:00,25.07,D210234490315717120009
MCD55HRFN1QRD0,2019-07-31 00:00:00,2017-06-28 00:00:00,25.07,D212322310115119160010
MD/M3OA27HFN8QA,2025-07-31 00:00:00,2023-06-29 00:00:00,25.07,340F425710123200150033
MI/AHUKZ-03DM,2025-04-07 00:00:00,2023-03-06 00:00:00,25.07,341H31200022C040100038
MI/HB-A100/CDS90GN8B,2024-12-02 00:00:00,2022-10-31 00:00:00,25.07,341G280210329040100063
MI/MB-24N8D0-O,2023-05-31 00:00:00,2021-04-28 00:00:00,25.07,3417931601094200870018
MI/X1BP-12N8D0-OH,2024-12-10 00:00:00,2022-11-08 00:00:00,25.07,541F678410225090811068
MI/X1BP-12N8D0-OH,2024-12-10 00:00:00,2022-11-08 00:00:00,25.07,541F678410225090811075
MX/NXHPM-V6W/D2N8,2024-10-03 00:00:00,2022-09-01 00:00:00,25.07,341F749540124140100049
M/MSMBBU-09HRFN1-QD0,2018-04-19 00:00:00,2016-03-16 00:00:00,25.1,2410878180162150120024
MI/MI2-28Q4CDN1,2024-10-25 00:00:00,2022-09-22 00:00:00,25.1,341C325460112260100010
MI/MI2-36Q4CDN1,2024-10-25 00:00:00,2022-09-22 00:00:00,25.1,341F218310724040100047
MI/MI2-36Q4CDN1,2024-10-25 00:00:00,2022-09-22 00:00:00,25.1,341F218310724040100066
MI/MI2-45Q4CDN1,2024-10-25 00:00:00,2022-09-22 00:00:00,25.1,341F806490224070100054
MI/MI2-45Q4CDN1,2024-10-25 00:00:00,2022-09-22 00:00:00,25.1,341F806490224070100058
MI/MSMAAU09HRDN1QD0,2019-07-10 00:00:00,2017-06-06 00:00:00,25.1,2413336890474080820147
MI/MVI-224WV2RN1A,2024-06-04 00:00:00,2022-05-02 00:00:00,25.1,341E335740322220100004
MSR23U12HRDN1QROU,2015-10-28 00:00:00,2013-09-24 00:00:00,25.1,D202059250213412120041
MI/MOBA03-12HFN1-QD0,2019-06-30 00:00:00,2017-05-26 00:00:00,25.13,2411792200466020130060
MSR23U12HRDN1QROU,2015-10-29 00:00:00,2013-09-24 00:00:00,25.13,D202059250213412120041
PEAD-RP140JAQ,2015-06-24 00:00:00,2013-05-20 00:00:00,25.13,7HF733G 2D00316
MDVD45Q4/N1-A3,2015-10-22 00:00:00,2013-09-16 00:00:00,25.16,C703137680113109400014
MI/AGBP-18NXD0-I,2024-08-22 00:00:00,2022-07-18 00:00:00,25.16,341F401970123260850008
M/MI-71DL/DHN1-C,2019-03-31 00:00:00,2017-02-22 00:00:00,25.2,C701902590316701400002
MI/HB-A160/CDS90GN8B,2024-09-27 00:00:00,2022-08-22 00:00:00,25.2,341G198520325180100013
MI/MCA3U-12HRFNX-GA,2024-10-04 00:00:00,2022-08-29 00:00:00,25.2,541F381210124140160015
M/MKT3-400FG30,2019-04-30 00:00:00,2018-04-11 00:00:00,25.22,C703725551417508400009
MI/X1BP-12N8D0-O,2025-02-18 00:00:00,2024-01-31 00:00:00,25.22,541K46599023A080820176
DUO,2014-11-24 00:00:00,2012-10-17 00:00:00,25.23,1422D0002
M/MDV-V180W/DRN1,2024-09-25 00:00:00,2022-08-19 00:00:00,25.23,341F742940225070100009
MD/MOBA3012HFN1QRD0,2018-04-24 00:00:00,2016-03-17 00:00:00,25.23,2400827550461150130218
MI/HB-A160/CDS90GN8B,2025-03-03 00:00:00,2023-01-25 00:00:00,25.23,341G93451072A260100118
MI/HB-A160/CGN8-B,2024-01-16 00:00:00,2021-12-09 00:00:00,25.23,341D470450616260100028
MOV192HN1R,2019-03-31 00:00:00,2017-02-21 00:00:00,25.23,C702208260116819400017
MD/MOX13312HFN8QRD0N,2024-08-07 00:00:00,2022-06-30 00:00:00,25.26,340F404460423140830461
MI/HB-A100/CGN8-B,2023-12-31 00:00:00,2021-11-22 00:00:00,25.26,341D367920516200100018
MI/M3OE-27HFN1-Q,2019-03-31 00:00:00,2017-02-20 00:00:00,25.26,2412229370568170160006
MSR23U12HRDN1QROU,2016-04-11 00:00:00,2014-03-04 00:00:00,25.26,D202079120613515120157
MCA2I09HRFN1QRC8,2017-06-27 00:00:00,2015-05-19 00:00:00,25.3,D202294800214C02160055
MD/MSAFBU12HRDNX-XW,2024-07-31 00:00:00,2022-06-22 00:00:00,25.3,340F435600123060820482
MI/X1BP-09N8D0-O,2024-08-26 00:00:00,2022-07-18 00:00:00,25.3,341F647980223220810423
MX/NXHB-A100/CD9,2025-03-12 00:00:00,2024-06-28 00:00:00,25.32,340G169930528030100034
MCD24HRFN1QRD0,2019-05-31 00:00:00,2017-04-20 00:00:00,25.33,2412234060568200160013
MD/DCTS-18R32IVT-IN,2025-08-06 00:00:00,2023-06-27 00:00:00,25.33,340D96479101A120160014
MI/AG-12NXD1-I,2024-09-05 00:00:00,2022-07-27 00:00:00,25.33,341F401430323130170104
MI/HB-A60/CD30GN8B,2025-05-09 00:00:00,2023-03-30 00:00:00,25.33,341F745640525230100036
MUE45HRN1R,2017-03-29 00:00:00,2015-02-17 00:00:00,25.33,D202251770214804160045
MX/NXHB-A100/CD9,2024-10-11 00:00:00,2022-09-01 00:00:00,25.33,340G166340726050100080
MX/NXHPS-V10W/D2N8,2024-10-11 00:00:00,2022-09-01 00:00:00,25.33,340G166340626210100082
HX/NXERV-350V1_ST2,2025-02-27 00:00:00,2024-02-07 00:00:00,25.36,F231031056
MI/MHA-V12W/D2RN8-B,2025-06-26 00:00:00,2023-05-16 00:00:00,25.36,341H560320131100100003
MI/MCA3U-18FNXD0,2023-07-31 00:00:00,2021-06-18 00:00:00,25.39,341C447841511310160031
MI/MHA-V8W/D2N8-B,2025-07-17 00:00:00,2023-06-05 00:00:00,25.39,341H58392012C280100032
MI/M4O-36FN8-Q,2024-09-03 00:00:00,2022-07-22 00:00:00,25.43,541F727860625140150008
MD/MOCA0224HFN8QRD0,2020-08-31 00:00:00,2018-07-18 00:00:00,25.46,3405532540885110870052
MI/MI2-28GDN1,2024-09-23 00:00:00,2022-08-10 00:00:00,25.46,341F806510724140100023
MI/MI2-28GDN1,2024-09-23 00:00:00,2022-08-10 00:00:00,25.46,341F806510724140100102
MI/MI2-28GDN1,2024-09-23 00:00:00,2022-08-10 00:00:00,25.46,341F806510724140100118
MI/MI2-28GDN1,2024-09-23 00:00:00,2022-08-10 00:00:00,25.46,341F806510724140100155
MD/MOU60HDN1R,2016-09-12 00:00:00,2014-07-29 00:00:00,25.49,D202157840613C29160001
MD/MTI48HWFNXQRDA,2023-08-31 00:00:00,2021-07-16 00:00:00,25.49,340D227620614290160018
MD/UNVS-36R32INTT-OU,2024-08-14 00:00:00,2022-06-30 00:00:00,25.49,340D96499101B060150042
MI/AG-09NXD1-I,2023-07-12 00:00:00,2021-05-27 00:00:00,25.49,341C447840711300170180
MI/AG-12NXD1-IH,2025-01-20 00:00:00,2022-12-06 00:00:00,25.49,541G439800128180130021
MD/MDV-022G/DN1,2023-06-30 00:00:00,2021-05-14 00:00:00,25.53,34VB968270811120100036
MD/MDV-022G/DN1,2023-06-30 00:00:00,2021-05-14 00:00:00,25.53,34VB968270811120100039
MI/MCA3U-12FNXD0,2019-05-31 00:00:00,2018-09-14 00:00:00,25.53,3415896380786050160093
MI/MCD-48FNXD0,2023-10-31 00:00:00,2021-09-14 00:00:00,25.53,341D228510514270160031
MX/NXHPS-V10W/D2N8,2024-10-17 00:00:00,2022-09-01 00:00:00,25.53,340G166340626210100082
MD/MTIU18HWFNXQRDA,2023-06-30 00:00:00,2021-05-13 00:00:00,25.56,340A751190506080160002
MI/MA-12NXD0-XI,2023-06-30 00:00:00,2021-05-13 00:00:00,25.56,341C491150311220820293
MD/MSAFCU18HRFN1QRD0,2019-06-30 00:00:00,2017-05-12 00:00:00,25.59,2403283380573050810021
MCA2I09HRFN1QRC8,2017-07-07 00:00:00,2015-05-19 00:00:00,25.62,D202294800214C02160039
MI/MI2-56Q4DN1,2023-07-31 00:00:00,2021-06-11 00:00:00,25.62,341C325460312260100040
MI/MSMBBU12HRFN1QRD0,2019-03-31 00:00:00,2017-02-09 00:00:00,25.62,2412229370268190120077
MD/M2OF18HFN1Q,2018-06-04 00:00:00,2017-11-21 00:00:00,25.64,2403801900279160160006
MI/MHC-V10W/D2N8-B,2024-01-16 00:00:00,2021-11-26 00:00:00,25.66,341C325480913170100007
MI/X1BP-09N8D0-O,2024-09-06 00:00:00,2022-07-18 00:00:00,25.66,341F647980223220810423
MUE48HRFN1QC2,2018-06-08 00:00:00,2016-04-18 00:00:00,25.66,D202294390414B28160005
MI/MOD30U-42HFN8RGA,2025-06-18 00:00:00,2024-05-23 00:00:00,25.68,541L74096033B130150066
MI/X3-18N8D0-OH,2025-01-27 00:00:00,2022-12-07 00:00:00,25.69,541G99507042A080120032
MS12F824HRDN1C8OU,2017-06-07 00:00:00,2015-04-17 00:00:00,25.69,D202263690414906150012
H/JAUR0080_04,2024-01-23 00:00:00,2021-11-30 00:00:00,25.76,HF2109103490
M40C36HRDN1Q,2015-06-23 00:00:00,2013-04-30 00:00:00,25.76,D201494320612A26160004
MD/MOX13312HFN8QRD0N,2025-03-17 00:00:00,2023-01-23 00:00:00,25.76,54V220000442B120830152
MI/HB-A100/CDS90GN8B,2025-02-04 00:00:00,2022-12-13 00:00:00,25.76,341G280210329040100080
MS12F812HRDN1C8OU,2017-10-09 00:00:00,2015-08-17 00:00:00,25.76,D200073040415411130394
MD/MDV-045Q4C/DN1,2024-07-19 00:00:00,2022-05-25 00:00:00,25.82,34V8142450296080100027
MI/HBT-A100/190CD3B,2024-12-10 00:00:00,2023-11-13 00:00:00,25.82,340G172950128130300025
MI/MI2-22Q4CDN1,2024-03-28 00:00:00,2022-01-31 00:00:00,25.85,341D663620216170100003
MI/MSMAAU09HRDN1QD0,2019-06-30 00:00:00,2017-05-04 00:00:00,25.85,2413182110172250820004
PEAD-RP140JAQ,2015-07-16 00:00:00,2013-05-20 00:00:00,25.85,7HF733G 2D00316
MI/HB-A160/CDS90GN8B,2024-02-29 00:00:00,2023-01-31 00:00:00,25.88,341G93451072A260100086
MI/MHC-V8WD2N7E30,2025-05-22 00:00:00,2024-04-23 00:00:00,25.88,541L963760341010100025
MI/MSFAAU-09HRFN8-I,2023-09-29 00:00:00,2022-08-31 00:00:00,25.88,341F374840523150260125
MD/AEBU12HRFN8QRD6,2024-08-20 00:00:00,2022-06-24 00:00:00,25.89,340F334220321190130038
MI/HBT-A100/190CDS9B,2024-11-26 00:00:00,2022-09-30 00:00:00,25.89,341G347050127200300006
MD/MSAEBU12HRFN1QRD0,2019-03-31 00:00:00,2017-01-31 00:00:00,25.92,2401713990365170120170
MI/MSMBBU12HRFN1QRD0,2018-05-15 00:00:00,2016-03-17 00:00:00,25.92,D210233580215718120087
MI/X2-12N8D6-O,2024-11-25 00:00:00,2022-09-28 00:00:00,25.92,341F401430223150120032
MI/X2-12N8D6-O,2024-11-25 00:00:00,2022-09-28 00:00:00,25.92,541F298760224020120098
MDVD45T2/N1-BA5,2015-08-26 00:00:00,2013-06-26 00:00:00,25.99,C703084571111323400004
MDVD45T2/N1-BA5,2015-08-26 00:00:00,2013-06-26 00:00:00,25.99,C703084571111323400009
MI/HB-A100/CDS90GN8B,2025-01-07 00:00:00,2022-11-08 00:00:00,25.99,341G280210329040100004
MI/HB-A160/CGN8-B,2023-12-27 00:00:00,2021-10-27 00:00:00,25.99,341D367740615130100035
MI/MHC-V8W/D2N8-B,2025-05-27 00:00:00,2023-03-28 00:00:00,25.99,341H31169012B160100013
MI/MSMABU12HRDN1QD0,2019-05-31 00:00:00,2017-03-31 00:00:00,25.99,2413055170371180820048
MUB18HRN1Q,2015-09-29 00:00:00,2013-07-30 00:00:00,25.99,D201494350412B03160011
MDVD22Q4/N1-A3,2019-04-30 00:00:00,2018-03-30 00:00:00,26.02,C702255350216906400006
MHG60HWFN1Q,2017-04-13 00:00:00,2015-02-11 00:00:00,26.02,D202212890114504160002
MI/MA-24NXD0-I,2023-08-31 00:00:00,2021-06-30 00:00:00,26.02,341A033520704290860101
MI/MCA3U-18HRFNX-GA,2025-03-26 00:00:00,2023-01-24 00:00:00,26.02,341F559330223290160037
MI/X3-18N8D0-O,2025-03-26 00:00:00,2023-01-24 00:00:00,26.02,541H08716072A250120022
MD/AFBU12HRDNXQRD0,2025-05-29 00:00:00,2023-03-28 00:00:00,26.05,540H57869012C170820316
MD/M3OF27HFN8QA,2023-04-30 00:00:00,2021-02-26 00:00:00,26.05,340B99012020B190150011
MI/MOBA03-09HFN1-QD0,2019-07-31 00:00:00,2017-05-29 00:00:00,26.05,2411915080266240130116
DCS22FX-12HRLB1X-OU,2018-05-14 00:00:00,2017-04-12 00:00:00,26.08,2403116650472070840404
MD/MSAEAU09HRFNXQRD0,2019-06-30 00:00:00,2018-05-29 00:00:00,26.08,3405102330182060120073
MD/MSAEAU09HRFNXQRD0,2019-06-30 00:00:00,2018-05-29 00:00:00,26.08,3405102330182060120081
MD/MSAEBU12HRFN1QRD0,2017-08-02 00:00:00,2016-07-01 00:00:00,26.08,2401199390363140120012
MI/HB-A160/CDS90GN8B,2025-03-03 00:00:00,2022-12-30 00:00:00,26.08,341G93451072A260100118
MI/MCA3U-18FNXD0,2025-04-28 00:00:00,2023-02-24 00:00:00,26.08,341E44919021A060160019
MX/NXHPM-V14W/D2RN8,2024-10-08 00:00:00,2023-09-07 00:00:00,26.08,34VH537380231030100019
MI/MSMAAU09HRDN1QD0,2019-06-30 00:00:00,2018-05-28 00:00:00,26.14,2411792200165290120441
BSFU09HRDOU,2019-03-31 00:00:00,2017-01-24 00:00:00,26.15,240272087026B110130071
M/MOD30U-30HFN1-QRD0,2019-07-31 00:00:00,2017-05-26 00:00:00,26.15,2413337370573200160005
MD/AHB-A100/CD9,2024-11-27 00:00:00,2022-09-23 00:00:00,26.15,34VG265630527230100010
MI/HB-A100/CDS90GN8B,2024-10-02 00:00:00,2022-07-29 00:00:00,26.15,341G198520225180100071
MI/MCD-48HRFN1-QD0,2019-03-31 00:00:00,2017-01-24 00:00:00,26.15,D210233890715711160017
M/MS11PU-09HRFN1-QD0,2019-03-31 00:00:00,2017-01-23 00:00:00,26.18,D212322260215117120113
M/MSMBBU-09HRFN1-QD0,2017-12-12 00:00:00,2015-10-07 00:00:00,26.18,D210058950115329120003
MD/MOX13312HFN8QRD0,2024-09-18 00:00:00,2022-07-14 00:00:00,26.18,340F435600223090810140
MI/HB-A160/CDS90GN8B,2024-10-15 00:00:00,2022-08-10 00:00:00,26.18,341F745640725230100021
MI/HB-A60/CD30GN8B,2024-10-22 00:00:00,2022-08-17 00:00:00,26.18,341F745640525230100079
MI/MCA3U-18HRFNX-GA,2025-03-31 00:00:00,2023-01-24 00:00:00,26.18,341F559330223290160037
MI/MOBA03-09HFN1-QD0,2019-06-30 00:00:00,2017-04-24 00:00:00,26.18,2413055170271140840033
MI/X3-18N8D0-OH,2024-12-05 00:00:00,2022-09-30 00:00:00,26.18,341F401230423180830008
MDVD28G/N1-S,2016-01-27 00:00:00,2015-05-06 00:00:00,26.22,C703212690115114400013
MI/HB-A160/CDS90GN8B,2024-10-04 00:00:00,2022-07-29 00:00:00,26.22,341G198400325180100067
MI/MA-12NXD0-XI,2023-08-31 00:00:00,2021-06-24 00:00:00,26.22,341C612660314080810390
MI/MA-18N8D0-O,2023-08-31 00:00:00,2021-06-24 00:00:00,26.22,341C491150611220830189
MI/MB-18N8D0-I,2019-07-31 00:00:00,2018-06-27 00:00:00,26.22,3415543550384080820035
MI/MCD-48FNXD0,2023-05-31 00:00:00,2021-03-24 00:00:00,26.22,341B79651030A220160004
MI/MTIU-18HWFNX-GA,2024-03-28 00:00:00,2022-01-19 00:00:00,26.25,341D952350319030150005
MI/MTIU-18HWFNX-GA,2024-03-28 00:00:00,2022-01-19 00:00:00,26.25,341D95291011A120160003
MI/X2-12N8D1-OH,2023-12-27 00:00:00,2021-10-19 00:00:00,26.25,341B271080409040120021
MUE36HRFN1QRC8A,2017-11-28 00:00:00,2015-09-21 00:00:00,26.25,D202294390114B28160001
PLA-RP140BA,2015-04-29 00:00:00,2013-02-19 00:00:00,26.25,7G7G001G 2F01227
MI/AGBP-18NXD0-I,2025-07-08 00:00:00,2024-06-03 00:00:00,26.28,541L25653033A070130136
MI/HB-A100/CGN8-B,2024-01-31 00:00:00,2021-11-22 00:00:00,26.28,341D367920516200100023
MI/MV6-R450WV2RN1,2023-12-27 00:00:00,2021-10-18 00:00:00,26.28,341C325370412220100001
MX/NXHPM-V10W/D2N8,2025-04-30 00:00:00,2024-03-26 00:00:00,26.28,540L55863013C130100016
PUHZ-SHW112YHA,2015-11-26 00:00:00,2014-10-22 00:00:00,26.28,7H1SH02G 4C00791
M/MDV-V450W/DRN1,2019-03-31 00:00:00,2018-10-22 00:00:00,26.299999999999997,C705243270618203400008
MD/MOB3118HFN1QRD0GW,2018-03-02 00:00:00,2017-06-08 00:00:00,26.31,2403245160673210860010
MI/MSMADU24HRFN1QD0,2019-06-30 00:00:00,2017-04-20 00:00:00,26.31,24131821105722408B0012
MI/HB-A160/CDS90GN8B,2024-02-29 00:00:00,2023-01-24 00:00:00,26.34,341G93451072A260100086
M/MUE-48HRFN1-Q(A),2017-12-29 00:00:00,2015-10-19 00:00:00,26.35,D212309910515103160004
MI/MSMABU12HRDN1QD0,2019-05-31 00:00:00,2017-03-20 00:00:00,26.35,2413055170371180820049
MD/MOCA3024HFN1QRD0,2019-06-30 00:00:00,2017-04-18 00:00:00,26.38,2401199671063150150020
MI/MA-18N8D0-O,2023-07-25 00:00:00,2021-05-13 00:00:00,26.38,341C491290612050830089
MI/MHA-V4W/D2N8-B,2024-10-28 00:00:00,2022-08-17 00:00:00,26.38,341G076700125240100033
MI/MSMAAU09HRDN1QD0,2019-03-31 00:00:00,2017-01-17 00:00:00,26.38,2411792200165290120219
MI/X3-18N8D0-OH,2024-11-26 00:00:00,2022-09-15 00:00:00,26.38,541G086460225150860092
MI/MCD-48FNXD0,2023-06-06 00:00:00,2021-03-24 00:00:00,26.41,341B79651030A220160013
MSR23U12HRDN1Q8OU,2017-10-26 00:00:00,2015-08-14 00:00:00,26.41,D202179890614228130382
MX/NXHPM-V10W/D2N8,2024-11-14 00:00:00,2022-09-02 00:00:00,26.41,340G166340426210100010
MI-56Q4/DHN1-D,2019-03-31 00:00:00,2018-02-22 00:00:00,26.42,C703152112317219400003
DUO,2015-02-06 00:00:00,2012-11-23 00:00:00,26.45,917HF110426042
MI/MI2-28Q4DN1,2023-08-31 00:00:00,2021-06-17 00:00:00,26.45,C702662711116C01400009
MI/MI2-28Q4DN1,2023-08-31 00:00:00,2021-06-17 00:00:00,26.45,C702662711116C01400011
MI/X1BP-12N8D0-OH,2025-01-21 00:00:00,2022-11-08 00:00:00,26.45,541F678410225090811075
G- LCE324CQ,2016-03-08 00:00:00,2013-12-23 00:00:00,26.48,HF 1311046518
MI/HB-A60/CD30GN8B,2024-12-11 00:00:00,2022-09-27 00:00:00,26.48,341G198520125170100090
M/MI-36G/DHN1-M,2019-03-31 00:00:00,2017-01-13 00:00:00,26.51,C701902560216612400012
MD/MOX13312HFN8QRD0N,2025-06-06 00:00:00,2023-03-22 00:00:00,26.51,540H57869022C200851062
M/MI-112Q4/DHN1-D,2019-03-31 00:00:00,2018-07-05 00:00:00,26.52,C701747911216512400013
MDVV200WDRN1,2019-03-31 00:00:00,2018-07-05 00:00:00,26.52,C705790010118511400002
M/MOTS-27HFN1QRD0,2023-07-31 00:00:00,2022-06-22 00:00:00,26.54,34VE372800122120300002
MI/HB-A100/CDS90GN8B,2025-01-16 00:00:00,2022-10-31 00:00:00,26.54,341G280210329040100020
MD/MSAFBU12HRDN1QRD0,2019-06-30 00:00:00,2017-04-12 00:00:00,26.58,2403135170372230820031
MI/M4O-36FN8-Q,2024-11-15 00:00:00,2022-08-29 00:00:00,26.58,541F727860625140150018
MI/MSMBAU09HRFN1QRD0,2019-03-31 00:00:00,2017-01-11 00:00:00,26.58,2412148590168100120038
MX/NXHPS-V10W/D2N8,2024-11-22 00:00:00,2022-09-05 00:00:00,26.58,340G166340626210100029
M/MV5-X500W/V2GN1,2019-03-31 00:00:00,2018-02-19 00:00:00,26.6,C702759731117104400001
MI/MA-18NXD0-I,2024-07-10 00:00:00,2022-04-22 00:00:00,26.61,341E44938011A080850052
MI/MOBA03-09HFN1-QD0,2019-03-31 00:00:00,2017-01-10 00:00:00,26.61,2412228000268220130097
MI/MSMACU18HRFN1QD0,2019-03-31 00:00:00,2018-07-04 00:00:00,26.61,3415686850185210820179
MOU51HN1RB6W,2017-08-18 00:00:00,2015-05-31 00:00:00,26.61,D202201950414414160066
MSZ-FH25VE,2016-07-05 00:00:00,2014-04-17 00:00:00,26.61,L20E21YS3030630T
MX/NXHPM-V12W/D2RN8,2024-11-20 00:00:00,2022-09-02 00:00:00,26.61,340G166340926200100004
MX/NXHPM-V8W/D2N8,2024-11-20 00:00:00,2022-09-02 00:00:00,26.61,340G166340426210100021
M/MOB01-12HFN1-QD0W,2017-09-13 00:00:00,2015-06-25 00:00:00,26.64,D212312810615112130045
MD/MOCA3024HFN1QRD0,2018-06-06 00:00:00,2016-03-17 00:00:00,26.64,2400827550861200150106
MDVV260WDRN1,2016-12-22 00:00:00,2014-10-03 00:00:00,26.64,C703194401114728400004
MI/M2OH-14HFN8-Q,2024-11-26 00:00:00,2022-09-07 00:00:00,26.64,541F727790126050150007
MI/M2OH-14HFN8-Q,2024-11-26 00:00:00,2022-09-07 00:00:00,26.64,541F727790126050150008
MI/MI2-22GDN1,2024-07-29 00:00:00,2022-05-10 00:00:00,26.64,341E335730622230100103
MX/NXHBT-A100/190CD3,2024-12-17 00:00:00,2022-09-28 00:00:00,26.64,340G172920127180300005
MX/NXHBT-A100/190CD3,2024-12-17 00:00:00,2022-09-28 00:00:00,26.64,340G172920127180300009
MX/NXHBT-A100/190CD3,2024-12-17 00:00:00,2022-09-28 00:00:00,26.64,340G172920127180300010
MX/NXHBT-A100/190CD3,2024-12-17 00:00:00,2022-09-28 00:00:00,26.64,340G172920127180300013
MX/NXHBT-A100/190CD3,2024-12-17 00:00:00,2022-09-28 00:00:00,26.64,340G172920127180300018
MX/NXHBT-A100/190CD3,2024-12-17 00:00:00,2022-09-28 00:00:00,26.64,340G172920127180300024
MX/NXHBT-A100/190CD3,2024-12-17 00:00:00,2022-09-28 00:00:00,26.64,340G172920127180300025
MI/AG-18NXD0-I,2023-07-31 00:00:00,2021-05-10 00:00:00,26.68,341C447841111310130065
MI/MA-12N8D0-XO,2024-03-18 00:00:00,2021-12-27 00:00:00,26.68,341E353990419120810743
MI/MHA-V8W/D2N8-B,2025-01-28 00:00:00,2022-11-08 00:00:00,26.68,341G280210128280100020
MI/MHC-V8W/D2N8-B2,2024-11-12 00:00:00,2022-08-23 00:00:00,26.68,341F920330225050100047
MI/X4-24N8D0-OH,2023-12-27 00:00:00,2021-10-06 00:00:00,26.68,341B522050409140120006
MS12F812HRDN1C8OU,2017-05-19 00:00:00,2015-02-27 00:00:00,26.68,D202212880314503130136
MSR23U09HRDN1Q8OU,2017-05-31 00:00:00,2015-03-11 00:00:00,26.68,D202179890714227130104
MSR23U12HRDN1QROU,2016-05-12 00:00:00,2014-02-20 00:00:00,26.68,D202132210913B01130068
MI/MA-09NXD0-XI,2024-05-21 00:00:00,2022-02-28 00:00:00,26.71,341C491290112180810541
MI/MI2-28GDN1,2023-05-31 00:00:00,2021-03-09 00:00:00,26.71,3418513890698190100069
MI/MOD30U-36HFN8QGA,2024-12-10 00:00:00,2022-09-19 00:00:00,26.71,341F380670522190150008
MI/MTIU-18HWFNX-GA,2024-04-11 00:00:00,2022-01-19 00:00:00,26.71,341D95291011A120160003
MX/NXHB-A100/CD9,2024-11-22 00:00:00,2022-09-01 00:00:00,26.71,340G166340726050100080
MD/MOBA3012HFN1QRD0,2017-04-28 00:00:00,2016-03-17 00:00:00,26.74,2400827550461150130292
MI/MA-09NXD0-XI,2024-05-22 00:00:00,2022-02-28 00:00:00,26.74,341C491290112180810541
MI/MUE-36FNXD0,2023-10-20 00:00:00,2021-07-28 00:00:00,26.74,341C448080412010160007
MUE51HRN1R,2017-08-22 00:00:00,2015-05-31 00:00:00,26.74,D202251770414803160021
MI/MHC-V12W/D2RN8-B2,2024-12-16 00:00:00,2022-09-23 00:00:00,26.77,341G288000227250100031
MX/NXHPS-V12W/D2RN8,2024-11-29 00:00:00,2022-09-06 00:00:00,26.77,340G166340326210100015
MI/MOBA03-12HFN1-QD0,2018-09-28 00:00:00,2016-07-04 00:00:00,26.81,2411653770465090150028
MI/MZAU-42HWFN8-QD2W,2025-01-07 00:00:00,2022-10-14 00:00:00,26.81,541G409520127030150001
MI/HB-A100/CDS90GN8B,2024-11-18 00:00:00,2022-08-23 00:00:00,26.87,341F920280224270100008
MI/MV6-R450WV2RN1,2023-12-27 00:00:00,2021-09-30 00:00:00,26.87,341C325370412220100001
MD/MSAEAU09HRFNXQRD0,2019-05-31 00:00:00,2018-04-17 00:00:00,26.88,3405102330182060120029
MI/HB-A100/CDS90GN8B,2025-01-27 00:00:00,2022-10-31 00:00:00,26.91,341G280210329040100019
MI/MHA-V12W/D2RN8-B,2024-06-27 00:00:00,2022-03-31 00:00:00,26.91,341E56089061A280100028
MD/MSAFDU24HRFN8-W,2024-03-28 00:00:00,2021-12-29 00:00:00,26.94,340C613310213260850074
MI/HB-A60/CD30GN8B,2024-11-14 00:00:00,2022-08-17 00:00:00,26.94,341F745640525230100010
MI/HB-A60/CD30GN8B,2024-11-19 00:00:00,2022-08-22 00:00:00,26.94,341F745640525230100033
MI/MSFAAU-09HRFN8-I,2024-11-13 00:00:00,2022-08-16 00:00:00,26.94,341F374840523150260014
MX/NXHB-A160/CD9,2024-12-03 00:00:00,2022-09-05 00:00:00,26.94,340G166340226050100020
M/MV5-X615W/V2GN1,2023-10-20 00:00:00,2021-07-21 00:00:00,26.97,C706252480387234000006
MD/MOB3112HFN1QRD0GW,2019-06-30 00:00:00,2017-03-31 00:00:00,26.97,2401659970664290130066
MI/MI2-28GDN1,2023-10-20 00:00:00,2021-07-21 00:00:00,26.97,341D068470914050100023
MI/MOBA03-09HFN1-QD0,2019-03-31 00:00:00,2016-12-30 00:00:00,26.97,2412228000268220130094
MI/MOD30U-42HFN8RGA,2024-11-20 00:00:00,2022-08-22 00:00:00,26.97,541F381761224200150068
M3OD27HFN1Q,2016-08-12 00:00:00,2014-05-13 00:00:00,27,D202103310713729160018
M/MI-28G/DHN1-S,2024-06-14 00:00:00,2022-03-14 00:00:00,27.04,C703329250117303400025
MD/MOU60HDN1R,2016-10-21 00:00:00,2014-07-21 00:00:00,27.04,D202157840613C29160010
DCS22FX-12HRLB1X-OU,2018-05-29 00:00:00,2017-04-12 00:00:00,27.06,2403116650472070840404
MI/MOB03-12HFN1-QD0,2017-09-13 00:00:00,2016-07-28 00:00:00,27.06,2411653771265100150093
MI/M2OH-14HFN8-Q,2024-12-09 00:00:00,2022-09-07 00:00:00,27.07,541F727790126050150007
MD/MOBA3009HFN1QRD0,2019-03-31 00:00:00,2018-06-29 00:00:00,27.089999999999996,2401918420266180130292
MI/MOX430U-24HFN8QGA,2023-11-30 00:00:00,2023-02-28 00:00:00,27.089999999999996,541H36103052B240120072
G/MPET42C0AC,2024-07-04 00:00:00,2022-03-31 00:00:00,27.14,21701068
MD/MDV-045Q4C/DN1,2024-08-28 00:00:00,2022-05-25 00:00:00,27.14,34V8142450296080100027
MI/AGBP-12NXD0-IH,2024-05-17 00:00:00,2023-03-31 00:00:00,27.14,541F678410125100870148
MI/HB-A100/CDS90GN8B,2025-05-12 00:00:00,2023-02-06 00:00:00,27.14,341G93451062A260100056
MI/HB-A60/CD30GN8B,2024-10-02 00:00:00,2022-06-29 00:00:00,27.14,341F743970524040100064
MI/HB-A60/CD30GN8B,2024-10-02 00:00:00,2022-06-29 00:00:00,27.14,341F743970524040100089
MI/HB-A60/CD30GN8B,2025-01-24 00:00:00,2022-10-21 00:00:00,27.14,341G198520125170100055
MD/MDV-028G/DN1,2025-01-08 00:00:00,2022-10-04 00:00:00,27.17,34VF900590227020100004
MD/MOX33018HFN8QRD0N,2024-10-04 00:00:00,2022-06-30 00:00:00,27.17,340F338320623060860076
MI/MTIU-12FNXD0,2024-02-15 00:00:00,2021-11-10 00:00:00,27.17,340A446180105180160017
TX/NX-DHW-250-1C-S,2024-10-04 00:00:00,2022-06-30 00:00:00,27.17,DHW250220429007190003
MD/MOU60HDN1R,2016-10-26 00:00:00,2014-07-21 00:00:00,27.2,D202157840613C29160010
MD/MOX13312HFN8QRD0N,2025-06-25 00:00:00,2023-03-20 00:00:00,27.2,54V220000442C060830089
MI/HBT-A100/240CD3B,2024-10-02 00:00:00,2022-06-27 00:00:00,27.2,341E960100221160300034
MS12FU24HRFN1QRD0GW,2017-08-10 00:00:00,2016-06-22 00:00:00,27.2,2401653710764270860005
M/MSABBU-12HRDN1-QC8,2016-12-05 00:00:00,2016-03-04 00:00:00,27.21,D210234490315717120050
MI/X3-18N8D0-OH,2023-11-30 00:00:00,2022-10-11 00:00:00,27.26,341F401230423180830020
H/JAXR0212_01,2019-03-31 00:00:00,2016-12-20 00:00:00,27.3,HF1610068076
MD/AHBT-A100/240CD9,2025-02-18 00:00:00,2022-11-10 00:00:00,27.3,34VG265250327230300014
MI/HB-A100/CDS90GN8B,2024-11-18 00:00:00,2022-08-10 00:00:00,27.3,341G198520225180100014
MI/MOE30U-55HFN8RGA,2025-03-11 00:00:00,2022-11-30 00:00:00,27.33,54V2250000C29230150087
MI/MV6-R335WV2RN1,2025-03-11 00:00:00,2022-11-30 00:00:00,27.33,341G309070327240100008
PMFY-P25VBM-E,2015-08-20 00:00:00,2013-05-10 00:00:00,27.33,L7H8022S2YA00354
MI/MHA-V8W/D2N8-B,2025-03-06 00:00:00,2024-01-15 00:00:00,27.34,341H607650331010100006
MI/MVI-260WV2RN1A,2024-05-17 00:00:00,2023-03-28 00:00:00,27.34,341F74242012A220100016
MD/CSTS-18R32IVT-IN,2025-07-11 00:00:00,2023-03-31 00:00:00,27.37,340F334690522220160044
MI/HB-A100/CDS90GN8B,2024-11-07 00:00:00,2022-07-28 00:00:00,27.37,341G198400225170100027
MI/HB-A60/CD30GN8B,2024-11-05 00:00:00,2022-07-26 00:00:00,27.37,341G198400125170100069
MOU18HFN1QRC8,2017-09-06 00:00:00,2015-05-27 00:00:00,27.37,D202263611014911160010
MD/MSAFBU12HRDNX-XW,2023-09-29 00:00:00,2021-06-17 00:00:00,27.4,340C613480314140820315
MI/AG-12NXD1-IH,2024-01-31 00:00:00,2021-10-19 00:00:00,27.4,341D674140118020130146
MI/MI2-28Q4DN1,2023-09-29 00:00:00,2021-06-17 00:00:00,27.4,C702662711116C01400002
MI/HBT-A100/240CD3B,2025-02-28 00:00:00,2022-11-16 00:00:00,27.43,341E960100221160300042
MI/HBT-A100/240CD3B,2025-02-28 00:00:00,2022-11-16 00:00:00,27.43,341E960100221160300046
MI/MCD1-48HRFNX-GA,2025-01-09 00:00:00,2022-09-27 00:00:00,27.43,340D96479031A100160070
MI/MHA-V10W/D2N8-B,2025-01-29 00:00:00,2022-10-17 00:00:00,27.43,341G346300127130100006
MI/MI2-22Q4CDN1,2024-11-22 00:00:00,2022-08-10 00:00:00,27.43,341F806500224060100008
MI/MI2-45Q4CDN1,2024-11-22 00:00:00,2022-08-10 00:00:00,27.43,341F218310724040100018
MI/MSMABU12HRDN1QD0,2019-06-30 00:00:00,2017-03-17 00:00:00,27.43,2412228000368210120030
MUE48HRDN1Q,2015-10-07 00:00:00,2013-06-24 00:00:00,27.43,D202045460213313160009
MI/MOBA02-09HFN1-QD0,2018-02-13 00:00:00,2017-08-30 00:00:00,27.450000000000003,241291491026C130130036
MI/MHC-V6W/D2N8-B2,2024-12-16 00:00:00,2022-09-02 00:00:00,27.46,341F920330125030100003
MS12FU24HRFN1QRD0GW,2017-08-14 00:00:00,2016-06-22 00:00:00,27.46,2401653710764270860005
M/MOEU-48HFN1-QRD0,2017-12-01 00:00:00,2015-08-17 00:00:00,27.5,D210059140915328160008
M/MOF2-24HFN1-QD0,2019-03-31 00:00:00,2016-12-14 00:00:00,27.5,D212322230815117150068
MI/HB-A60/CD30GN8B,2024-11-05 00:00:00,2022-07-22 00:00:00,27.5,341G198400125170100069
MI/X2-09N8D1-OH,2023-12-29 00:00:00,2021-09-13 00:00:00,27.5,341C447840312010120006
MUE60HRFN1QC2,2016-03-07 00:00:00,2013-11-21 00:00:00,27.5,D202104960213720160014
MD/MDV-056Q4/DN1,2025-04-23 00:00:00,2024-02-29 00:00:00,27.52,54VL057430139090100034
MD/MOCA24HFN1QRDA,2019-03-31 00:00:00,2018-02-05 00:00:00,27.52,2403801980178180150001
MI/AHUKZ-02D,2025-04-03 00:00:00,2024-02-09 00:00:00,27.52,341H31190012C010100015
MI/AHUKZ-03DM,2025-04-03 00:00:00,2024-02-09 00:00:00,27.52,341H31200022C040100034
MD/MDV-045Q4C/DN1,2024-09-09 00:00:00,2022-05-25 00:00:00,27.53,34V8142450296080100027
MI/HB-A60/CD30GN8B,2024-11-06 00:00:00,2022-07-22 00:00:00,27.53,341G198520125170100035
MI/HB-A100/CDS90GN8B,2024-11-19 00:00:00,2022-08-03 00:00:00,27.56,341G198400225170100049
MI/HB-A100/CDS90GN8B,2024-12-02 00:00:00,2022-08-16 00:00:00,27.56,341F745640625230100084
MI/HB-A100/CDS90GN8B,2025-05-12 00:00:00,2023-01-24 00:00:00,27.56,341G93451062A260100056
MI/MCA3U-18HRFNX-GA,2025-05-12 00:00:00,2023-01-24 00:00:00,27.56,341F559330223290160037
MSR118HRN1QB8,2016-01-04 00:00:00,2013-09-17 00:00:00,27.56,D202105050113712120080
MD/M4OB36HFN8QA,2025-07-18 00:00:00,2023-03-31 00:00:00,27.6,540H571700531040150029
MI/MHA-V12W/D2RN8-B,2024-05-28 00:00:00,2022-02-08 00:00:00,27.6,341D367920316220100044
MI/MHC-V8W/D2N8-B2,2024-12-10 00:00:00,2022-08-23 00:00:00,27.6,341F920330225050100047
MD/MSAEDU24HRFN1QRD0,2017-08-29 00:00:00,2016-07-04 00:00:00,27.66,2401199390763160120014
MI/MSFAAU-09HRFN8-I,2024-06-19 00:00:00,2023-04-25 00:00:00,27.66,341F374840123150260024
HX/NXERV-350V1_ST2,2025-08-14 00:00:00,2024-11-06 00:00:00,27.69,F231031044
MDVD22Q4/N1-A3,2019-06-30 00:00:00,2017-03-09 00:00:00,27.69,C702579491716B05400008
MI/HB-A100/CDS90GN8B,2024-11-18 00:00:00,2022-07-29 00:00:00,27.69,341G198520225180100014
MI/MOE30U-55HFN8RGA,2024-10-07 00:00:00,2022-06-17 00:00:00,27.69,541F559330524020150051
MX/NXHBT-A100/240CD9,2023-12-27 00:00:00,2022-10-31 00:00:00,27.72,340G172920227180300017
MCA2I09HRFN1QRC8,2016-06-10 00:00:00,2014-02-17 00:00:00,27.73,D202059260313421160047
MD/MSAEBU12HRFN1QRD0,2019-03-31 00:00:00,2016-12-07 00:00:00,27.73,2401713990365170120418
MI/MHC-V8W/D2N8-B2,2024-10-18 00:00:00,2022-06-27 00:00:00,27.73,341F920450124280100066
MRBT-062HWN1-R,2019-03-31 00:00:00,2016-12-07 00:00:00,27.73,C703207911914C16400001
MD/AFBU12HRDNXQRD0,2025-07-15 00:00:00,2023-03-23 00:00:00,27.76,540H57869012C170820598
MD/MOX13312HFN8QRD0N,2025-07-15 00:00:00,2023-03-23 00:00:00,27.76,540H57869022C200850409
M/MSMBBU-09HRFN1-QD0,2017-10-02 00:00:00,2015-06-09 00:00:00,27.79,D212322230415114120165
MI/X2-12N8D1-OH,2024-02-12 00:00:00,2021-10-19 00:00:00,27.79,341B271080409040120021
MOU24HN1Q,2015-12-02 00:00:00,2013-08-08 00:00:00,27.79,D202048420413322160022
MI/MCA3U-12HRFNX-GA,2024-09-19 00:00:00,2022-05-26 00:00:00,27.83,341F380330122220160055
MSR124HRN1QB8,2015-05-12 00:00:00,2013-01-15 00:00:00,27.83,D201426400212326130026
MD/M2OE18HFN8QAH,2025-06-16 00:00:00,2024-04-18 00:00:00,27.86,54VN432050241250150007
MD/MSAEDU24HRFN1QRD0,2017-09-01 00:00:00,2016-07-04 00:00:00,27.86,2401199390763160120014
MDVD28Q4/N1-A2,2016-04-25 00:00:00,2015-02-26 00:00:00,27.86,C703084440111315400006
MI/MOD30U-36HFN1-QD0,2019-03-31 00:00:00,2018-01-31 00:00:00,27.86,2413621320777130160001
M/AHUKZ-03N1,2023-06-30 00:00:00,2021-03-03 00:00:00,27.89,341B96637120B160100016
MCD18HRFN1QRD0,2019-03-31 00:00:00,2016-12-02 00:00:00,27.89,2411797620466170160020
MD/MDV-022Q4C/DN1,2024-01-31 00:00:00,2021-10-04 00:00:00,27.89,34V8448680197080100040
MI/HB-A160/CDS90GN8B,2025-04-24 00:00:00,2022-12-27 00:00:00,27.89,341G93451072A260100095
MI/MA-24N8D0-O,2024-03-28 00:00:00,2021-11-30 00:00:00,27.89,341E353990819100850030
MD/MSAEBU12HRFN1QRD0,2018-05-30 00:00:00,2017-03-31 00:00:00,27.92,2401713990365170120179
MDVD56G/N1-E1,2015-10-23 00:00:00,2013-06-25 00:00:00,27.92,C703024580508719400010
MI/HB-A100/CDS90GN8B,2025-02-27 00:00:00,2022-10-31 00:00:00,27.92,341G280210329040100019
MI/HB-A160/CGN8-B,2023-10-30 00:00:00,2021-07-02 00:00:00,27.92,341C900700813240100017
MI/MOCA02-24HFN1-QD0,2019-03-31 00:00:00,2016-12-01 00:00:00,27.92,2411792200866040150082
MOV96HN1R,2014-05-12 00:00:00,2013-03-13 00:00:00,27.92,C703126090612725400001
MSR23U12HRDN1QR,2016-10-14 00:00:00,2014-06-17 00:00:00,27.92,D202132210413B05120050
MI/AG-12NXD1-IH,2024-03-18 00:00:00,2021-11-18 00:00:00,27.96,341D950900419020130024
MI/MA-18NXD0-I,2024-07-12 00:00:00,2022-03-14 00:00:00,27.96,341D237950518040850097
MI/MOBA03-09HFN1-QD0,2019-03-31 00:00:00,2016-11-30 00:00:00,27.96,2411698870265120130575
MI/X2-12N8D6-OH,2024-03-18 00:00:00,2021-11-18 00:00:00,27.96,341D950900819030120030
PAC-IF051B-E,2014-02-13 00:00:00,2013-09-24 00:00:00,27.96,7H1FTC4G 3H00645
MD/MOBA3012HFN1QRD0,2019-03-31 00:00:00,2018-01-29 00:00:00,27.98,2403245140473020850059
MI/MA-18NXD0-I,2023-05-31 00:00:00,2022-03-31 00:00:00,27.98,341D237890517250810128
MI/HB-A60/CD30GN8B,2024-11-20 00:00:00,2022-07-22 00:00:00,27.99,341G198520125170100031
MI/MDV-V335W/DGN1,2023-05-31 00:00:00,2021-01-29 00:00:00,27.99,34VB207300408240100005
MI/MHA-V14W/D2RN8-B,2023-10-30 00:00:00,2021-06-30 00:00:00,27.99,341C900700513200100011
MSR23U12HRDN1QROU,2015-10-28 00:00:00,2013-06-28 00:00:00,27.99,D202044470413321120053
MI/AGBP-09NXD0-I,2025-07-31 00:00:00,2023-03-31 00:00:00,28.02,341F401970523250810054
MI/X3BP-18N8D0-O,2024-10-30 00:00:00,2022-06-30 00:00:00,28.02,341F401970223250830027
MHB96HWN1,2016-08-18 00:00:00,2015-06-18 00:00:00,28.06,C703223070515403400008
MI/AG-12NXD1-IH,2024-01-16 00:00:00,2021-09-14 00:00:00,28.06,341B271020309080130046
MI/MOE30U-55HFN8RGA,2024-01-31 00:00:00,2022-11-30 00:00:00,28.06,54V2250000C29230150087
MI/MTI-55HWFNX-GA,2024-12-10 00:00:00,2022-08-09 00:00:00,28.06,341E84856021B190160004
MI/MCA3-18HRFN1-QD0,2017-12-20 00:00:00,2015-08-18 00:00:00,28.09,D212322310515117160016
MI/MCA3U-12HRFNX-GA,2025-06-20 00:00:00,2023-02-16 00:00:00,28.09,54V2250000827180160116
M/MDV-450W/DRN1(B),2016-02-24 00:00:00,2014-12-23 00:00:00,28.12,C703112490912217400005
MD/MSAFDU24HRFN8QRD0,2024-09-26 00:00:00,2022-05-24 00:00:00,28.12,340C613580714130850063
MI/MA-09N8D0-XO,2024-07-03 00:00:00,2022-02-28 00:00:00,28.12,341E353990219120810018
MI/MV6-R335WV2RN1,2025-04-04 00:00:00,2022-11-30 00:00:00,28.12,341G309070327240100008
MSR23U09HRDN1QR,2015-10-29 00:00:00,2013-06-25 00:00:00,28.12,D202044680313316120008
MD/MOX13312HFN8QRD0N,2025-06-27 00:00:00,2023-02-21 00:00:00,28.15,54V220000442C060830718
MD/MSAEBU12HRFN1QRD0,2019-03-31 00:00:00,2016-11-24 00:00:00,28.15,2401713990365170120226
MI/HB-A100/CDS90GN8B,2024-12-02 00:00:00,2022-07-29 00:00:00,28.15,341F745640625230100084
MI/HB-A160/CGN8-B,2024-06-14 00:00:00,2022-02-08 00:00:00,28.15,341D470450616260100033
MI/MHA-V4W/D2N8-B,2024-10-31 00:00:00,2022-06-27 00:00:00,28.15,341F733211024280100001
MI/MOU-42FN8-RD0,2024-01-31 00:00:00,2022-11-28 00:00:00,28.18,341B215200908230150014
MI/MI2-22GDN1,2024-07-15 00:00:00,2022-03-10 00:00:00,28.19,341A574820106260100007
MI/MI2-22GDN1,2024-07-15 00:00:00,2022-03-10 00:00:00,28.19,341A574820106260100015
MI/MI2-22GDN1,2024-07-15 00:00:00,2022-03-10 00:00:00,28.19,341A574820106260100057
MI/MI2-22GDN1,2024-07-15 00:00:00,2022-03-10 00:00:00,28.19,341A574820106260100124
MI/MI2-22GDN1,2024-07-15 00:00:00,2022-03-10 00:00:00,28.19,341A574820106260100128
MCD24HRFN1QRC8,2019-03-31 00:00:00,2016-11-22 00:00:00,28.22,D202263610114911160044
MI/MA-09N8D0-O,2023-05-31 00:00:00,2021-01-22 00:00:00,28.22,341A000480204190860197
MDVD56T2/CN1,2015-08-26 00:00:00,2013-04-18 00:00:00,28.25,C703074040210B12400019
MI/MI2-45Q4CDN1,2024-03-28 00:00:00,2021-11-19 00:00:00,28.25,341D068470413240100008
PKFY-P15VBM-E,2016-08-01 00:00:00,2014-03-25 00:00:00,28.25,L7H7H01S38A06299
MDVD22G/N1-S,2018-05-28 00:00:00,2017-03-24 00:00:00,28.26,C702579491016B03400023
MCD48HRFN1QC2,2016-03-29 00:00:00,2013-11-19 00:00:00,28.29,D202060160313413160007
MSZ-GE60VA,2016-07-18 00:00:00,2014-03-10 00:00:00,28.29,L20E00BS1006129T
MI/HB-A160/CGN8-B,2023-12-27 00:00:00,2021-08-17 00:00:00,28.32,341D367740615130100035
MI/MI2-28GDN1,2023-11-30 00:00:00,2021-07-21 00:00:00,28.32,341D068470914050100099
MI/MOU-18FN1-QD0,2019-06-30 00:00:00,2018-04-25 00:00:00,28.32,3415242940583010130136
MI/MA-24N8D0-O,2024-01-31 00:00:00,2021-09-20 00:00:00,28.35,341C612480814030860077
PLA-RP60BA,2015-02-04 00:00:00,2012-09-24 00:00:00,28.35,7G7C219G 1F02748
MD/MODA36HFN1RRDA,2019-03-31 00:00:00,2016-11-17 00:00:00,28.38,2401942430868200160014
MDV280(10WDRN1B,2017-03-13 00:00:00,2014-10-31 00:00:00,28.38,C703112490812214400002
MI/MCD-48FNXD0,2023-07-31 00:00:00,2021-03-19 00:00:00,28.38,341B79651030A220160030
MI/MHC-V10W/D2N8-B,2024-10-11 00:00:00,2022-05-31 00:00:00,28.38,341F749480224010100012
MD/MSAEBU12HRFN1QRD0,2019-03-31 00:00:00,2016-11-16 00:00:00,28.42,2401713990365170120227
MD/MSAEBU12HRFN1QRD0,2019-03-31 00:00:00,2016-11-16 00:00:00,28.42,2401713990365170120230
MDVD56Q4/N1-C,2016-11-15 00:00:00,2014-07-04 00:00:00,28.42,C703056101610203400012
MI/MV6-I560WV2GN1-E,2023-06-30 00:00:00,2021-02-15 00:00:00,28.42,341A564000706170100008
MI/CB1-12HRFN8-I,2025-06-25 00:00:00,2024-04-18 00:00:00,28.44,541N249170341130130049
M/MSABDU-18HRDN1-QC8,2018-04-04 00:00:00,2015-11-19 00:00:00,28.48,D212322480315119120113
MI/MSMADU24HRFN1QD0,2019-03-31 00:00:00,2016-11-14 00:00:00,28.48,2411698870765090120046
MD/M4OB36HFN8Q,2024-01-16 00:00:00,2021-08-31 00:00:00,28.52,340D141280315120150001
MD/MDV-036Q4C/DN1,2024-04-22 00:00:00,2023-02-13 00:00:00,28.52,34VE332981021050100002
MD/MDV-036Q4C/DN1,2024-04-22 00:00:00,2023-02-13 00:00:00,28.52,34VE332981021050100004
MHD60HRDN1R,2014-10-20 00:00:00,2013-08-12 00:00:00,28.52,D202041030413311160011
MI/MHA-V14W/D2RN8-B,2023-08-31 00:00:00,2021-04-15 00:00:00,28.52,341C325480512060100007
MSR23U09HRDN1QR,2015-11-20 00:00:00,2013-07-05 00:00:00,28.52,D202044470313317120008
MUE24HRFN1QRC8,2018-04-16 00:00:00,2015-11-30 00:00:00,28.52,D202294390314B28160025
MUZ-GC25VA,2016-02-09 00:00:00,2013-09-24 00:00:00,28.52,L20E7A0S2001218T
M/MOZU-18HFN1-QD0,2018-01-03 00:00:00,2015-08-18 00:00:00,28.55,D210059140115325150031
MI/MOE30U-55HFN8RGA,2024-10-02 00:00:00,2022-05-17 00:00:00,28.55,341F380330822170150022
MI/MSFAAU-09HRFN8-I,2023-09-29 00:00:00,2022-07-21 00:00:00,28.58,341F374840523150260133
MI/HB-A100/CDS90GN8B,2025-03-20 00:00:00,2022-10-31 00:00:00,28.61,341G280210329040100082
MI/MHC-V8W/D2N8-B,2024-10-18 00:00:00,2022-05-31 00:00:00,28.61,341F749480224010100027
MI/MI2-28GDN1,2023-08-03 00:00:00,2021-03-15 00:00:00,28.61,341B96713080C250100022
MI/M3OA-27HFN8-QHP,2024-09-18 00:00:00,2023-07-10 00:00:00,28.64,54V2230000527160150027
MI/MOCA01-24HFN1-QD0,2019-05-31 00:00:00,2018-03-21 00:00:00,28.64,2411785860865290130077
MD/MDV-028G/DN1,2024-07-16 00:00:00,2022-02-25 00:00:00,28.65,34VE07630081B280100004
MD/MOX43124HFN8QRD0,2025-01-17 00:00:00,2022-08-29 00:00:00,28.65,540G124520825130860020
MI/HB-A60/CD30GN8B,2024-12-11 00:00:00,2022-07-22 00:00:00,28.68,341G198520125170100090
MI/MOB02-18HFN1-QD0W,2019-07-31 00:00:00,2017-03-10 00:00:00,28.68,241291495066C150130010
MI/HB-A160/CDS90GN8B,2024-12-12 00:00:00,2022-07-21 00:00:00,28.75,341F920280324260100014
MI/HB-A60/CD30GN8B,2024-12-13 00:00:00,2022-07-22 00:00:00,28.75,341G198520125170100030
MI/HBT-A100/190CDS9B,2025-02-27 00:00:00,2022-10-06 00:00:00,28.75,341G347050127200300009
MSH-GA60VB,2016-08-17 00:00:00,2014-03-25 00:00:00,28.78,L20E50SS0002072T
MI/MHC-V8W/D2N8-B2,2025-02-21 00:00:00,2022-09-28 00:00:00,28.81,341G288000127260100035
MI/MUE-30HRFN1-QRD0,2017-10-06 00:00:00,2015-05-13 00:00:00,28.81,D212309910915103160005
MI/HB-A60/CD30GN8B,2024-12-16 00:00:00,2022-07-22 00:00:00,28.84,341G198520125170100023
MI/MHC-V12W/D2RN8-B,2024-12-06 00:00:00,2022-07-12 00:00:00,28.84,341F749480324010100047
MI/X2-12N8D6-OH,2025-02-24 00:00:00,2022-09-30 00:00:00,28.84,341F401430223150120021
MI/MHC-V12W/D2RN8-B2,2025-05-20 00:00:00,2022-12-23 00:00:00,28.88,341G84735022A050100039
PUHZ-P125YHA,2015-05-25 00:00:00,2014-03-11 00:00:00,28.9,7H1S305G 2E00900
MD/MDV-022G/DN1,2024-07-22 00:00:00,2022-02-23 00:00:00,28.91,34VE372810621020100019
MD/MDV-028G/DN1,2024-07-22 00:00:00,2022-02-23 00:00:00,28.91,34VE07630081B280100016
MD/MSAEBU12HRFN1QRD0,2019-06-30 00:00:00,2017-01-31 00:00:00,28.91,2401713990365170120154
M/MI-90Q4/DHN1-D,2017-09-29 00:00:00,2016-07-15 00:00:00,28.98,C703247680315A08400017
MI/HBT-A100/190CDS9B,2025-03-06 00:00:00,2022-10-06 00:00:00,28.98,341G347050127200300028
MD/MSAEBU12HRFN1QRD0,2019-05-31 00:00:00,2016-12-28 00:00:00,29.04,2401713990365170120390
MI/HBT-A100/190CDS9B,2025-03-06 00:00:00,2022-10-04 00:00:00,29.04,341G347050127200300004
MI/MDV-V80W/DN1C,2024-01-31 00:00:00,2021-08-30 00:00:00,29.04,341C333870112180300020
MI/MTI-18FNXD0,2019-03-31 00:00:00,2018-08-22 00:00:00,29.04,3415666690584230160011
M/MV5-X252W/V2GN1,2019-05-31 00:00:00,2016-12-27 00:00:00,29.07,C701747950516507400003
MI/MHC-V10W/D2N8-B,2024-12-13 00:00:00,2022-07-12 00:00:00,29.07,341F749480224010100016
MI/MHC-V22W/D2RN8,2024-09-27 00:00:00,2022-04-26 00:00:00,29.07,341F212920922130100001
MX/NXCMB-190ST-V2,2023-05-31 00:00:00,2022-03-14 00:00:00,29.1,341C27795010C150300012
MI/HB-A100/CDS90GN8B,2025-04-07 00:00:00,2022-11-03 00:00:00,29.11,341G280210329040100038
MI/HB-A60/CD30GN8B,2025-02-17 00:00:00,2022-09-15 00:00:00,29.11,341G198400125170100010
MI/MOU-36FN8-RD0,2023-12-29 00:00:00,2021-07-26 00:00:00,29.11,341B79654080A210150042
MTB36HWFN1QRC8(A),2017-08-25 00:00:00,2015-03-23 00:00:00,29.11,D202158820313C27160007
G-MPE010C2AA,2019-03-31 00:00:00,2016-10-25 00:00:00,29.14,16701450
MOV96HN1R,2017-08-30 00:00:00,2015-03-27 00:00:00,29.14,C703165120313A14400007
MD/MDV-140Q4/DN1,2023-04-30 00:00:00,2020-11-23 00:00:00,29.17,34VA566801407040100006
MI/MUE-30HRFN1-QRD0,2018-03-29 00:00:00,2015-10-23 00:00:00,29.17,D212322300515119160004
MI/HB-A60/CD30GN8B,2025-01-22 00:00:00,2022-08-17 00:00:00,29.2,341F745640525230100049
MI/MHC-V22W/D2RN8,2024-09-27 00:00:00,2022-04-22 00:00:00,29.2,341F212920922130100001
MTB36HWFN1QRC8(A),2017-08-28 00:00:00,2015-03-23 00:00:00,29.2,D202158820313C27160007
MD/MOU48HDN1R,2016-03-02 00:00:00,2013-09-24 00:00:00,29.24,D202041030713314160003
MI/AHUKZ-03DM,2025-01-31 00:00:00,2022-08-25 00:00:00,29.24,341F218521121080100050
MI/M5OE-42HFN8-Q,2023-07-31 00:00:00,2022-05-12 00:00:00,29.24,341F326910722250150005
MOUE48HDN1R,2016-11-03 00:00:00,2014-05-28 00:00:00,29.24,D202060160713420160008
MD/MSAEBU12HRFN1QRD0,2019-06-30 00:00:00,2017-01-19 00:00:00,29.3,2401713990365170120178
MI/MUE-24HRFN1-QRD0,2019-03-31 00:00:00,2016-10-20 00:00:00,29.3,2410884740761240160022
MSR118HRN1QB8,2015-10-02 00:00:00,2013-04-23 00:00:00,29.3,D201497140212A30130040
M/MOZU-12HFN1-QD0,2017-08-28 00:00:00,2015-03-19 00:00:00,29.34,D212309890815105130019
MI/MTBU-12HWFN1-QD0,2017-08-28 00:00:00,2015-03-19 00:00:00,29.34,D212309920515103160002
MD/MHG60HWDN1Q,2019-06-30 00:00:00,2018-04-09 00:00:00,29.36,2400865810561190160011
MI/MHA-V8W/D2N8-B,2023-12-27 00:00:00,2022-10-06 00:00:00,29.36,341G346300127130100023
MD/MOU60HDN1R,2015-05-31 00:00:00,2012-12-18 00:00:00,29.37,D201462410212615160008
MI/HB-A60/CD30GN8B,2025-01-27 00:00:00,2022-08-17 00:00:00,29.37,341F745640525230100039
MOU24HN1Q,2016-01-19 00:00:00,2013-08-08 00:00:00,29.37,D202048420413322160022
MI/MOU-48FN8-RD0,2023-08-31 00:00:00,2021-03-19 00:00:00,29.4,341B215201208260150015
PURY-EP350YJM-A,2016-01-04 00:00:00,2013-07-23 00:00:00,29.4,7GFEU334W00346
MHD48HRDN1Q,2015-05-19 00:00:00,2012-12-04 00:00:00,29.43,D201477560112823160009
MD/MOU60HDN1R,2016-05-31 00:00:00,2013-12-16 00:00:00,29.47,D202079140213524160026
MI/MOE30U-55HFN8RGA,2024-07-25 00:00:00,2022-02-09 00:00:00,29.47,341D95506041B040150021
MD/MODA36HFN1QRDA,2019-03-31 00:00:00,2016-10-14 00:00:00,29.5,2401942430766230160002
MI/AG-24NXD0-IH,2023-04-30 00:00:00,2020-11-13 00:00:00,29.5,341B522050309090130020
MD/MOX13312HFN8QRD0N,2025-01-10 00:00:00,2022-07-26 00:00:00,29.53,340F338320423070830180
MI/MHA-V6W/D2N8-B,2025-01-27 00:00:00,2022-08-12 00:00:00,29.53,341F915970424280100008
HX/NXERV-350V1_ST2,2024-02-29 00:00:00,2022-12-06 00:00:00,29.56,F221030122
MI/MOE30U-55HFN8RGA,2024-01-31 00:00:00,2022-11-07 00:00:00,29.56,340D961560917260150011
MD/MSAEBU12HRFN1QRD0,2019-06-30 00:00:00,2017-01-10 00:00:00,29.6,2401713990365170120178
MSR23U12HRDN1QROU,2016-08-09 00:00:00,2014-02-20 00:00:00,29.6,D202132210913B01130048
M/MKA-1200F,2017-05-31 00:00:00,2014-12-11 00:00:00,29.63,C703167451013B28400033
MDVV400WDRN1,2023-09-29 00:00:00,2021-04-09 00:00:00,29.66,34VB78237020C170100007
MI/AGBP-12NXD0-I,2024-11-18 00:00:00,2022-05-30 00:00:00,29.66,341F648600123220870691
MI/HB-A100/CDS90GN8B,2024-11-26 00:00:00,2022-06-07 00:00:00,29.66,341F743970624060100037
MI/HB-A60/CD30GN8B,2025-02-05 00:00:00,2022-08-17 00:00:00,29.66,341F745640525230100017
MI/HB-A60/CD30GN8B,2025-02-05 00:00:00,2022-08-17 00:00:00,29.66,341F745640525230100018
MI/HB-A60/CD30GN8B,2025-02-05 00:00:00,2022-08-17 00:00:00,29.66,341F745640525230100047
PURY-EP350YJM-A,2016-01-12 00:00:00,2013-07-23 00:00:00,29.66,7GFEU334W00346
MI/MA-18NXD0-I,2023-10-31 00:00:00,2021-05-10 00:00:00,29.7,341C491150511200860050
MI/MCD-55FNXD0,2023-11-30 00:00:00,2021-06-09 00:00:00,29.7,341C448080112010160009
MI/MHC-V8W/D2N8-B2,2025-03-20 00:00:00,2022-09-28 00:00:00,29.7,341G288000127260100035
MUE51HRN1R,2016-08-25 00:00:00,2015-05-31 00:00:00,29.7,D202251770414803160025
MI/MOBA03-09HFN1-QD0,2019-03-31 00:00:00,2016-10-06 00:00:00,29.76,2411698870265120130424
MOV96HN1R,2017-09-18 00:00:00,2015-03-27 00:00:00,29.76,C703165120313A14400007
MX/NXRHP-50AWM-1A,2019-03-31 00:00:00,2018-01-02 00:00:00,29.76,2403611770374230810012
MI/MV6-I850WV2GN1-E,2025-07-11 00:00:00,2023-01-16 00:00:00,29.8,341H13340012A280100004
MI/MI2-90T1DN1,2023-04-30 00:00:00,2022-01-31 00:00:00,29.82,3417606361393160100003
MI/MI2-90T1DN1,2023-04-30 00:00:00,2022-01-31 00:00:00,29.82,3417606361393160100005
MI/MI2-90T1DN1,2023-04-30 00:00:00,2022-01-31 00:00:00,29.82,3417935811195090100001
MI/MI2-90T1DN1,2023-04-30 00:00:00,2022-01-31 00:00:00,29.82,3417935811195090100004
MI/MV6-670WV2GN1-E,2024-02-12 00:00:00,2021-08-18 00:00:00,29.83,341A290571605110100003
M/MDV-450W/D2RN1T,2018-04-19 00:00:00,2015-10-23 00:00:00,29.86,C703209731214C26400007
MD/MSAEBU12HRFN1QRD0,2019-06-30 00:00:00,2017-01-02 00:00:00,29.86,2401713990365170120355
MI/AHUKZ-02DM,2024-03-18 00:00:00,2021-09-21 00:00:00,29.86,341D665240317100100001
MI/MV6-I785WV2GN1-E,2024-03-18 00:00:00,2021-09-21 00:00:00,29.86,34VD665130416250100001
MI/HB-A160/CDS90GN8B,2025-02-20 00:00:00,2022-08-25 00:00:00,29.89,341G198520325190100004
MI/MA-12N8D0-XO,2023-12-27 00:00:00,2021-06-30 00:00:00,29.89,341C491290412080820185
MI/MCD1-36HRFN8-GA,2025-05-27 00:00:00,2022-11-29 00:00:00,29.89,341D95378021A140160017
MI/HB-A100/CDS90GN8B,2024-02-13 00:00:00,2022-11-15 00:00:00,29.9,341G198520225180100018
MI/HB-A160/CDS90GN8B,2023-11-30 00:00:00,2022-09-01 00:00:00,29.9,341G198520325190100034
M/RSJ-35/300RDN3-DS,2018-06-12 00:00:00,2015-12-14 00:00:00,29.93,C703194831314804400001
MI/HB-A160/CDS90GN8B,2025-02-06 00:00:00,2022-08-10 00:00:00,29.93,341F745640725230100023
MI/M5O-42FN8-Q,2024-07-10 00:00:00,2022-01-11 00:00:00,29.93,341E38159091A090150017
MI/MA-18N8D0-O,2023-09-20 00:00:00,2021-03-23 00:00:00,29.93,341A033520604280840186
MI/MCA3U-12FNXD0,2023-06-30 00:00:00,2020-12-31 00:00:00,29.93,341B214690808200160010
PUHZ-P140YHA,2016-08-16 00:00:00,2014-02-17 00:00:00,29.93,7H1T306G 2L00085
MDVD335W/SN1,2015-06-17 00:00:00,2012-12-17 00:00:00,29.96,C703102641711915400001
MI/MSMAAU09HRDN1QD0,2019-06-30 00:00:00,2016-12-30 00:00:00,29.96,2412228000168230120066
MI/MUE-30HRFN1-QRD0,2019-06-30 00:00:00,2016-12-30 00:00:00,29.96,2412234060168180160002
MI/MUE-48HRFN1-QRD0,2019-03-31 00:00:00,2016-09-30 00:00:00,29.96,2411658010565040160007
MS12FU12HRDN1QRD0GW,2019-03-31 00:00:00,2016-09-30 00:00:00,29.96,2401302930363260810176
N/ACH101045E.BK,2019-03-31 00:00:00,2016-09-30 00:00:00,29.96,CKR002B15081900011
N/ACH101045E.BK,2019-03-31 00:00:00,2016-09-29 00:00:00,29.99,CKR002B15081900011
MI/MHC-V4W/D2N8-B,2023-11-30 00:00:00,2022-08-30 00:00:00,30.02,341F920330125030100004
MI/HB-A160/CDS90GN8B,2024-12-09 00:00:00,2022-06-09 00:00:00,30.03,341F743970724060100053
MI/HB-A60/CD30GN8B,2025-01-21 00:00:00,2022-07-22 00:00:00,30.03,341G198520125170100034
MI/MHA-V10W/D2N8-B,2024-04-19 00:00:00,2021-10-18 00:00:00,30.03,341D367920216240100049
MI/MOD30U-36HFN8QGA,2025-06-24 00:00:00,2022-12-23 00:00:00,30.03,541G018310125130150004
MD/MDV-036Q4C/DN1,2023-05-31 00:00:00,2020-11-27 00:00:00,30.06,34VA566791206170100034
MD/MTI55HWFNXQRDA,2023-05-31 00:00:00,2020-11-27 00:00:00,30.06,340B609980409210160004
MI/HB-A60/CD30GN8B,2025-02-17 00:00:00,2022-08-17 00:00:00,30.06,341F745640525230100001
MI/HB-A60/CD30GN8B,2025-02-17 00:00:00,2022-08-17 00:00:00,30.06,341F745640525230100004
MI/HB-A60/CD30GN8B,2025-02-17 00:00:00,2022-08-17 00:00:00,30.06,341F745640525230100080
MI/MOCA30U24HFN1ZQD0,2019-04-30 00:00:00,2018-06-29 00:00:00,30.06,2413105470172090150066
MOBA3007HFN1QRD0GW,2019-03-31 00:00:00,2018-08-14 00:00:00,30.08,D210244810215802130116
MHB76HRN1,2019-03-31 00:00:00,2016-09-26 00:00:00,30.09,C703185250414513400012
MI/MUE-36HRFN1-QRD0,2019-03-31 00:00:00,2016-09-26 00:00:00,30.09,2411658010465040160009
M/MDV-400W/D2RN1T,2018-04-27 00:00:00,2015-10-23 00:00:00,30.12,C703209731114C26400008
MI/HB-A60/CD30GN8B,2025-01-24 00:00:00,2022-07-22 00:00:00,30.12,341G198520125170100055
MI/MHA-V12W/D2RN8-B,2025-02-20 00:00:00,2022-08-18 00:00:00,30.12,341F745770425180100005
MI/MHC-V10W/D2N8-B,2025-01-14 00:00:00,2022-07-12 00:00:00,30.12,341F749480224010100016
MI/HB-A100/CDS90GN8B,2025-03-13 00:00:00,2022-09-07 00:00:00,30.16,341G198520225180100003
MI/HB-A100/CDS90GN8B,2025-03-13 00:00:00,2022-09-07 00:00:00,30.16,341G198520225180100028
MI/M3OF-27HFN8-Q,2024-08-08 00:00:00,2022-02-01 00:00:00,30.19,341E38159061A090150026
MI/X2-12N8D1-O,2023-09-29 00:00:00,2021-03-24 00:00:00,30.19,341B271080409040120054
MCD48HRFN1QC2,2016-05-27 00:00:00,2013-11-19 00:00:00,30.22,D202060160313413160002
MD/AFCU18HRFN8QRD0,2024-05-22 00:00:00,2023-02-17 00:00:00,30.22,54V2200004029220810016
MI/MHA-V6W/D2N8-B,2025-01-02 00:00:00,2022-06-27 00:00:00,30.22,341E785140321100100002
MI/MHA-V6W/D2N8-B,2025-02-18 00:00:00,2022-08-12 00:00:00,30.26,341F915970424280100008
MI/MOD30U-42HFN8RGA,2025-02-28 00:00:00,2022-08-22 00:00:00,30.26,541F381761224200150068
MSR2324HRDN1QR,2016-01-18 00:00:00,2013-07-11 00:00:00,30.26,D202048490113317130054
MUE36HRFN1QRC8A,2019-03-31 00:00:00,2016-09-21 00:00:00,30.26,D202250480114730160014
M/MTIR-27HFN1-QRD0,2019-06-30 00:00:00,2018-03-26 00:00:00,30.28,C703209700515110400001
MI/HB-A60/CD30GN8B,2025-01-29 00:00:00,2022-07-22 00:00:00,30.29,341G198520125170100029
MI/MHA-V6W/D2N8-B,2024-11-06 00:00:00,2022-04-29 00:00:00,30.29,341E958620321110100013
MD/MOX33018HFN8QRD0,2024-11-06 00:00:00,2022-04-28 00:00:00,30.32,340E211880519100830109
MI/HB-A60/CD30GN8B,2025-01-07 00:00:00,2022-06-29 00:00:00,30.32,341F743970524040100085
MI/MOU-48FN8-RD0,2023-04-30 00:00:00,2020-10-19 00:00:00,30.32,341B215201108260150009
MI/MOU-55FN8-RD0,2023-04-30 00:00:00,2020-10-19 00:00:00,30.32,341A996901407130150001
PLFY-P100VBM-E,2015-06-25 00:00:00,2012-12-14 00:00:00,30.32,7H8J774G 2G01456
MI/M5O-42FN8-Q,2024-07-23 00:00:00,2022-01-11 00:00:00,30.35,341E38159091A090150017
MI/MCD-48FNXD0,2023-09-29 00:00:00,2021-03-19 00:00:00,30.35,341B79651030A220160030
MI/MHC-V8W/D2N8-B,2025-01-08 00:00:00,2022-06-29 00:00:00,30.35,341F749480224010100040
MI/MHC-V8W/D2N8-B,2025-03-12 00:00:00,2022-08-31 00:00:00,30.35,341G287960126150100005
MI/MTI-48FNXD0,2023-09-29 00:00:00,2021-03-19 00:00:00,30.35,341B79651080A190160008
MI/MUE-55HRFNX-GA,2024-08-02 00:00:00,2022-01-21 00:00:00,30.35,341D95397101A160160008
MI/MUE-55HRFNX-GA,2024-08-02 00:00:00,2022-01-21 00:00:00,30.35,341D95397101A160160010
MI/X2-12N8D1-O,2025-01-28 00:00:00,2022-07-19 00:00:00,30.35,341D228390617060120033
MOU12HDN1Q,2015-08-07 00:00:00,2013-01-25 00:00:00,30.35,D201494361012A25160002
PUHZ-SHW80VHA,2015-03-11 00:00:00,2014-07-23 00:00:00,30.36,L7HJL01S39U01746
MI/MHA-V8W/D2N8-B,2025-05-13 00:00:00,2022-10-31 00:00:00,30.39,341G280210128280100078
MI/MV6-670WV2GN1-E,2024-02-29 00:00:00,2021-08-18 00:00:00,30.39,341A290571605110100003
PUHZ-RP60VHA,2015-10-21 00:00:00,2013-04-09 00:00:00,30.39,L7H1K04S18U07740
M/MOYU-30HFN1-QRD0,2017-01-25 00:00:00,2015-10-20 00:00:00,30.42,D212309890715107160020
MI/MHC-V8W/D2N8-B,2025-01-23 00:00:00,2022-07-12 00:00:00,30.42,341F749480224010100024
MI/MUE-36HRFNX-GA,2024-08-23 00:00:00,2022-02-09 00:00:00,30.42,341D941280417230160009
MD/MOU60HDN1R,2016-03-31 00:00:00,2013-09-16 00:00:00,30.45,D202041030913313160024
PUHZ-RP60VHA,2015-10-23 00:00:00,2013-04-09 00:00:00,30.45,L7H1K04S18U07740
MI/HB-A60/CD30GN8B,2025-03-14 00:00:00,2022-08-29 00:00:00,30.49,341G198400125170100048
MI/MHA-V6W/D2N8-B,2025-03-14 00:00:00,2022-08-29 00:00:00,30.49,341F743970123220100028
MI/MSMADU24HRFN1QD0,2019-03-31 00:00:00,2016-09-14 00:00:00,30.49,2411653770765090120059
MI/MSMADU24HRFN1QD0,2019-03-31 00:00:00,2016-09-14 00:00:00,30.49,2411653770765090120060
MI/MI2-52Q4CDN1,2025-04-16 00:00:00,2022-09-30 00:00:00,30.52,341F218310724040100087
MI/MA-12N8D0-O,2023-05-31 00:00:00,2020-11-12 00:00:00,30.55,341A033510404260850496
MI/MA-12NXD0-XI,2024-01-16 00:00:00,2021-06-30 00:00:00,30.55,341C491290312180810454
MD/AFBU09HRFN8QRD1,2025-07-18 00:00:00,2024-04-09 00:00:00,30.56,54VN385150141200170016
MI/HB-A160/CDS90GN8B,2023-11-30 00:00:00,2022-08-22 00:00:00,30.56,341G198520325190100034
MI/MTIU-12FNXD0,2025-02-24 00:00:00,2023-11-17 00:00:00,30.56,340A000080703230160038
MD/MOU60HDN1R,2015-07-07 00:00:00,2012-12-18 00:00:00,30.58,D201462410212615160018
MI/AG-18NXD0-I,2023-11-30 00:00:00,2021-05-13 00:00:00,30.58,341C15476030B210130009
MI/HB-A60/CD30GN8B,2025-01-15 00:00:00,2022-06-29 00:00:00,30.58,341F743970524040100033
MI/M3OF-27HFN8-Q,2023-11-30 00:00:00,2021-05-13 00:00:00,30.58,341C15444030B210150028
MI/M2OH-14HFN8-Q,2025-03-27 00:00:00,2022-09-07 00:00:00,30.62,541F727790126050150007
MI/M2OH-14HFN8-Q,2025-03-27 00:00:00,2022-09-07 00:00:00,30.62,541F727790126050150008
MI/X1F-12N8D1-O,2025-08-04 00:00:00,2024-04-25 00:00:00,30.62,541N429300241230170096
MX/NXHPM-V6W/D2N8,2025-03-26 00:00:00,2022-09-06 00:00:00,30.62,340G166340526200100004
MI/MA-09N8D0-XO,2025-01-22 00:00:00,2022-07-04 00:00:00,30.65,341D237890217190820183
MI/HB-A100/CDS90GN8B,2025-03-13 00:00:00,2022-08-22 00:00:00,30.68,341G198520225180100003
MI/HB-A100/CDS90GN8B,2025-03-13 00:00:00,2022-08-22 00:00:00,30.68,341G198520225180100028
MI/HB-A60/CD30GN8B,2025-03-13 00:00:00,2022-08-22 00:00:00,30.68,341F745640525230100063
MI/MHA-V8W/D2N8-B,2025-05-22 00:00:00,2022-10-31 00:00:00,30.68,341G280210128280100078
MI/MSFAAU-12HRFN8,2024-09-12 00:00:00,2022-02-21 00:00:00,30.68,341D9395902180602A0033
MD/MSAEBU12HRFN1QRD0,2019-03-31 00:00:00,2016-09-07 00:00:00,30.72,2401713990365170120079
M/AHUKZ-02B,2019-03-31 00:00:00,2017-12-18 00:00:00,30.74,C702096971316713400014
M/MI-56Q4/DHN1-D,2019-05-31 00:00:00,2018-07-23 00:00:00,30.75,C705243110718210400037
MD/M2OD18HFN8QA,2024-04-09 00:00:00,2021-09-16 00:00:00,30.75,340D442780115210150038
MI/MCA3U-12HRFNX-GA,2024-10-22 00:00:00,2022-03-31 00:00:00,30.75,341D863110417170160044
MDV280(10WDRN1B,2017-05-25 00:00:00,2014-10-31 00:00:00,30.78,C703112490812214400002
MI/HB-A160/CDS90GN8B,2025-02-20 00:00:00,2022-07-29 00:00:00,30.78,341G198520325190100004
MI/MHA-V12W/D2RN8-B,2025-02-20 00:00:00,2022-07-29 00:00:00,30.78,341F745770425180100005
MUE36HRFN1QRC8A,2017-10-31 00:00:00,2015-04-08 00:00:00,30.78,D202250480114730160012
M/MOZ-09HFN1-QD0,2018-03-28 00:00:00,2015-09-02 00:00:00,30.81,D212322480715113130011
MI/MCD1-24HRFNX-GA,2024-03-18 00:00:00,2022-12-05 00:00:00,30.82,341D95378011A110160007
MX/NXHBT-A100/240CD9,2024-02-12 00:00:00,2022-10-31 00:00:00,30.82,340G172920227180300017
M/MV5-X280W/V2GN1,2018-05-17 00:00:00,2015-10-21 00:00:00,30.85,C703209721915106400022
M/MV5-X400W/V2GN1,2019-04-30 00:00:00,2016-10-03 00:00:00,30.85,C703209731414C25400015
MD/MOU60HDN1R,2017-06-13 00:00:00,2014-11-17 00:00:00,30.85,D202184530514314160006
MI/MOD30U-36HFN8RGA,2025-05-22 00:00:00,2022-10-26 00:00:00,30.85,5412250003J28160150036
MI/MOD30U-36HFN8RGA,2025-05-22 00:00:00,2022-10-26 00:00:00,30.85,5412250003J28160150077
MI/MV6-R335WV2RN1,2025-06-26 00:00:00,2022-11-30 00:00:00,30.85,341G309070327240100006
MUE36HRFN1QRC8A,2017-11-02 00:00:00,2015-04-08 00:00:00,30.85,D202250480114730160012
MCD45HRN1R,2017-07-19 00:00:00,2014-12-22 00:00:00,30.88,D202201950314412160087
MD/MOEA55HFN8RRDA,2024-03-28 00:00:00,2021-08-31 00:00:00,30.88,340D469560515210150051
MD/MSAEBU12HRFN1QRD0,2019-03-31 00:00:00,2016-09-02 00:00:00,30.88,2401713990365170120092
MI/MI2-22GDN1,2023-07-12 00:00:00,2020-12-14 00:00:00,30.88,341A574820106260100067
MI/MOCA02-24HFN1-QD0,2019-03-31 00:00:00,2016-09-02 00:00:00,30.88,2411792200866040150064
MI/HB-A60/CD30GN8B,2025-02-17 00:00:00,2022-07-22 00:00:00,30.91,341G198400125170100010
MI/HB-A60/CD30GN8B,2025-02-17 00:00:00,2022-07-22 00:00:00,30.91,341G198520125170100066
MI/HBT-A100/190CDS9B,2024-12-13 00:00:00,2023-08-30 00:00:00,30.94,341G92697012B080300004
MI/X2-12N8D6-O,2023-12-27 00:00:00,2022-09-12 00:00:00,30.94,341F401430223150120075
H/TDUR0401,2019-03-31 00:00:00,2016-08-31 00:00:00,30.95,HF1605064116
MI/HB-A100/CGN8-B,2024-09-24 00:00:00,2022-02-25 00:00:00,30.95,341D367920516200100062
MI/MA-18NXD0-I,2023-06-30 00:00:00,2020-11-30 00:00:00,30.95,341A967310507110860027
MI/MSMBBU12HRFN1QRD0,2019-05-31 00:00:00,2016-10-31 00:00:00,30.95,2411653771165140120022
MI/HB-A160/CDS90GN8B,2025-02-25 00:00:00,2022-07-28 00:00:00,30.98,341G198400325180100085
MI/HB-A60/CD30GN8B,2025-01-27 00:00:00,2022-06-29 00:00:00,30.98,341F743970524040100027
MI/HB-A60/CD30GN8B,2025-02-19 00:00:00,2022-07-22 00:00:00,30.98,341G198520125170100036
MI/X4-24N8D0-OH,2025-03-06 00:00:00,2022-08-03 00:00:00,31.08,341E70696021B030850112
MI/MCD-24HRFN1-QD0,2018-04-06 00:00:00,2015-09-02 00:00:00,31.11,D210058970615323160006
MI/MSMABU12HRDN1QD0,2019-06-30 00:00:00,2016-11-25 00:00:00,31.11,2411698870365090120335
MI/MSMABU12HRDN1QD0,2019-06-30 00:00:00,2016-11-25 00:00:00,31.11,2411698870365090120337
T-C1000E.EE.NT,2017-09-01 00:00:00,2015-01-28 00:00:00,31.11,169089016
M/MOYU-36HFN1-RD0,2019-03-31 00:00:00,2016-08-25 00:00:00,31.14,D210059140515325160028
MXZ-2D33VA,2017-07-13 00:00:00,2014-12-08 00:00:00,31.14,L65TD6KS45P03633
MI/HB-A100/CDS90GN8B,2024-11-04 00:00:00,2022-03-30 00:00:00,31.21,341E56089041A280100029
MI/HB-A60/CD30GN8B,2025-04-02 00:00:00,2022-08-26 00:00:00,31.21,341F745640525230100073
MI/MI2-22GDN1,2024-10-16 00:00:00,2022-03-10 00:00:00,31.24,341A574820106260100107
MI/HB-A100/CDS90GN8B,2025-06-09 00:00:00,2022-10-31 00:00:00,31.27,341G280210329040100064
MI/MVI-280WV2RN1A,2025-07-07 00:00:00,2022-11-28 00:00:00,31.27,34VF900250129240100018
MX/NXHPS-V12W/D2RN8,2025-06-09 00:00:00,2022-10-31 00:00:00,31.27,340G169930328020100028
MI/CB1-12HRFN8-I,2025-05-27 00:00:00,2024-02-06 00:00:00,31.28,541J608190335130130140
MDVD112T2/N1-BA5,2016-12-01 00:00:00,2014-04-23 00:00:00,31.31,C703171870413C24400008
MI/MA-12N8D0-XO,2024-02-29 00:00:00,2021-07-21 00:00:00,31.31,341C491150411210810303
M/MV5-X615W/V2GN1,2024-05-24 00:00:00,2021-10-13 00:00:00,31.34,C706252480387234000007
MD/MDVO-VI450V2R1B,2025-07-17 00:00:00,2024-03-27 00:00:00,31.34,54VK64872013C160300043
MI/HB-A100/CDS90GN8B,2025-04-11 00:00:00,2022-08-31 00:00:00,31.34,341G198520225180100047
MI/MHC-V10W/D2N8-B2,2025-01-21 00:00:00,2023-10-02 00:00:00,31.34,341G93008012B120100052
MI/MV6-560WV2GN1-E,2024-02-15 00:00:00,2021-07-06 00:00:00,31.34,341A564000706170100003
MI/HB-A100/CDS90GN8B,2025-06-12 00:00:00,2022-10-31 00:00:00,31.37,341G280210329040100064
MI/MI2-22GDN1,2023-10-20 00:00:00,2021-03-09 00:00:00,31.37,341943457059C190100155
MI/MHC-V8W/D2N8-B,2023-06-30 00:00:00,2022-03-09 00:00:00,31.4,341E08309071A290100002
MI/MSFAAU-12HRFN8-I,2024-11-20 00:00:00,2023-07-31 00:00:00,31.4,341F374840623150260007
PUHZ-SHW230YKA,2016-03-11 00:00:00,2014-11-19 00:00:00,31.4,L7HJS01S46U02107
MDVD90T2/N1-A5,2015-08-25 00:00:00,2013-01-11 00:00:00,31.41,C703061060810511400005
MSR2324HRDN1QR,2016-06-07 00:00:00,2013-10-25 00:00:00,31.41,D202079120213515130022
MHD48HRDN1Q,2016-09-21 00:00:00,2014-02-05 00:00:00,31.5,D202041030313311160022
MI/HB-A60/CD30GN8B,2025-04-02 00:00:00,2022-08-17 00:00:00,31.5,341F745640525230100073
MI/MTI-55HWFN1-QRD0,2025-08-05 00:00:00,2022-12-20 00:00:00,31.5,2413140541072240160011
MUZ-GE50VA,2015-08-06 00:00:00,2012-12-20 00:00:00,31.5,L20E9A5S2010040T
MD/MOX13312HFN8QRD1N,2025-04-07 00:00:00,2024-05-22 00:00:00,31.53,54VN382920241250120111
M/MDV-V260W/DRN1,2019-03-31 00:00:00,2017-12-06 00:00:00,31.54,C703105670117212400004
MD/AFBU12HRDNXQRD0,2025-04-01 00:00:00,2023-12-08 00:00:00,31.54,54VL25310023A060130108
MD/MOB0218HFN8QRD0,2024-07-05 00:00:00,2021-11-17 00:00:00,31.57,340C613090311300830103
MD/MOU60HDN1R,2016-08-03 00:00:00,2013-12-16 00:00:00,31.57,D202079140213524160024
TX/NX-DHW-250-1C-S,2024-10-16 00:00:00,2022-02-28 00:00:00,31.57,DHW250220203007190005
M/MSABDU-18HRDN1-QC8,2016-11-23 00:00:00,2015-07-31 00:00:00,31.6,D212322480315119120152
MI/M4OE-28HFN1-Q,2019-03-31 00:00:00,2017-12-05 00:00:00,31.6,2411657690365130160014
MI/MI2-56GDN1,2023-10-20 00:00:00,2021-03-02 00:00:00,31.6,341A290570605140100060
MI/HB-A100/CDS90GN8B,2025-04-11 00:00:00,2022-08-22 00:00:00,31.64,341G198520225180100047
N/ACH151055E.BK,2019-03-31 00:00:00,2017-12-04 00:00:00,31.66,CKR004B16062700012
M/MOYU-36HFN1-QRD0,2018-03-07 00:00:00,2015-07-17 00:00:00,31.67,D210059140815325160031
MD/MDV-022G/DN1,2024-10-14 00:00:00,2022-02-23 00:00:00,31.67,34VE372810621020100013
MD/MDV-022G/DN1,2024-10-14 00:00:00,2022-02-23 00:00:00,31.67,34VE372810621020100016
MD/MDV-022G/DN1,2024-10-14 00:00:00,2022-02-23 00:00:00,31.67,34VE372810621020100025
MD/MDV-028G/DN1,2024-10-14 00:00:00,2022-02-23 00:00:00,31.67,34VE07630081B280100002
MD/MDV-028G/DN1,2024-10-14 00:00:00,2022-02-23 00:00:00,31.67,34VE07630081B280100003
MD/MDV-028G/DN1,2024-10-14 00:00:00,2022-02-23 00:00:00,31.67,34VE07630081B280100009
MD/MDV-028G/DN1,2024-10-14 00:00:00,2022-02-23 00:00:00,31.67,34VE07630081B280100010
MD/MDV-028G/DN1,2024-10-14 00:00:00,2022-02-23 00:00:00,31.67,34VE07630081B280100011
MD/MDV-028G/DN1,2024-10-14 00:00:00,2022-02-23 00:00:00,31.67,34VE07630081B280100012
MD/MDV-028G/DN1,2024-10-14 00:00:00,2022-02-23 00:00:00,31.67,34VE07630081B280100017
MI/MHC-V10W/D2N8-B,2025-04-30 00:00:00,2022-09-09 00:00:00,31.67,341G287960126150100054
MI/HB-A100/CDS90GN8B,2025-01-29 00:00:00,2022-06-08 00:00:00,31.73,341F743970624060100045
MI/HB-A60/CD30GN8B,2025-03-14 00:00:00,2022-07-22 00:00:00,31.73,341G198400125170100048
MI/MHA-V8W/D2N8-B,2023-12-27 00:00:00,2022-08-31 00:00:00,31.74,341G346300127130100023
MS12F809HRDN1C8OU,2017-09-26 00:00:00,2016-05-31 00:00:00,31.74,D200073040215408130100
MUZ-HJ25VA,2017-03-17 00:00:00,2014-07-24 00:00:00,31.77,L20E3C7S4020516T
MUZ-GE71VA,2016-06-29 00:00:00,2013-11-04 00:00:00,31.8,L20E0A0S2003432T
M/MDV-V105W/DN1,2023-10-20 00:00:00,2021-02-23 00:00:00,31.83,34VA863900307220100016
MI/HBT-A100/190CDS9B,2025-01-10 00:00:00,2022-05-17 00:00:00,31.83,341E960100421160300006
MI/M4OE-28HFN8-Q,2024-08-22 00:00:00,2023-04-25 00:00:00,31.86,540H571700131040150014
M/MUE-48HRFN1-Q(A),2018-02-14 00:00:00,2015-06-18 00:00:00,31.93,D212322300415119160002
MI/MI2-22GDN1,2024-03-28 00:00:00,2021-07-30 00:00:00,31.93,341C325461012080100318
MI/MI2-22T2DN1,2024-03-28 00:00:00,2021-07-30 00:00:00,31.93,341943456139C160100009
MI/MI2-22T2DN1,2024-03-28 00:00:00,2021-07-30 00:00:00,31.93,341943456139C160100036
PUHZ-P250YHA,2017-05-29 00:00:00,2014-09-30 00:00:00,31.93,L7H1S35S36U03072
MD/MCA3U18HRFNXQRDA,2023-06-30 00:00:00,2020-10-30 00:00:00,31.96,340A751190206080160027
MI/MA-18N8D0-O,2023-07-31 00:00:00,2020-11-30 00:00:00,31.96,341A033520604280840094
MI/MB-09N8D6-I,2023-07-31 00:00:00,2020-11-30 00:00:00,31.96,341B522050509120130188
MI/MHC-V6W/D2N8-B2,2025-03-27 00:00:00,2022-07-28 00:00:00,31.96,341F749480124030100037
MOU12HDN1Q,2015-09-25 00:00:00,2013-01-25 00:00:00,31.96,D201494361012A25160002
MI/HB-A100/CDS90GN8B,2025-03-28 00:00:00,2022-07-28 00:00:00,32,341G198400225170100012
MI/MA-24NXD0-I,2023-10-31 00:00:00,2021-03-01 00:00:00,32,341A033520704290860037
M/MKA-750F,2019-03-31 00:00:00,2016-07-29 00:00:00,32.03,C703220341315411400018
MD/MTI55HWFNXQRDA,2024-04-05 00:00:00,2021-08-04 00:00:00,32.03,340D227620714290160014
MI/HB-A160/CDS90GN8B,2025-02-07 00:00:00,2022-06-08 00:00:00,32.03,341F743970724060100003
T-C1000E.EE.NT,2017-09-29 00:00:00,2015-01-28 00:00:00,32.03,169089016
MI/HB-A100/CDS90GN8B,2025-02-07 00:00:00,2022-06-07 00:00:00,32.06,341F743970624060100039
MI/MSMABU12HRDN1QD0,2019-03-31 00:00:00,2016-07-28 00:00:00,32.06,2411698870365090120363
MI/MVI-260WV2RN1A,2024-06-17 00:00:00,2021-10-15 00:00:00,32.06,34VD665130916260100001
MX/NXHB-A160/CD9,2025-05-09 00:00:00,2022-09-06 00:00:00,32.06,340G166340226050100017
MI/MOBA02-09HFN1-QD0,2019-03-31 00:00:00,2016-07-27 00:00:00,32.1,2411653771065120130100
MI/MOBA03-09HFN1-QD0,2019-03-31 00:00:00,2016-07-27 00:00:00,32.1,2411698870265120130002
MI/M2O-18FN8-Q,2019-04-30 00:00:00,2018-06-08 00:00:00,32.13,3415391990183180160009
MI/MCD-48FNXD0,2024-04-22 00:00:00,2021-08-18 00:00:00,32.13,341C947601014100160006
MI/MHC-V10W/D2N8-B2,2025-03-17 00:00:00,2022-07-13 00:00:00,32.13,341F749540224180100030
MI/MOU-36FN8-RD0,2024-01-16 00:00:00,2021-05-13 00:00:00,32.13,341C448081412030150002
MD/MOEA55HFN8RRDA,2024-04-17 00:00:00,2021-08-12 00:00:00,32.16,340D469560515210150016
MX/NX2OH-14HFN8-Q,2025-07-10 00:00:00,2022-11-04 00:00:00,32.16,540G168390126050150001
MXZ-2D33VA,2017-08-14 00:00:00,2014-12-08 00:00:00,32.19,L65TD6KS45P03633
MDVD28Q4/N1-A2,2016-06-30 00:00:00,2015-02-26 00:00:00,32.2,C703084440111315400006
MI/HB-A60/CD30GN8B,2024-01-16 00:00:00,2022-09-13 00:00:00,32.2,341G198400125170100015
MI/AG-12NXD1-IH,2023-06-30 00:00:00,2020-10-22 00:00:00,32.23,341B040130307290130159
MI/HB-A160/CDS90GN8B,2024-11-13 00:00:00,2022-03-08 00:00:00,32.23,341E56089031A270100038
MI/HBT-A160/240CDS9B,2025-01-02 00:00:00,2022-04-27 00:00:00,32.23,341E960100321170300019
MI/MHA-V12W/D2RN8-B,2025-01-02 00:00:00,2022-04-27 00:00:00,32.23,341E56089061A280100023
MI/MI2-28Q4CDN1,2024-07-17 00:00:00,2021-11-09 00:00:00,32.23,341D662420118040100091
M/MKA-600F,2017-09-07 00:00:00,2014-12-30 00:00:00,32.26,C703206400514B11400001
M/MKD-300,2017-09-07 00:00:00,2014-12-30 00:00:00,32.26,C703206400614B10400001
MD/MSAFBU09HRDN8-XW,2024-03-28 00:00:00,2021-07-20 00:00:00,32.26,340C613310813260820240
MI/MSFAAU-12HRFN8,2024-11-06 00:00:00,2022-02-28 00:00:00,32.26,341D9395902180602A0002
M/MTB-24HWFN1-QD0,2019-03-31 00:00:00,2016-07-18 00:00:00,32.39,2411201121563180160001
MD/MOB3018HFN8QRDA,2024-01-31 00:00:00,2021-05-20 00:00:00,32.39,340C448320811310120011
MD/MTI55HWFNXQRDA,2024-04-16 00:00:00,2021-08-04 00:00:00,32.39,340D227620714290160011
MDV450(16)W/DRN1(D),2019-03-31 00:00:00,2016-07-18 00:00:00,32.39,C701723090116502400005
MI/MCD-48FNXD0,2023-11-30 00:00:00,2021-03-19 00:00:00,32.39,341B79651030A220160010
MI/MSFAAU-09HRFN8,2023-12-27 00:00:00,2021-04-15 00:00:00,32.39,341B2145001080202A0046
MI/MSMBAU09HRFN1QRD0,2019-06-30 00:00:00,2016-10-17 00:00:00,32.39,2411785860165280120253
MD/M3OF27HFN8QA,2024-12-10 00:00:00,2022-03-29 00:00:00,32.42,340D993260219010150006
M/MOEU-48HFN1-R,2017-03-08 00:00:00,2015-10-31 00:00:00,32.46,D212322290615115160017
MUE51HRN1R,2016-10-06 00:00:00,2015-05-31 00:00:00,32.46,D202251770414803160022
PUHY-EP200YJM-A,2015-12-31 00:00:00,2013-04-17 00:00:00,32.46,7GFEA322W00874
MD/MCA3U12HRFNXQRDAW,2023-08-31 00:00:00,2020-12-15 00:00:00,32.49,340B609940609180160012
MD/MOU60HDN1R,2017-03-17 00:00:00,2014-07-02 00:00:00,32.49,D202130410813A24160005
MHD48HRDN1Q,2016-10-21 00:00:00,2014-02-05 00:00:00,32.49,D202041030313311160022
MUE-18HRFN1-QRD0,2019-03-31 00:00:00,2016-07-15 00:00:00,32.49,D210233720115716160008
MI/HB-A160/CDS90GN8B,2024-11-05 00:00:00,2023-12-11 00:00:00,32.519999999999996,341H31183042B260100021
G/LSE1202CL,2024-07-23 00:00:00,2023-03-16 00:00:00,32.52,HF2208111926
MI/HB-A60/CD30GN8B,2025-05-09 00:00:00,2022-08-22 00:00:00,32.56,341F745640525230100036
MI/MHC-V12W/D2RN8-B2,2025-04-07 00:00:00,2022-07-19 00:00:00,32.62,341F920520224290100040
MI/MI2-22GDN1,2023-08-31 00:00:00,2020-12-11 00:00:00,32.62,341A574820106260100054
MI/MI2-71GDN1,2024-08-27 00:00:00,2021-12-08 00:00:00,32.62,341C325461512180100005
MI/MVI-260WV2RN1A,2024-07-04 00:00:00,2021-10-15 00:00:00,32.62,34VD665130916260100001
M/MUE-48HRFN1-Q(A),2018-02-20 00:00:00,2015-06-02 00:00:00,32.65,D212309910515103160003
MSR2324HRDN1QROU,2016-08-16 00:00:00,2013-11-25 00:00:00,32.69,D202079120913517150035
MSR23U18HRDN1Q8,2018-01-12 00:00:00,2015-04-23 00:00:00,32.69,D202179890314228120205
MI/MSFAAU-09HRFN8-I,2024-06-19 00:00:00,2023-02-07 00:00:00,32.72,341F374840523150260104
M/MI-36Q4/DHN1-D,2019-03-31 00:00:00,2016-07-07 00:00:00,32.75,C703247680215A08400016
MD/M2OE16HFN1Q,2019-03-31 00:00:00,2016-07-07 00:00:00,32.75,2401170760963230160050
MD/MOEA48HFN1RRDA,2019-03-31 00:00:00,2016-07-07 00:00:00,32.75,2401170500663120160005
MI/MSMAAU09HRDN1QD0,2019-03-31 00:00:00,2016-07-07 00:00:00,32.75,2411698870165110120459
MSR2309HRDN1QC2OU,2016-02-15 00:00:00,2013-05-23 00:00:00,32.79,D201436550912412120119
MI/MOBA03-09HFN1-QD0,2019-03-31 00:00:00,2016-07-05 00:00:00,32.82,2411698870265120130384
MUE-55HRFN1-QRD0,2019-03-31 00:00:00,2016-07-05 00:00:00,32.82,D200309360115909160006
MI/HB-A100/CDS90GN8B,2025-03-03 00:00:00,2022-06-07 00:00:00,32.85,341F743970624060100002
M/MKA-1500F,2017-09-07 00:00:00,2014-12-11 00:00:00,32.88,C703167450513B28400013
MD/MSAEBU12HRFN1QRD0,2019-05-31 00:00:00,2016-09-02 00:00:00,32.88,2401713990365170120092
MX/NXRM-OD25B-1C,2023-04-30 00:00:00,2022-05-31 00:00:00,32.910000000000004,340D300830215210810021
MI/AG-18NXD0-I,2024-06-26 00:00:00,2021-09-28 00:00:00,32.92,341D682330317120860116
MI/HB-A60/CD30GN8B,2025-02-26 00:00:00,2022-05-31 00:00:00,32.92,341F743970524040100074
MI/HB-A100/CDS90GN8B,2025-05-15 00:00:00,2022-08-16 00:00:00,32.95,341F745640625230100062
MI/MOBA03-09HFN1-QD0,2019-03-31 00:00:00,2016-07-01 00:00:00,32.95,2411653770265120130216
MI/MSMAAU09HRDN1QD0,2019-03-31 00:00:00,2016-07-01 00:00:00,32.95,2411653770165090120069
MI/MSMABU12HRDN1QD0,2019-03-31 00:00:00,2016-07-01 00:00:00,32.95,2411653770365070120123
H/TDUR0401,2019-03-31 00:00:00,2016-06-30 00:00:00,32.98,HF1605064116
MD/M3OE21HFN1Q,2019-03-31 00:00:00,2016-06-30 00:00:00,32.98,2401440091064150160027
MI/MSMAAU09HRDN1QD0,2019-03-31 00:00:00,2016-06-30 00:00:00,32.98,2411653770165090120409
MI/MSMADU24HRFN1QD0,2019-03-31 00:00:00,2016-06-30 00:00:00,32.98,2411323790764110120044
MI/MTI-24HWFN1-QRD0,2019-03-31 00:00:00,2017-11-14 00:00:00,32.98,2413140540372240160016
MS12FU09HRDN1QRD0GW,2019-03-31 00:00:00,2016-06-30 00:00:00,32.98,2401440090164110120049
MS12FU12HRDN1QRD0GW,2019-03-31 00:00:00,2016-06-30 00:00:00,32.98,2401440090364110120134
MI/MOBA03-09HFN1-QD0,2019-03-31 00:00:00,2016-06-29 00:00:00,33.02,2411653770265120130562
MI/MSMAAU09HRDN1QD0,2019-03-31 00:00:00,2016-06-29 00:00:00,33.02,2411653770165090120198
MI/HB-A160/CDS90GN8B,2025-03-10 00:00:00,2022-06-08 00:00:00,33.05,341F743970724060100003
MI/MCD-42FNXD0,2024-06-24 00:00:00,2021-09-22 00:00:00,33.05,341B522170409120160052
MI/MSMABU12HRDN1QD0,2019-03-31 00:00:00,2016-06-28 00:00:00,33.05,2411653770365070120095
MI/MSMABU12HRDN1QD0,2019-03-31 00:00:00,2016-06-28 00:00:00,33.05,2411653770365070120163
MI/MSMADU24HRFN1QD0,2019-03-31 00:00:00,2016-06-28 00:00:00,33.05,2411323790764110120001
MD/M5OE42HFN8QA,2025-02-20 00:00:00,2022-05-20 00:00:00,33.08,341F326910722250150037
MD/M5OE42HFN8QA,2025-02-20 00:00:00,2022-05-20 00:00:00,33.08,341F326910722250150039
MDVD28G/N1-S,2017-06-20 00:00:00,2014-09-17 00:00:00,33.08,C703165120213A18400033
MI/HB-A160/CGN8-B,2024-09-17 00:00:00,2021-12-15 00:00:00,33.08,341D629530617210100057
PCA-RP140KAQ,2017-04-24 00:00:00,2014-07-22 00:00:00,33.08,L7G4G03S33A07648
MI/MA-18N8D0-O,2024-03-18 00:00:00,2021-06-14 00:00:00,33.11,341C612660614110830043
MI/MOD30U-36HFN8RGA,2025-07-30 00:00:00,2022-10-26 00:00:00,33.11,5412250003J28160150039
M/MDV-V140W/DN1,2018-05-15 00:00:00,2017-06-13 00:00:00,33.12,C703329250717308400005
M/MTIR-27HFN1-QRD0,2023-08-31 00:00:00,2022-09-29 00:00:00,33.12,C703260421016123400014
MD/MOB0218HFN8QRD0,2024-08-22 00:00:00,2021-11-17 00:00:00,33.15,340C613090311300830029
MI/AHUKZ-02DM,2024-06-20 00:00:00,2021-09-15 00:00:00,33.15,341D665240317100100006
MD/CSTS-18R32IVT-IN,2025-04-23 00:00:00,2022-07-18 00:00:00,33.18,340F336730423080160037
MHG60HWFN1Q,2019-03-31 00:00:00,2016-06-24 00:00:00,33.18,D202250520114805160032
MI/MCD-48FNXD0,2024-05-24 00:00:00,2021-08-18 00:00:00,33.18,341C947601014100160007
MI/MSMADU24HRFN1QD0,2019-03-31 00:00:00,2016-06-24 00:00:00,33.18,2411323790764110120047
M/MI-22Q4/DHN1-A3,2019-03-31 00:00:00,2016-06-23 00:00:00,33.21,C703247681315A09400029
MI/MTI-36FNXD0,2024-04-22 00:00:00,2021-07-16 00:00:00,33.21,341B461390509060160013
MI/X3-18N8D0-O,2024-07-05 00:00:00,2021-09-28 00:00:00,33.21,341D682330417130830079
MI/M2OE-18HFN8-Q,2023-11-30 00:00:00,2023-03-22 00:00:00,33.24,541F727740224150150022
MI/MOE30U-55HFN1-RD0,2019-03-31 00:00:00,2017-11-10 00:00:00,33.24,2403566171077120160005
MD/MOB3018HFN1QRD0GW,2019-03-31 00:00:00,2016-06-22 00:00:00,33.25,2401653710664270860180
MD/MOBA3009HFN1QRD0,2019-03-31 00:00:00,2016-06-22 00:00:00,33.25,2401653710264220850001
MD/MOBA3012HFN1QRD0,2019-03-31 00:00:00,2016-06-22 00:00:00,33.25,2401653710464220850056
MD/MOBA3012HFN1QRD0,2019-03-31 00:00:00,2016-06-22 00:00:00,33.25,2401653710464220850109
MS12FU18HRFN1QRD0GW,2019-03-31 00:00:00,2016-06-22 00:00:00,33.25,2401653710564210820139
MS12FU24HRFN1QRD0GW,2019-03-31 00:00:00,2016-06-22 00:00:00,33.25,2401653710764270860053
MI/HB-A100/CGN8-B,2024-04-08 00:00:00,2021-06-30 00:00:00,33.28,341C325480713040100008
MI/MHA-V8W/D2N8-B,2024-04-08 00:00:00,2021-06-30 00:00:00,33.28,341D068770314140100008
MI/MOU-48FN8-RD0,2023-12-27 00:00:00,2021-03-19 00:00:00,33.28,341B215201208260150015
MUE-55HRFN1-QRD0,2019-03-31 00:00:00,2016-06-21 00:00:00,33.28,D200342070515928160017
MOV96HN1R,2016-07-13 00:00:00,2013-10-03 00:00:00,33.31,C703142911713310400007
MI/AG-18NXD0-IH,2025-02-17 00:00:00,2023-09-29 00:00:00,33.32,541H639640431080130085
MI/MOU-24FN8-QD0,2023-09-29 00:00:00,2022-05-10 00:00:00,33.32,341D857570318030120027
MI/X2-12N8D1-OH,2023-08-31 00:00:00,2020-11-19 00:00:00,33.34,341B271020409040120008
BSF24HRD,2016-12-09 00:00:00,2016-05-20 00:00:00,33.35,2401170700763270120001
MD/MDV-022G/DN1,2025-07-17 00:00:00,2022-10-04 00:00:00,33.41,34VF900590127030100019
MI/HB-A60/CGN8-B,2024-10-02 00:00:00,2021-12-20 00:00:00,33.41,341D629530417220100003
MDV-D90T1/N1-B,2019-03-31 00:00:00,2017-11-07 00:00:00,33.44,C703645970417508400001
MI/HB-A100/CGN8-B,2024-07-05 00:00:00,2021-09-21 00:00:00,33.44,341D367920516200100003
MI/HBT-A100/240CDS9B,2024-11-20 00:00:00,2023-06-30 00:00:00,33.44,341H584120232090300004
MSTCAU09HRFN1QR,2018-05-28 00:00:00,2015-08-13 00:00:00,33.48,D200073060215409120122
MI/HB-A60/CD30GN8B,2025-04-14 00:00:00,2022-06-29 00:00:00,33.51,341F920280124270100011
MS12FU18HRFN1QRD0GW,2019-03-31 00:00:00,2016-06-14 00:00:00,33.51,2401302930563230820243
MD/M3OF27HFN8QA,2025-01-13 00:00:00,2022-03-29 00:00:00,33.54,340D993260219010150006
MI/HB-A100/CDS90GN8B,2025-05-15 00:00:00,2022-07-29 00:00:00,33.54,341F745640625230100062
MD/MUE24HRFN1QRDA,2019-05-31 00:00:00,2016-08-12 00:00:00,33.57,2410884740761240160016
MI/MHA-V4W/D2N8-B,2025-04-16 00:00:00,2022-06-29 00:00:00,33.57,341F743970123220100031
MI/MHC-V10W/D2N8-B,2025-03-18 00:00:00,2022-05-31 00:00:00,33.57,341F749480224010100005
MI/MUE-55HRFNX-GA,2025-04-30 00:00:00,2022-07-13 00:00:00,33.57,341D95397101A160160015
_PWFY-P200VM-E-AU,2014-02-25 00:00:00,2012-10-02 00:00:00,33.58,7GAC0324W00158
M40C36HRDN1Q,2014-08-04 00:00:00,2013-03-11 00:00:00,33.58,D201494320612A26160011
MI/MOD30U-36HFN8RGA,2024-11-28 00:00:00,2022-02-09 00:00:00,33.61,341D95506021B050150025
MI/MUE-55HRFN1-QRD0,2018-04-18 00:00:00,2015-06-30 00:00:00,33.61,D212322300615119160005
MI/HB-A60/CD30GN8B,2025-05-28 00:00:00,2022-08-08 00:00:00,33.64,341G198400125170100074
MI/M2OH-14HFN8-QH,2025-06-04 00:00:00,2024-01-09 00:00:00,33.64,541K493910338150150013
MUZ-GE71VA,2015-08-20 00:00:00,2012-10-30 00:00:00,33.64,L20E0A0S0005496T
MI/MI2-36Q4CDN1,2024-11-22 00:00:00,2022-01-31 00:00:00,33.71,341D663620116170100062
MI/HB-A160/CDS90GN8B,2025-06-23 00:00:00,2022-08-31 00:00:00,33.74,341G198520325180100023
MI/MOCA02-24HFN1-QD0,2019-04-30 00:00:00,2016-07-07 00:00:00,33.74,2411653770865130130022
MI/MOBA03-09HFN1-QD0,2019-03-31 00:00:00,2016-06-06 00:00:00,33.77,2411323790264080130002
MI/MOBA03-09HFN1-QD0,2019-03-31 00:00:00,2016-06-06 00:00:00,33.77,2411323790264080130317
MI/MOE30U-55HFN8RGA,2025-05-06 00:00:00,2022-07-13 00:00:00,33.77,541F559330524020150052
MI/MSMAAU09HRDN1QD0,2019-03-31 00:00:00,2016-06-06 00:00:00,33.77,2411323790164080120094
MI/MSMAAU09HRDN1QD0,2019-03-31 00:00:00,2016-06-06 00:00:00,33.77,2411323790164080120200
MI/MSMABU12HRDN1QD0,2019-03-31 00:00:00,2016-06-06 00:00:00,33.77,2411323790364070120184
M/MOZ-12HFN1-QD0,2018-04-20 00:00:00,2015-06-26 00:00:00,33.8,D212322480515112130025
MI/AG-09NXD1-I,2023-08-31 00:00:00,2020-11-05 00:00:00,33.8,341B271080109080130023
MI/HB-A60/CD30GN8B,2025-04-24 00:00:00,2022-06-29 00:00:00,33.84,341F920280124270100011
MI/MI2-22GDN1,2024-09-19 00:00:00,2021-11-24 00:00:00,33.84,341C325461012080100022
M/MI-22G/DHN1-S,2019-03-31 00:00:00,2016-06-03 00:00:00,33.87,C703260440316119400024
M/MI-22G/DHN1-S,2019-03-31 00:00:00,2016-06-03 00:00:00,33.87,C703260440316119400141
MI/MI2-28Q4DN1,2024-07-08 00:00:00,2021-09-10 00:00:00,33.9,341B368540608260100016
MI/MI2-45GDN1,2024-10-14 00:00:00,2021-12-16 00:00:00,33.94,341E066020319250100007
MI/MOBA03-09HFN1-QD0,2019-03-31 00:00:00,2016-06-01 00:00:00,33.94,2411323790264080130065
MI/MOCA02-24HFN1-QD0,2019-05-31 00:00:00,2016-08-01 00:00:00,33.94,2411698870865130130020
MI/MOU-48FN8-RD0,2023-12-29 00:00:00,2021-03-01 00:00:00,33.94,341B99000090B170150046
H/JADR0212,2017-11-29 00:00:00,2016-06-30 00:00:00,33.96,HF1604063656
MI/MHA-V4W/D2N8-B,2024-01-16 00:00:00,2022-08-17 00:00:00,33.96,341F745770125240100072
MI/MOX430U-24HFN8QGA,2023-08-31 00:00:00,2022-04-01 00:00:00,33.96,341D95506051B040120010
MOU36HN1R,2014-06-30 00:00:00,2013-01-29 00:00:00,33.96,C101310310911305130017
M/MSMBCU-18HRFN1-QD0,2019-03-31 00:00:00,2016-05-31 00:00:00,33.97,2411224210563160120024
MD/MOBA3012HFN1QRD0,2019-03-31 00:00:00,2016-05-31 00:00:00,33.97,2401302930463190820531
MI/AG-24NXD0-IH,2024-09-16 00:00:00,2021-11-17 00:00:00,33.97,341D950900619020170007
MI/AG-24NXD0-IH,2024-09-16 00:00:00,2021-11-17 00:00:00,33.97,341D950900619020170009
MI/MOCA02-24HFN1-QD0,2019-03-31 00:00:00,2016-05-31 00:00:00,33.97,2411110290863110150007
MS12F812HRDN1C8,2019-03-31 00:00:00,2016-05-31 00:00:00,33.97,D200073040315409120320
MI/HBT-A160/240CDS9B,2025-01-29 00:00:00,2022-03-31 00:00:00,34,341E960100321170300016
MI/MHA-V8W/D2N8-B,2025-05-29 00:00:00,2022-07-29 00:00:00,34,341F745640225170100038
MI/MHC-V12W/D2RN8-B2,2025-05-15 00:00:00,2022-07-15 00:00:00,34,341F920450224280100066
MI/MTI-42FNXD0,2023-12-31 00:00:00,2021-03-01 00:00:00,34,341B79651070A190160008
M/MOZU-18HFN1-QD0,2018-05-10 00:00:00,2015-07-09 00:00:00,34.03,D212322290115112150013
MI/HB-A160/CDS90GN8B,2025-06-23 00:00:00,2022-08-22 00:00:00,34.03,341G198520325180100023
MI/MB-24N8D0-O,2023-08-31 00:00:00,2020-10-29 00:00:00,34.03,341A033550703240870076
HX/NXERV-350V1_ST2,2025-05-15 00:00:00,2023-12-14 00:00:00,34.04,F231031000
MD/MCD48HRFN1QRDA,2019-05-31 00:00:00,2017-12-29 00:00:00,34.04,2403566291077090160004
MOU48HN1R,2016-01-19 00:00:00,2014-08-19 00:00:00,34.04,D202130410613A24160023
MS12FU24HRFN1QRD0GW,2017-10-20 00:00:00,2016-05-20 00:00:00,34.04,2401302930763270860019
MI/MA-12NXD0-XI,2025-05-28 00:00:00,2022-07-25 00:00:00,34.1,341C491150311220820182
M/MDV-V120W/DRN1,2024-07-05 00:00:00,2021-08-31 00:00:00,34.13,34VD665131216270100004
M/MDV-V120W/DRN1,2024-07-05 00:00:00,2021-08-31 00:00:00,34.13,34VD665131216270100005
MDV400(14WD1RN1C,2016-03-11 00:00:00,2013-05-07 00:00:00,34.13,C703130541412919400003
MI/MB-18N8D0-O,2024-08-19 00:00:00,2021-10-15 00:00:00,34.13,341D871240217230120091
MI/MI2-400T1DN1,2024-08-22 00:00:00,2021-10-18 00:00:00,34.13,34VD664570816270100001
MHG60HWFN1Q,2019-04-30 00:00:00,2016-06-24 00:00:00,34.17,D202250520114805160032
MI/MA-12NXD0-XI,2025-05-30 00:00:00,2022-07-25 00:00:00,34.17,341C491150311220820182
MSG36HRN1RB9,2017-05-26 00:00:00,2014-07-21 00:00:00,34.17,D202160280114107120040
MI/HB-A60/CD30GN8B,2025-05-28 00:00:00,2022-07-22 00:00:00,34.2,341G198400125170100074
MSR23U18HRDN1QROU,2016-04-11 00:00:00,2013-06-05 00:00:00,34.2,D202044470613322120146
MD/MOBA3009HFN1QRD0,2019-04-30 00:00:00,2016-06-22 00:00:00,34.23,2401653710264220850057
MD/MOBA3012HFN1QRD0,2019-04-30 00:00:00,2016-06-22 00:00:00,34.23,2401653710464220850109
MD/MDV-022G/DN1,2023-07-31 00:00:00,2022-02-25 00:00:00,34.24,34VE07630071B280100003
MD/MSAFCU18HRFN8QRD0,2025-03-14 00:00:00,2022-05-05 00:00:00,34.3,340D577700517270810023
MI/MSMAAU09HRDN1QD0,2019-05-31 00:00:00,2016-07-20 00:00:00,34.33,2411698870165110120254
MI/MUE-55HRFN1-QRD0,2019-03-31 00:00:00,2016-05-19 00:00:00,34.36,2411201121463170160007
MSR2324HRDN1QR,2016-08-26 00:00:00,2013-10-14 00:00:00,34.4,D202103290113712120061
MSZ-HJ35VA,2017-05-29 00:00:00,2014-07-17 00:00:00,34.4,L20E30WS4022952T
MI/MHC-V14W/D2RN8-B2,2025-03-31 00:00:00,2023-10-24 00:00:00,34.42,341H31169022B180100065
MD/MSAFBU09HRDN8-XW,2024-10-08 00:00:00,2021-11-24 00:00:00,34.46,340E211880119070810059
MI/HB-A100/CDS90GN8B,2025-06-12 00:00:00,2022-07-28 00:00:00,34.49,341G198400225170100012
MI/MCD-48FNXD0,2024-02-29 00:00:00,2021-04-15 00:00:00,34.49,3408650760398040160036
MI/MCD-48FNXD0,2024-02-29 00:00:00,2021-04-15 00:00:00,34.49,3408650760398040160049
MI/X3-18N8D0-O,2024-08-13 00:00:00,2021-09-28 00:00:00,34.49,341D682330417130830079
M/MOEU-48HFN1-R,2017-03-08 00:00:00,2015-09-30 00:00:00,34.5,D212322290615115160017
MS12F812HRDN1C8OU,2017-07-26 00:00:00,2014-09-09 00:00:00,34.53,D202212880314503130256
PKFY-P15VBM-E,2015-09-02 00:00:00,2014-03-25 00:00:00,34.56,L7H7H01S3ZA10211
MOUE48HDN1R,2016-10-13 00:00:00,2013-11-25 00:00:00,34.59,D202095950813628160003
MI/MA-18N8D0-O,2023-06-30 00:00:00,2020-08-10 00:00:00,34.63,341A000480604210840110
MI/MA-18NXD0-I,2023-06-30 00:00:00,2020-08-10 00:00:00,34.63,341A033520504280810188
MD/MOU60HDN1R,2017-05-25 00:00:00,2014-07-04 00:00:00,34.69,D202130410813A24160003
MI/HBT-A160/240CDS9B,2025-02-19 00:00:00,2022-03-31 00:00:00,34.69,341E960100321170300020
MI/MI2-36GDN1,2025-05-21 00:00:00,2022-06-30 00:00:00,34.69,341E335730222230100001
MI/MOE30U-55HFN8RGA,2024-12-12 00:00:00,2022-01-21 00:00:00,34.69,341D951761419040150009
MI/MUE-55HRFNX-GA,2024-12-12 00:00:00,2022-01-21 00:00:00,34.69,341D95397101A160160004
HX/NXERV-350V1_ST2,2024-07-12 00:00:00,2023-01-31 00:00:00,34.7,F221030120
MI/X1BP-09N8D0-O,2024-12-09 00:00:00,2023-06-30 00:00:00,34.7,341F325250222210810148
HX/NXERV-350V1,2024-02-12 00:00:00,2021-03-22 00:00:00,34.72,F191031223
MCC24HRN1,2016-09-15 00:00:00,2013-10-24 00:00:00,34.72,D202090140113621160036
MD/M3OF27HFN8QA,2025-02-18 00:00:00,2022-03-29 00:00:00,34.72,340D993260219010150006
MI/M3OF-27HFN8-Q,2024-06-19 00:00:00,2021-07-28 00:00:00,34.72,341C15444030B210150013
MX/NX2OH-14HFN8-Q,2025-07-10 00:00:00,2022-08-18 00:00:00,34.72,540G168390126050150001
MI/MA-09N8D0-XO,2025-08-05 00:00:00,2022-09-12 00:00:00,34.76,341D237950218020810174
MOU24HFN1QRC4,2016-10-06 00:00:00,2013-11-13 00:00:00,34.76,D202060140313418160026
MX/NXHPS-V8W/D2N8,2024-02-12 00:00:00,2022-09-01 00:00:00,34.76,340G166340626210100046
MSR109HRN1QC2,2016-03-18 00:00:00,2013-04-24 00:00:00,34.79,D201497140112B03120061
MI/HB-A100/CGN8-B,2024-04-08 00:00:00,2021-05-14 00:00:00,34.82,341C325480713040100008
MI/MHA-V12W/D2RN8-B,2025-06-23 00:00:00,2022-07-29 00:00:00,34.82,341F745770425180100054
AX/NXRA-ID50BFR-1A,2023-11-30 00:00:00,2022-06-17 00:00:00,34.88,B3708A181801N00115
MD/MOBA0312HFN8QRD0,2023-12-27 00:00:00,2021-01-29 00:00:00,34.89,340A000870304250850110
MI/MOBA03-09HFN1-QD0,2019-04-30 00:00:00,2016-06-02 00:00:00,34.89,2411323790264080130080
PUHZ-ZRP100YKA,2016-09-14 00:00:00,2013-10-18 00:00:00,34.89,L77JM02S21U00856
MI/M2OD-18HFN8-Q,2024-02-27 00:00:00,2021-03-31 00:00:00,34.92,341C15444020B220150032
MI/MB-18N8D0-OH,2023-04-30 00:00:00,2020-06-01 00:00:00,34.92,341A033550503220840061
MI/MUE-55HRFNX-GA,2025-06-10 00:00:00,2022-07-13 00:00:00,34.92,341D95397101A160160015
MI/MUE-55HRFNX-GA,2025-06-10 00:00:00,2022-07-13 00:00:00,34.92,341D95397101A160160016
MI/MI2-22Q1DN1,2024-09-10 00:00:00,2021-10-12 00:00:00,34.95,341D068470113220100004
HX/NXERV-650V1_ST2,2025-06-18 00:00:00,2024-01-03 00:00:00,34.96,F221050386
M/MDV-V400W/DRN1,2024-09-13 00:00:00,2021-10-14 00:00:00,34.99,341B77049020C170100006
MI/MI2-36Q4DN1,2023-08-31 00:00:00,2020-09-30 00:00:00,34.99,3417740801493260100010
MSR23U09HRDN1QROU,2016-06-10 00:00:00,2013-07-11 00:00:00,34.99,D202044470513322120044
M/MKA-1200F,2017-12-01 00:00:00,2014-12-30 00:00:00,35.05,C703206400114B11400005
MD/MOB3018HFN8QRD0,2023-06-01 00:00:00,2020-06-29 00:00:00,35.05,340931652069B120120110
MI/HB-A160/CGN8-B,2024-11-15 00:00:00,2021-12-14 00:00:00,35.05,341D629530617210100038
MI/MHA-V14W/D2RN8-B,2024-11-15 00:00:00,2021-12-14 00:00:00,35.05,341D367740316040100036
MI/MSMAAU09HRDN1QD0,2019-05-31 00:00:00,2016-06-28 00:00:00,35.05,2411653770165090120163
MI/MA-24NXD0-I,2023-06-30 00:00:00,2020-07-24 00:00:00,35.18,341A033520704290860024
MI/MHA-V6W/D2N8-B,2025-02-26 00:00:00,2022-03-23 00:00:00,35.18,341E08309031B040100008
MI/MTIU-18FNXD0,2023-07-12 00:00:00,2020-08-04 00:00:00,35.22,3418893030199240150003
MD/MOBA3012HFN1QRD0,2019-05-31 00:00:00,2016-06-22 00:00:00,35.25,2401653710464220850195
MI/HB-A60/CD30GN8B,2025-06-06 00:00:00,2022-06-29 00:00:00,35.25,341F920280124270100007
MI/MI2-22GDN1,2024-02-15 00:00:00,2021-03-09 00:00:00,35.25,341943457059C190100122
MOU24HFN1QRC4,2016-10-21 00:00:00,2013-11-13 00:00:00,35.25,D202060140313418160026
MS12F812HRDN1C8,2019-05-31 00:00:00,2016-06-22 00:00:00,35.25,D200101740315429120244
MS12F812HRDN1C8,2019-05-31 00:00:00,2016-06-22 00:00:00,35.25,D200101740315429120452
PUHY-HP250YHM-A,2016-11-03 00:00:00,2013-11-26 00:00:00,35.25,7GFYB537W01614
PUHZ-HRP125YHA,2015-10-21 00:00:00,2012-11-12 00:00:00,35.25,L7H1N07S25U06796
LGH-35RX5,2015-01-27 00:00:00,2013-08-08 00:00:00,35.28,L546753S00002754
PUHY-HP250YHM-A,2016-11-04 00:00:00,2013-11-26 00:00:00,35.28,7GFYB537W01614
MDVD56G/N1-S,2019-03-31 00:00:00,2016-04-20 00:00:00,35.32,C703223070215407400005
MI/MHA-V12W/D2RN8-B,2025-03-12 00:00:00,2022-03-31 00:00:00,35.38,341E56089061A280100006
MI/X2-12N8D1-OH,2024-01-16 00:00:00,2021-02-02 00:00:00,35.41,341B040130407270120018
MD/MSAEAU09HRFN1QRD0,2018-01-22 00:00:00,2016-08-01 00:00:00,35.42,2401713990165170120187
MDVD36G/N1-S,2016-07-13 00:00:00,2013-07-30 00:00:00,35.45,C703095590611623400006
MI/M3OF-27HFN8-Q,2025-03-07 00:00:00,2022-03-22 00:00:00,35.51,341D228391517010150012
MS12FU12HRDN1QRD0GW,2019-05-31 00:00:00,2016-06-14 00:00:00,35.51,2401302930363260810217
MSR2324HRDN1QR,2016-09-29 00:00:00,2013-10-14 00:00:00,35.51,D202103290113712120061
MI/MTI-48FNXD0,2023-06-30 00:00:00,2020-07-13 00:00:00,35.55,3418501540497160160005
M/MOB30U-18HFN1-QRD0,2019-03-31 00:00:00,2016-04-12 00:00:00,35.58,2410878280261300150004
MI/MCA3-18HRFN1-QD0,2019-03-31 00:00:00,2016-04-12 00:00:00,35.58,2410884740461200160040
MI/MCA3U-18FNXD0,2023-12-27 00:00:00,2021-01-08 00:00:00,35.58,341B214690708210160017
MI/HB-A100/CDS90GN8B,2024-02-12 00:00:00,2022-08-18 00:00:00,35.68,341G198520225180100080
MI/HB-A60/CD30GN8B,2024-01-16 00:00:00,2022-07-22 00:00:00,35.68,341G198400125170100015
MD/MTI55HWFNXQRDA,2024-07-05 00:00:00,2021-07-14 00:00:00,35.71,340D227620714290160020
MI/MSMABU12HRDN1QD0,2019-06-30 00:00:00,2016-07-08 00:00:00,35.71,2411698870365090120373
MI/MHA-V8W/D2N8-B,2024-02-12 00:00:00,2021-02-19 00:00:00,35.74,341B368570808270100009
MI/MSMAAU09HRDN1QD0,2019-06-30 00:00:00,2016-07-07 00:00:00,35.74,2411653770165090120366
MI/MSMACU18HRFN1QD0,2019-06-30 00:00:00,2016-07-07 00:00:00,35.74,2411653770565050120074
MI/MUE-48HRFN1-QRD0,2019-03-31 00:00:00,2016-04-07 00:00:00,35.74,D210058980515323160001
MI/MUE-48HRFN1-QRD0,2019-03-31 00:00:00,2016-04-07 00:00:00,35.74,D210058980515323160010
MTB18HWFN1QRC8(A),2017-08-07 00:00:00,2014-08-14 00:00:00,35.78,D202158820413C27160002
M/MOEU-55HFN1-RRD0,2018-02-15 00:00:00,2016-08-19 00:00:00,35.8,D210059140715406160037
MI/MA-09NXD0-I,2024-03-18 00:00:00,2021-03-24 00:00:00,35.81,341A033520104290840222
MI/MSMAAU09HRDN1QD0,2019-06-30 00:00:00,2016-07-05 00:00:00,35.81,2411653770165090120372
MI/MI2-22T2DN1,2024-07-25 00:00:00,2021-07-30 00:00:00,35.84,341A563921406160100032
MI/X3-18N8D0-O,2024-09-23 00:00:00,2021-09-28 00:00:00,35.84,341D682330417130830079
MI/MI2-56Q4DN1,2024-09-12 00:00:00,2021-09-16 00:00:00,35.87,341A899060707220100142
MI/MOBA03-09HFN1-QD0,2019-05-31 00:00:00,2016-06-03 00:00:00,35.87,2411323790264080130244
MI/MI2-22Q1DN1,2024-07-04 00:00:00,2021-07-06 00:00:00,35.94,341D068470113220100013
MI/MOBA03-09HFN1-QD0,2019-05-31 00:00:00,2016-06-01 00:00:00,35.94,2411323790264080130065
MI/MSMAAU09HRDN1QD0,2019-05-31 00:00:00,2016-06-01 00:00:00,35.94,2411323790164080120063
MDVD140Q4/N1-E,2019-03-31 00:00:00,2016-03-31 00:00:00,35.97,C703254670115C02400005
MI/AG-12NXD1-I,2024-05-28 00:00:00,2021-05-28 00:00:00,36.01,341C447840911300170182
MI/MCD-30HRFN1-QD0,2019-03-31 00:00:00,2016-03-30 00:00:00,36.01,D210233890515711160018
MI/MSMABU12HRDN1QD0,2019-06-30 00:00:00,2016-06-29 00:00:00,36.01,2411653770365070120062
MSR23U18HRDN1QROU,2017-08-01 00:00:00,2014-08-01 00:00:00,36.01,D202132210713B01150162
MI/MTI-24FNXD0,2024-06-10 00:00:00,2021-06-09 00:00:00,36.04,341C448080811310160001
MDVD28Q4/N1-A3,2019-03-31 00:00:00,2018-03-30 00:00:00,36.06,C705103200218121400004
MD/MOB3018HFN8QRD0,2025-05-20 00:00:00,2022-05-18 00:00:00,36.07,340A648050606070120013
MI/MHC-V8W/D2N8-B,2024-10-28 00:00:00,2021-10-26 00:00:00,36.07,341D367740716030100010
MI/MOB02-18HFN1-QD0W,2019-03-31 00:00:00,2017-09-27 00:00:00,36.14,2413476010175030860033
MCCU105CN1,2019-03-31 00:00:00,2016-03-25 00:00:00,36.17,C703831000114516400001
MCCU61CN1,2019-03-31 00:00:00,2016-03-25 00:00:00,36.17,C703183102214422400004
MSZ-SF50VE,2015-10-05 00:00:00,2014-04-02 00:00:00,36.2,L20E21JS2003265T
MD/MI2-22GDN1,2024-08-20 00:00:00,2021-08-13 00:00:00,36.24,34VC326620812170100033
MD/MOBA3012HFN1QRD0,2019-06-30 00:00:00,2016-06-22 00:00:00,36.24,2401653710464220850036
MI/M3O-27FN8-Q,2023-06-30 00:00:00,2020-06-22 00:00:00,36.24,3418892940299230150012
MI/MSFAAU-09HRFN8,2023-04-30 00:00:00,2020-04-22 00:00:00,36.24,34196241401010902A0019
MI/X1BP-09N8D0-O,2025-07-15 00:00:00,2022-07-08 00:00:00,36.24,341F647980223220810393
HX/NXERV-150V1,2025-06-18 00:00:00,2023-12-14 00:00:00,36.26,F201010504
MD/MOB3018HFN1QRD0GW,2019-06-30 00:00:00,2016-06-21 00:00:00,36.27,2401440090664110150028
M/MSABDU-18HRDN1-QC8,2019-03-31 00:00:00,2016-03-21 00:00:00,36.3,D210058920615320120030
MXZ-6C120VA,2015-10-01 00:00:00,2012-09-21 00:00:00,36.3,L5F4G85S202669
MD/MSAFDU24HRFN8QRD0,2025-04-10 00:00:00,2022-03-31 00:00:00,36.33,340D577700717210860044
MI/M4O-36FN8-Q,2025-06-04 00:00:00,2022-05-25 00:00:00,36.33,341F326910622250150024
MI/MA-12NXD0-XI,2025-03-24 00:00:00,2022-03-14 00:00:00,36.33,341E353990319110821391
MS12FU18HRFN1QRD0GW,2019-05-31 00:00:00,2016-05-20 00:00:00,36.33,2401302930563230820164
MI/MOCA02-24HFN1-QD0,2019-07-31 00:00:00,2016-07-18 00:00:00,36.4,2411698870865130130050
MI/MSMADU24HRFN1QD0,2019-07-31 00:00:00,2016-07-18 00:00:00,36.4,2411698870765090120014
MD/MOCA3024HFN1QRD0,2019-03-31 00:00:00,2016-03-17 00:00:00,36.43,2400827550861200150021
MOV96HN1R,2019-03-31 00:00:00,2017-09-22 00:00:00,36.46,C701723090416506400002
MOV96HN1R,2019-03-31 00:00:00,2017-09-22 00:00:00,36.46,C701723090416506400029
MD/MDV-022G/DN1,2024-01-31 00:00:00,2021-01-15 00:00:00,36.5,34V7917630996110100013
MD/MOBA0312HFN8QRD0,2024-02-12 00:00:00,2021-01-27 00:00:00,36.5,340A000870304250850241
MCA2I09HRFN1QRC8,2019-03-31 00:00:00,2016-03-14 00:00:00,36.53,D200310210115901160018
MUE60HRFN1QC2,2016-12-07 00:00:00,2013-11-21 00:00:00,36.53,D202104960213720160009
MI/MVI-280WV2RN1A,2025-03-31 00:00:00,2023-09-22 00:00:00,36.54,54VK248730136250100021
MI/MCA3U-12FNXD0,2023-08-31 00:00:00,2020-08-13 00:00:00,36.56,341898664019A100160061
G- LCE324CQ,2015-07-03 00:00:00,2013-12-23 00:00:00,36.6,HF 1311046518
MI/X2-09N8D1-O,2023-12-29 00:00:00,2020-12-10 00:00:00,36.6,341B271080209040120054
MI/MOBA03-12HFN1-QD0,2019-05-31 00:00:00,2016-05-11 00:00:00,36.63,2411110290463140130110
MI/MHA-V10W/D2N8-B,2024-02-27 00:00:00,2022-08-18 00:00:00,36.66,341F745640225170100030
M/MDV-V260W/DRN1,2019-03-31 00:00:00,2016-03-09 00:00:00,36.7,C703194832414802400020
M/MI-45Q4/DHN1-A3,2019-03-31 00:00:00,2016-03-09 00:00:00,36.7,C703247681015A09400017
MSR23U09HRDN1QR,2017-04-11 00:00:00,2014-03-20 00:00:00,36.73,D202107830113718120448
MI/X1BP-12N8D0-O,2025-07-23 00:00:00,2022-06-30 00:00:00,36.76,541F678720224270840284
PLA-RP140BA,2015-12-16 00:00:00,2012-11-22 00:00:00,36.76,7G7G001G 2G01316
MI/HB-A60/CD30GN8B,2025-04-16 00:00:00,2022-03-23 00:00:00,36.79,341E08309051A240100023
MI/MSMADU24HRFN1QD0,2017-12-21 00:00:00,2016-06-09 00:00:00,36.8,2411323790764110120051
MI/MA-18NXD0-I,2025-04-25 00:00:00,2022-03-31 00:00:00,36.83,341E44938011A080850092
MI/MB-18N8D0-O,2023-05-31 00:00:00,2020-05-05 00:00:00,36.83,3419771620401300840003
MI/MSFAAU-09HRFN8,2025-07-25 00:00:00,2022-06-30 00:00:00,36.83,341E3817601191602A0085
MI/MSMAAU09HRDN1QD0,2019-07-31 00:00:00,2016-07-05 00:00:00,36.83,2411653770165090120291
MI/MSMAAU09HRDN1QD0,2019-07-31 00:00:00,2016-07-05 00:00:00,36.83,2411653770165090120372
MI/MA-12N8D0-O,2023-09-29 00:00:00,2020-09-02 00:00:00,36.86,341A425520404260850208
MI/MI2-36Q4DN1,2024-04-19 00:00:00,2021-03-24 00:00:00,36.86,341A290481205080100001
MI/MOBA03-09HFN1-QD0,2019-06-28 00:00:00,2016-06-01 00:00:00,36.86,2411323790264080130292
MI/MOBA03-09HFN1-QD0,2019-06-30 00:00:00,2016-06-02 00:00:00,36.89,2411323790264080130086
MI/MSMAAU09HRDN1QD0,2019-06-30 00:00:00,2016-06-02 00:00:00,36.89,2411323790164080120186
MSTCAU09HRFN1QROU,2017-08-17 00:00:00,2016-02-02 00:00:00,36.92,D200073060315411130014
T-C1500E.EE.NT,2016-03-24 00:00:00,2014-09-09 00:00:00,36.92,164738001
MI/X1BP-12N8D0-O,2025-07-28 00:00:00,2022-06-30 00:00:00,36.93,541F678720224270840543
MD/MOBA0312HFN8QRD0,2024-03-28 00:00:00,2021-02-26 00:00:00,36.99,3409681060404070120097
MI/MOD30U-36HFN8QGA,2025-01-29 00:00:00,2021-12-30 00:00:00,36.99,341D950771119040150011
MI/HB-A100/CDS90GN8B,2024-02-12 00:00:00,2022-07-29 00:00:00,37,341G198520225180100080
MI/MHC-V8W/D2N8-B2,2024-04-19 00:00:00,2022-10-04 00:00:00,37,341G288000127260100036
MOV96HN1R,2019-03-31 00:00:00,2017-09-14 00:00:00,37,C701723090416506400015
MD/MSAFCU18HRFN8-W,2023-06-30 00:00:00,2020-05-29 00:00:00,37.02,3409679770504020170002
MI/HB-A160/CGN8-B,2024-10-22 00:00:00,2021-09-21 00:00:00,37.02,341D367920616200100045
MI/MBT-09N8D6-OH,2024-03-28 00:00:00,2021-02-25 00:00:00,37.02,3416655800689210830084
LGH-35RX5,2015-02-23 00:00:00,2013-08-08 00:00:00,37.06,L546753S00002754
MI/HB-A100/CDS90GN8B,2024-02-13 00:00:00,2022-07-29 00:00:00,37.06,341G198520225180100018
MI/MI2-56Q4DN1,2023-07-12 00:00:00,2020-06-09 00:00:00,37.06,3419911231103130100019
MI/MVI-335WV2RN1A,2024-06-21 00:00:00,2021-05-20 00:00:00,37.06,341C325430312270100003
MI/MVI-335WV2RN1A,2024-06-21 00:00:00,2021-05-20 00:00:00,37.06,341C325430312270100004
M/MI-15G/DHN1-S,2019-03-31 00:00:00,2016-02-26 00:00:00,37.09,C703247530115A07400041
MHD60HRDN1R,2016-03-02 00:00:00,2013-01-28 00:00:00,37.09,D201462410112619160046
MDVD22G/N1-S,2015-09-16 00:00:00,2014-02-28 00:00:00,37.12,C703154270413702400018
MI/MA-24NXD0-I,2023-08-31 00:00:00,2020-07-24 00:00:00,37.22,341A033520704290860024
MI/MI2-45Q4CDN1,2025-06-16 00:00:00,2022-05-10 00:00:00,37.22,341C325460212260100127
MHB96HWN1,2019-07-31 00:00:00,2016-06-22 00:00:00,37.25,C701723090316504400011
MHC48HWN1R,2016-03-08 00:00:00,2014-08-19 00:00:00,37.26,D202160350214104160013
MI/MCA3U-18HRFNX-GA,2024-08-13 00:00:00,2023-01-24 00:00:00,37.26,341F559330223290160037
MD/MOB3018HFN1QRD0GW,2019-07-31 00:00:00,2016-06-21 00:00:00,37.29,2401440090664110150028
MI/MB-18N8D0-I,2023-08-31 00:00:00,2020-07-22 00:00:00,37.29,3419999861203300810023
MX/NXRM-ID25XWM-1C,2024-10-17 00:00:00,2023-03-29 00:00:00,37.32,540G064910125030830127
MD/MOB3112HFN1QRD0GW,2017-11-30 00:00:00,2016-11-16 00:00:00,37.349999999999994,2401791190665160150011
M/MOF2-24HFN1-QD0_H,2019-06-30 00:00:00,2016-05-19 00:00:00,37.35,2410878180462160150007
M/MS04/N1-D,2024-11-08 00:00:00,2021-09-28 00:00:00,37.35,341D843830217160100040
MI/HBT-A100/190CDS9B,2024-12-13 00:00:00,2023-05-24 00:00:00,37.38,341G92697012B080300004
MDVV400WDRN1,2024-06-25 00:00:00,2021-05-14 00:00:00,37.39,34VB782260211090100008
MCD48HRFN1QRD0,2019-03-31 00:00:00,2017-09-07 00:00:00,37.46,240071816025C220160010
MD/MOU60HDN1R,2017-01-12 00:00:00,2013-11-28 00:00:00,37.48,D202079140213524160006
MI/HB-A100/CGN8-B,2024-08-14 00:00:00,2021-06-30 00:00:00,37.48,341C325480713040100008
MD/MTB48HWFN1QRDA,2024-03-28 00:00:00,2021-02-10 00:00:00,37.52,2403802680678230160008
MI/MOB02-18HFN1-QD0W,2019-03-31 00:00:00,2017-09-06 00:00:00,37.52,2413476010175030860230
MI/MSFAAU-09HRFN8,2025-05-07 00:00:00,2022-03-22 00:00:00,37.52,341E3817601191602A0146
MI/MSFAAU-09HRFN8,2025-05-07 00:00:00,2022-03-22 00:00:00,37.52,341E3817601191602A0168
MI/MSMACU18HRFN1QD0,2019-03-31 00:00:00,2017-09-06 00:00:00,37.52,2413476010875150810138
MI/MB-09N8D6-I,2023-08-31 00:00:00,2020-07-13 00:00:00,37.58,3419860530203270840151
MI/MA-12NXD0-I,2024-04-26 00:00:00,2021-03-08 00:00:00,37.61,341A033520304290840430
HX/NXERV-350V1_ST2,2024-07-01 00:00:00,2022-12-06 00:00:00,37.64,F221030122
MX/NXP-35APO1-CA,2019-03-31 00:00:00,2017-09-04 00:00:00,37.64,2403541890474200200083
M/MSABEU-24HRDN1-QC8,2019-06-30 00:00:00,2016-05-10 00:00:00,37.65,D212322480215119120008
MX/NXKT3-300FG30,2023-04-30 00:00:00,2020-03-10 00:00:00,37.65,3409698500701140100071
MI/MCD-48FNXD0,2024-05-09 00:00:00,2021-03-19 00:00:00,37.68,341B79651030A220160010
MI/HB-A160/CGN8-B,2024-11-14 00:00:00,2021-09-23 00:00:00,37.71,341D367920616200100046
MSR2409HRDN1C8,2017-06-06 00:00:00,2015-11-10 00:00:00,37.72,D200101970115504120061
MI/HBT-A100/240CDS9B,2025-05-23 00:00:00,2023-10-26 00:00:00,37.78,340G172950228130300008
MI/HB-A160/CGN8-B,2025-03-24 00:00:00,2022-01-28 00:00:00,37.81,341D629530617210100052
MI/MCD-48FNXD0,2024-05-09 00:00:00,2021-03-15 00:00:00,37.81,341B98988110B200160002
MI/MCD-48FNXD0,2024-05-09 00:00:00,2021-03-15 00:00:00,37.81,341B98988110B200160008
MUZ-HJ25VA,2016-07-18 00:00:00,2013-05-23 00:00:00,37.84,L20E3C7S3014311T
T-C2000E.EE.NT,2019-03-31 00:00:00,2017-09-01 00:00:00,37.84,220781001
MI/MI2-28Q4CDN1,2024-11-26 00:00:00,2021-09-30 00:00:00,37.88,341D068470313240100167
MI/X2-12N8D1-OH,2024-01-31 00:00:00,2020-12-03 00:00:00,37.91,341B271020409040120020
PCFY-P125VKM,2016-07-20 00:00:00,2013-05-23 00:00:00,37.91,L7H6N01S21A00023
M/MV5-X450W/V2GN1,2019-03-31 00:00:00,2017-08-31 00:00:00,37.92,C701423600116405400006
MD/M3OF27HFN8QA,2023-08-31 00:00:00,2020-07-02 00:00:00,37.94,341A000010203260150003
MI/MVI-335WV2RN1(B),2025-01-22 00:00:00,2024-01-03 00:00:00,37.95,541K977470139040300007
MI/MSFAAU-09HRFN8,2024-02-12 00:00:00,2022-07-14 00:00:00,37.98,341E3817601191602A0053
MI/MSFAAU-09HRFN8,2024-02-12 00:00:00,2022-07-14 00:00:00,37.98,341E3817601191602A0112
MI/MA-12N8D0-O,2024-05-31 00:00:00,2021-03-31 00:00:00,38.01,341A033510404260850620
M/MOZU-18HFN1-QD0,2019-06-30 00:00:00,2016-04-27 00:00:00,38.07,D200238820215728150048
MI/MHA-V12W/D2RN8-B,2024-11-25 00:00:00,2021-09-23 00:00:00,38.07,341D470450317160100048
MI/MOU-48FN8-RD0,2023-12-31 00:00:00,2020-10-28 00:00:00,38.07,341B215201108260150008
MSR2324HRDN1QR,2016-08-26 00:00:00,2013-06-24 00:00:00,38.07,D202048490113317130067
MI/AG-09NXD1-I,2024-05-23 00:00:00,2021-03-19 00:00:00,38.14,341B271080109080130099
MI/HB-A100/CGN8-B,2024-11-14 00:00:00,2021-09-10 00:00:00,38.14,341D470450516270100020
MI/HB-A160/CGN8-B,2024-11-19 00:00:00,2021-09-14 00:00:00,38.17,341D367920616200100003
MI/MUE-36HRFN1-QRD0,2017-06-02 00:00:00,2015-10-30 00:00:00,38.18,D212311210215103160001
MD/MOCA0224HFN8QRD0,2025-06-06 00:00:00,2022-03-31 00:00:00,38.21,340C613310113240860100
MI/MOUU-18FN8-QD0,2025-07-29 00:00:00,2022-05-23 00:00:00,38.21,341D857570218030120005
MI/MI2-36Q4DN1,2024-09-19 00:00:00,2021-07-13 00:00:00,38.24,C702662711216C01400023
MI/MHA-V14W/D2RN8-B,2025-01-03 00:00:00,2021-10-25 00:00:00,38.3,341D367920316220100035
MI/MHA-V8W/D2N8-B,2023-05-31 00:00:00,2021-10-25 00:00:00,38.3,341D367920216240100043
MI/MB-12N8D6-I,2023-12-27 00:00:00,2020-10-16 00:00:00,38.34,341A515760305160820026
MD/MOU48HDN1R,2017-09-12 00:00:00,2014-07-02 00:00:00,38.37,D202157840713C29160005
MS12F812HRDN1C8OU,2018-06-11 00:00:00,2015-03-31 00:00:00,38.37,D202222830614519130093
MI/HB-A160/CGN8-B,2025-01-03 00:00:00,2021-10-22 00:00:00,38.4,341C900700813240100026
MI/HB-A160/CGN8-B,2025-02-07 00:00:00,2021-11-26 00:00:00,38.4,341C900700813240100001
MI/MHA-V12W/D2RN8-B,2025-02-07 00:00:00,2021-11-26 00:00:00,38.4,341D367920316220100016
MI/MOE30U-55HFN8RGA,2025-05-06 00:00:00,2022-02-22 00:00:00,38.4,341D95244131A100150015
PUHZ-SHW140YHA,2015-01-27 00:00:00,2014-09-03 00:00:00,38.4,7H1SH03G 4D00825
MI/HB-A160/CGN8-B,2024-12-04 00:00:00,2021-09-21 00:00:00,38.44,341D367920616200100045
MI/HB-A160/CGN8-B,2025-02-07 00:00:00,2021-11-24 00:00:00,38.47,341D367740615130100027
MI/MA-24N8D0-O,2025-06-20 00:00:00,2022-04-06 00:00:00,38.47,341C491290812170860052
MI/MA-24NXD0-I,2025-06-20 00:00:00,2022-04-06 00:00:00,38.47,341A033520704290860131
MI/MB-12N8D6-I,2023-09-29 00:00:00,2020-07-14 00:00:00,38.5,341A515760305160820272
MX/NXKD-V300FA,2024-10-04 00:00:00,2021-07-20 00:00:00,38.5,340B88444040B100100016
PUHZ-ZRP35VKA,2016-02-16 00:00:00,2014-07-10 00:00:00,38.5,L77JH01S3XU04469
MD/MOU60HDN1R,2014-10-20 00:00:00,2013-09-24 00:00:00,38.519999999999996,D202041030913313160002
PUHZ-SHW112YHA,2014-09-17 00:00:00,2013-11-28 00:00:00,38.52,L7HJM12S38U00593
MI/MA-18NXD0-I,2025-06-24 00:00:00,2022-04-08 00:00:00,38.53,341E44938011A080850076
MCC24HRN1,2014-09-30 00:00:00,2013-02-20 00:00:00,38.56,D201497180112B04160009
MI/HBT-A100/240CDS9B,2025-01-29 00:00:00,2023-06-22 00:00:00,38.56,341H584120232090300037
M/MOEU-55HFN1-R,2019-06-30 00:00:00,2016-04-12 00:00:00,38.57,D212322290715121160030
MI/MOU-48FN8-RD0,2024-01-16 00:00:00,2020-10-28 00:00:00,38.6,341B215201108260150030
MI/MB-12N8D6-I,2023-09-29 00:00:00,2020-07-10 00:00:00,38.63,3419860530303270840143
MI/MHC-V18W/D2RN8,2024-11-07 00:00:00,2023-03-30 00:00:00,38.64,341F743970831290100002
M/MSMBCU-18HRFN1-QD0,2018-04-17 00:00:00,2016-09-05 00:00:00,38.7,2411653771365100120341
M/MSMBDU-24HRFN1-QD0,2019-05-31 00:00:00,2016-03-09 00:00:00,38.7,D210058950715319120049
MI/MOBA03-09HFN1-QD0,2019-06-30 00:00:00,2016-04-07 00:00:00,38.73,2411110290263140130143
MI/MHC-V12W/D2RN8-B2,2024-10-02 00:00:00,2023-02-20 00:00:00,38.76,341G84745022B010100002
MD/MOX13312HFN8QRD0,2024-08-20 00:00:00,2021-05-27 00:00:00,38.8,340C613090512020810080
MOU48HN1R,2015-12-31 00:00:00,2014-05-19 00:00:00,38.84,D202120340913925160015
MI/MA-24NXD0-I,2023-10-20 00:00:00,2020-07-24 00:00:00,38.86,341A033520704290860024
SLZ-KA25VAL,2016-10-07 00:00:00,2013-07-12 00:00:00,38.86,L65TCB1S2ZM02133
MI/HBT-A100/240CDS9B,2025-06-27 00:00:00,2022-03-31 00:00:00,38.9,341E960100521150300047
MOU60HFN1Q,2019-03-31 00:00:00,2015-12-30 00:00:00,38.99,D202250520814729160042
MI/AG-12NXD1-IH,2025-04-28 00:00:00,2022-01-26 00:00:00,39.03,341B271020309080130008
MI/HB-A100/CGN8-B,2024-08-14 00:00:00,2021-05-14 00:00:00,39.03,341C325480713040100008
MI/MI2-45Q4DN1,2024-09-19 00:00:00,2021-06-17 00:00:00,39.09,341A899060707220100039
MD/MOBA3012HFN1QRD0,2018-02-08 00:00:00,2016-06-22 00:00:00,39.16,2401653710464220850193
MD/MSAEBU12HRFNXQRD0,2019-03-31 00:00:00,2018-06-06 00:00:00,39.16,3405102330282070120135
M/MDV-V200W/DRN1,2019-03-31 00:00:00,2015-12-23 00:00:00,39.22,C703230471615615400002
MDV335(12WDRN1B,2016-05-10 00:00:00,2013-01-31 00:00:00,39.26,C703115581012316400004
M/MDV-V180W/DRN1,2023-07-12 00:00:00,2020-04-01 00:00:00,39.32,34V691278028C040100014
MD/MOBA0312HFN8QRD0,2024-03-28 00:00:00,2020-12-17 00:00:00,39.32,340A000900404250850142
MCD48HRFN1QC2,2017-01-04 00:00:00,2013-09-24 00:00:00,39.36,D202060160313413160006
MI/MI2-22Q4CDN1,2025-05-14 00:00:00,2022-01-31 00:00:00,39.39,341D663620216170100010
MI/MV6-450WV2GN1-E,2024-02-15 00:00:00,2020-11-03 00:00:00,39.39,341943457169C100100002
MI/MHA-V8W/D2N8-B,2024-02-12 00:00:00,2020-10-30 00:00:00,39.42,341B368570808270100009
MX/NXHB-A60/CD3,2025-03-12 00:00:00,2024-05-16 00:00:00,39.44,340G169930428030100021
PUHZ-P125YHA,2016-03-15 00:00:00,2012-11-30 00:00:00,39.45,7H1S305G 2J01616
MDVV400WDRN1,2024-08-28 00:00:00,2021-05-14 00:00:00,39.49,34VB782260211090100008
MI/MOU-42FN8-RD0,2024-07-01 00:00:00,2021-03-17 00:00:00,39.49,341B215201008240150023
MI/MTI-42FNXD0,2024-07-01 00:00:00,2021-03-17 00:00:00,39.49,341B461390509060160014
MI/MB-18N8D0-O,2023-08-02 00:00:00,2020-04-16 00:00:00,39.52,3419771620401300840042
MUB48HRN1R,2016-05-10 00:00:00,2013-01-23 00:00:00,39.52,D201443410212507160040
MI/MB-12N8D6-I,2023-10-31 00:00:00,2020-07-14 00:00:00,39.55,341A515760305160820281
MI/X2-12N8D1-O,2025-03-18 00:00:00,2021-11-30 00:00:00,39.55,341B271080409040120023
M/MSABBU-12HRDN1-QC8,2017-02-21 00:00:00,2015-06-30 00:00:00,39.56,D212322480115117120089
M/MSMBDU-24HRFN1-QD0,2019-05-31 00:00:00,2016-02-11 00:00:00,39.59,D212322230115116120134
MI/MI2-28T2DN1,2025-03-20 00:00:00,2021-12-01 00:00:00,39.59,341D662420518010100026
MI/MSMABU12HRDN1QD0,2019-07-26 00:00:00,2016-04-07 00:00:00,39.59,2411110290363110120390
MI/MHA-V4W/D2N8-B,2025-02-21 00:00:00,2024-01-16 00:00:00,39.63,340G169930128020100057
PUHZ-P140YHA,2017-06-08 00:00:00,2014-02-17 00:00:00,39.65,7H1T306G 2L00090
MUE36HRFN1QRC8A,2019-03-31 00:00:00,2017-08-04 00:00:00,39.68,D202294390114B28160014
MI/X4-24N8D0-O,2025-07-30 00:00:00,2022-04-07 00:00:00,39.75,341E49068081A130850020
MI/AG-24NXD0-IH,2025-03-12 00:00:00,2021-11-17 00:00:00,39.78,341D950900619020170012
MI/MCD-24FNXD0,2024-05-23 00:00:00,2021-01-28 00:00:00,39.78,341B522170309120160004
MI/MTIU-12HWFNX-GA,2025-08-08 00:00:00,2022-04-15 00:00:00,39.78,340D96495101A280160004
MSZ-GF60VE,2016-10-14 00:00:00,2013-06-21 00:00:00,39.78,L20E20TS3002312T
MI/MCD-30HRFN1-QD0,2019-03-31 00:00:00,2018-02-20 00:00:00,39.81,2413245421673240160019
HX/NXERV-350V1_ST2,2025-07-15 00:00:00,2023-11-17 00:00:00,39.82,F231031016
MI/MCD-36FNXD0,2023-06-30 00:00:00,2020-03-05 00:00:00,39.82,341898664049A110160001
MI/MA-18N8D0-O,2025-03-07 00:00:00,2021-11-10 00:00:00,39.85,341D237950618020830061
MI/MI2-22GDN1,2025-07-07 00:00:00,2022-03-10 00:00:00,39.91,341A574820106260100007
MI/MI2-22GDN1,2025-07-07 00:00:00,2022-03-10 00:00:00,39.91,341A574820106260100107
MD/CSTS-12R32IVT-IN,2023-05-31 00:00:00,2021-09-30 00:00:00,39.94,340D930020417230160062
MSABAU09HRFN1QRD0GWB,2019-07-31 00:00:00,2017-11-30 00:00:00,39.94,2401774990365160120099
MI/MI2-28GDN1,2025-07-14 00:00:00,2022-03-16 00:00:00,39.95,3419911290303140100082
MD/MDV-036Q4C/DN1,2024-11-12 00:00:00,2021-07-14 00:00:00,39.98,34V8142450296080100034
MI/X4-24N8D0-OH,2025-03-18 00:00:00,2021-11-17 00:00:00,39.98,341D950901019050120013
G-SCX142CS0A,2017-03-31 00:00:00,2016-05-30 00:00:00,40.08,HF16700567
M/MOC-09HFN1-QD1,2019-04-30 00:00:00,2017-08-28 00:00:00,40.08,D212322260315116150036
M/MDV-D45Q4/N1-E,2017-06-02 00:00:00,2015-09-30 00:00:00,40.14,C703212750415109400048
MI/MHC-V12W/D2RN8-B2,2024-10-23 00:00:00,2023-02-20 00:00:00,40.14,341G84745022B010100002
HX/NXERV-350V1_ST2,2025-07-18 00:00:00,2024-06-05 00:00:00,40.2,F231031019
MI/MCD-55FNXD0,2023-08-31 00:00:00,2020-04-22 00:00:00,40.28,341898664069A110160014
MDV335(12WD1RN1C,2016-09-23 00:00:00,2013-05-15 00:00:00,40.31,C703137681313107400001
MI/MA-12NXD0-I,2023-11-30 00:00:00,2020-07-21 00:00:00,40.31,341A033520304290840497
MD/MOU60HDN1R,2016-05-23 00:00:00,2013-01-11 00:00:00,40.34,D201462410212615160024
MI/MVI-335WV2RN1A,2024-12-10 00:00:00,2021-07-30 00:00:00,40.37,34VC326591312270100007
M/MI-36G/DHN1-S,2017-06-19 00:00:00,2015-10-13 00:00:00,40.4,C703218281315302400022
MI/HB-A60/CD30GN8B,2024-02-15 00:00:00,2022-06-10 00:00:00,40.4,341F743970524040100041
MI/MA-09N8D0-XO,2024-07-24 00:00:00,2022-11-17 00:00:00,40.4,341D237890217190820086
MI/MSMABU12HRDN1QD0,2019-03-31 00:00:00,2017-07-24 00:00:00,40.4,2413476010675070820221
MD/MCD48HRFN1QRDA,2018-04-20 00:00:00,2017-03-06 00:00:00,40.410000000000004,2401942430966240160004
MI/MSMBBU12HRFN1QRD0,2019-03-31 00:00:00,2018-02-14 00:00:00,40.410000000000004,2411785860365270120284
M/MSR23-24HRDN1,2018-04-10 00:00:00,2014-11-25 00:00:00,40.47,D202179890114301120006
MX/NXRM-ID35XWM-1C,2025-04-30 00:00:00,2023-08-23 00:00:00,40.48,540G064910325030830044
MI/M2OD-18HFN8-Q,2025-08-01 00:00:00,2022-03-16 00:00:00,40.54,341D871240317170150037
MI/MA-12NXD0-XI,2024-08-14 00:00:00,2021-03-29 00:00:00,40.54,341A967310307110810160
MI/MA-12NXD0-XI,2024-11-13 00:00:00,2021-06-24 00:00:00,40.67,341C612660314080810402
M/MKD-300,2019-03-31 00:00:00,2017-07-20 00:00:00,40.68,C702523990716B03400024
MI/MB-12N8D6-I,2023-08-03 00:00:00,2020-03-12 00:00:00,40.7,3418645310898210810054
MI/MOE30U-55HFN8RGA,2025-07-15 00:00:00,2022-02-22 00:00:00,40.7,341D95244131A100150031
MI/MSMBAU09HRFN1QRD0,2019-05-31 00:00:00,2018-04-13 00:00:00,40.71,2413244730174190120091
MD/MOU60HDN1R,2018-04-18 00:00:00,2014-11-25 00:00:00,40.74,D202184530514314160018
MD/MOX13312HFN8QRD0N,2025-03-04 00:00:00,2023-06-23 00:00:00,40.74,540J374530334240810146
PLA-RP71BA,2016-04-29 00:00:00,2012-12-06 00:00:00,40.74,7G7D319G 2F02071
MI/MA-09N8D0-XO,2024-10-17 00:00:00,2021-05-25 00:00:00,40.77,341C491290212080820163
M/MOEU-55HFN1-R,2019-03-31 00:00:00,2015-11-05 00:00:00,40.8,D212309891015107160017
MOBA3007HFN1QRD0GW,2018-05-14 00:00:00,2016-08-30 00:00:00,40.86,2401791190265140130129
MOV192HN1R,2019-03-31 00:00:00,2017-07-17 00:00:00,40.86,C702208260116819400007
M/MSMBBU-09HRFN1-QD0,2019-03-31 00:00:00,2015-11-02 00:00:00,40.9,D210058950115329120044
M/MSMBBU-09HRFN1-QD0,2019-03-31 00:00:00,2015-11-02 00:00:00,40.9,D210058950115329120079
MI/AG-12NXD1-I,2025-08-12 00:00:00,2022-03-16 00:00:00,40.9,341D948800319020130227
MI/M4OE-28HFN8-Q,2024-11-20 00:00:00,2021-06-24 00:00:00,40.9,341C448030512060150008
MI/MI2-22GDN1,2025-08-12 00:00:00,2022-03-16 00:00:00,40.9,3419910041002290100096
MI/MA-18NXD0-I,2023-11-30 00:00:00,2020-07-02 00:00:00,40.93,341A425520504280810071
M/MI-56Q4/DHN1-D,2018-06-01 00:00:00,2016-09-16 00:00:00,40.94,C701747951916513400035
M/MSABBU-12HRDN1-QC8,2019-03-31 00:00:00,2015-10-30 00:00:00,41,D212322500315117120012
MI/HB-A160/CGN8-B,2025-01-31 00:00:00,2021-08-31 00:00:00,41.03,341D367920616200100051
MI/MHA-V12W/D2RN8-B,2025-01-31 00:00:00,2021-08-31 00:00:00,41.03,341D367740316040100049
MSR124HRN1QB8,2016-09-26 00:00:00,2013-04-26 00:00:00,41.03,D201497140312A29130030
MSZ-SF25VE,2016-06-10 00:00:00,2014-09-24 00:00:00,41.06,L20E21FS4044003T
MUZ-SF35VE,2017-07-03 00:00:00,2014-01-30 00:00:00,41.06,L20E2C1S3027354T
MI/M4OE-28HFN8-Q,2024-11-26 00:00:00,2021-06-24 00:00:00,41.1,341C448030512060150008
MUE36HRFN1QRC8A,2019-07-31 00:00:00,2016-02-26 00:00:00,41.1,240071890055C210160005
MI/MOU-42FN8-RD0,2023-11-30 00:00:00,2020-06-26 00:00:00,41.13,341A000430803270150004
M/MDV-450W/D2RN1T,2019-03-31 00:00:00,2015-10-23 00:00:00,41.23,C703209731214C26400004
M/MOEU-48HFN1-QRD0,2019-03-31 00:00:00,2015-10-23 00:00:00,41.23,D210059140915328160061
MI/MA-12NXD0-XI,2025-07-02 00:00:00,2022-01-24 00:00:00,41.23,341E353990319110820121
H/JADR0100,2019-03-31 00:00:00,2015-10-22 00:00:00,41.26,HF1508058290
H/TADR0422,2019-03-31 00:00:00,2015-10-22 00:00:00,41.26,HF1508058306
MCD18HRFN1QRC8,2017-06-20 00:00:00,2015-10-01 00:00:00,41.26,D200226390115708160018
MI/M3OF-27HFN8-Q,2023-08-03 00:00:00,2020-02-24 00:00:00,41.26,341954814149C210150008
MI/MA-09N8D0-O,2024-03-28 00:00:00,2020-10-19 00:00:00,41.26,341A000480204190860157
MI/MOB03-12HFN1-Q_H,2019-03-31 00:00:00,2017-07-11 00:00:00,41.26,2412148590468080130020
MI/MSMABU12HRDN1QD0,2019-03-31 00:00:00,2017-07-11 00:00:00,41.26,2413475890674300820070
MD/MSAEBU12HRFN1QRD0,2019-03-31 00:00:00,2017-07-10 00:00:00,41.32,2401713990365170120164
MSR23U09HRDN1QR,2015-07-22 00:00:00,2013-10-31 00:00:00,41.32,D202107830113718120487
M/MOB01-09HFN1-QD0W,2019-04-30 00:00:00,2015-11-18 00:00:00,41.36,D212312810715110130058
MS12F809HRDN1C8,2016-10-28 00:00:00,2015-02-06 00:00:00,41.4,D202212880114504120370
MI/MA-18NXD0-I,2025-05-08 00:00:00,2021-11-24 00:00:00,41.43,341D237950518040850023
MI/MA-12NXD0-XI,2024-09-12 00:00:00,2021-03-29 00:00:00,41.49,341A967310307110810048
MI/MHC-V16W/D2RN8-B,2025-04-11 00:00:00,2021-10-26 00:00:00,41.49,341D367740816030100003
MDVD112T1/N1-B,2017-08-31 00:00:00,2014-03-14 00:00:00,41.59,C703167450213B11400008
MUZ-GF71VE,2018-05-29 00:00:00,2014-12-09 00:00:00,41.62,L20E2C8S4003059T
MI/HB-A160/CGN8-B,2025-02-07 00:00:00,2021-08-17 00:00:00,41.72,341D367740615130100027
MI/MB-12N8D6-I,2024-05-20 00:00:00,2020-11-26 00:00:00,41.75,341A515760305160820122
MI/MI2-52Q4CDN1,2025-07-14 00:00:00,2022-01-20 00:00:00,41.75,341D662420218040100050
MCD55HRFN1QRD0,2018-05-14 00:00:00,2017-06-30 00:00:00,41.8,D212309910215106160002
MI/MOU-36FN8-QD0,2023-08-31 00:00:00,2020-03-05 00:00:00,41.85,3418893060499190150002
MI/MSFAAU-09HRFN8,2025-03-07 00:00:00,2021-09-10 00:00:00,41.85,341D6753301162002A0014
MI/MV6-900WV2GN1-E,2024-02-27 00:00:00,2020-09-01 00:00:00,41.85,3418457480397100100001
PUHZ-P125YHA,2016-08-01 00:00:00,2013-02-04 00:00:00,41.85,7H1S305G 2K01755
MI/HB-A160/CGN8-B,2025-02-06 00:00:00,2021-08-11 00:00:00,41.89,341C325480813050100004
MI/M5O-42FN8-Q,2025-06-20 00:00:00,2021-12-23 00:00:00,41.89,341E38159091A090150012
MI/MA-12N8D0-O,2024-09-26 00:00:00,2021-03-31 00:00:00,41.89,341A033510404260850546
MI/MHA-V16W/D2RN8-B,2025-02-06 00:00:00,2021-08-11 00:00:00,41.89,341C325480612070100003
MD/MDV-036Q4C/DN1,2023-07-31 00:00:00,2021-10-31 00:00:00,41.92,34V8142450296080100008
CT-R301201YZMSAOSG,2017-11-30 00:00:00,2016-09-30 00:00:00,41.97,16000676
M/MSMBBU-18HRFN1-QD0,2019-03-31 00:00:00,2015-09-30 00:00:00,41.98,D212322230315117120095
MD/MOBA18HFN1QRDA,2019-06-30 00:00:00,2017-09-29 00:00:00,41.98,2403566090277090130017
MOU60HFN1Q,2019-05-31 00:00:00,2015-11-30 00:00:00,41.98,D202250520814729160017
PUHZ-SHW230YKA,2015-06-25 00:00:00,2013-09-24 00:00:00,41.98,L7HJS01S2YU00068
MD/MOCA0224HFN8QRD0,2023-04-30 00:00:00,2021-07-29 00:00:00,42.04,340C613480814140860058
MI/MA-09NXD0-I,2024-04-22 00:00:00,2020-10-19 00:00:00,42.08,341A000480104210840078
MD/MOB3118HFN1QRD0GW,2019-03-31 00:00:00,2017-06-28 00:00:00,42.12,2403496510674240860026
MD/MSAFBU12HRDNX-XW,2024-04-22 00:00:00,2022-07-21 00:00:00,42.12,340F435600123060820745
MI/MI2-45T2DN1,2023-07-31 00:00:00,2021-10-28 00:00:00,42.12,341943456169C160100022
MCC48HRDN1,2016-08-04 00:00:00,2013-01-29 00:00:00,42.15,C101372840311801130006
M/MSMBDU-24HRFN1-QD0,2019-04-30 00:00:00,2017-07-27 00:00:00,42.18,2411334130763290120051
PUHY-P400YJM-A,2014-07-31 00:00:00,2012-10-26 00:00:00,42.24,7GFYE812W01533
HX/NXERV-350V1_ST2,2024-09-06 00:00:00,2022-11-30 00:00:00,42.44,F221030125
MDVV400WDRN1,2019-03-31 00:00:00,2017-06-23 00:00:00,42.44,C703319800717307400001
MSR23U18HRDN1Q8,2017-02-02 00:00:00,2015-04-28 00:00:00,42.44,D202179890314228120224
MI/MHC-V12W/D2RN8-B2,2024-11-28 00:00:00,2023-02-20 00:00:00,42.5,341G84745022B010100002
MI/MTIU-18FNXD0,2025-02-26 00:00:00,2021-08-12 00:00:00,42.51,341B461390409060160017
MSTCBU12HRFN1QR,2019-03-31 00:00:00,2015-09-14 00:00:00,42.51,D200073060115408120087
PUHY-EP300YJM-A,2017-09-25 00:00:00,2014-03-10 00:00:00,42.54,7GFEC336W00777
LGH-65RX5,2016-04-04 00:00:00,2012-09-14 00:00:00,42.64,L546755S00002577
M/MI-28G/DHN1-S,2019-03-31 00:00:00,2015-09-10 00:00:00,42.64,C703209700315109400006
PU-P125YHA,2017-07-03 00:00:00,2013-12-13 00:00:00,42.64,7H1F519G 2H00324
MI/MA-24N8D0-O,2023-12-29 00:00:00,2020-06-08 00:00:00,42.67,3419860531303260870032
MI/X1BP-09N8D0-O,2025-01-09 00:00:00,2023-03-31 00:00:00,42.7,541F677890225090810229
MI/MOUU-18FN8-QD0,2025-03-04 00:00:00,2021-08-12 00:00:00,42.71,340D469560215190120040
MI/MCD1-48HRFNX-GA,2025-07-07 00:00:00,2021-12-14 00:00:00,42.74,341E337440219200160034
MI/MOD30U-36HFN8RGA,2025-07-07 00:00:00,2021-12-14 00:00:00,42.74,341D951761219030150056
MI/MSMBBU12HRFN1QRD0,2019-03-31 00:00:00,2015-09-07 00:00:00,42.74,D212322230215115120039
MI/MSMBBU12HRFN1QRD0,2019-03-31 00:00:00,2015-09-07 00:00:00,42.74,D212322230215115120082
MI/MOU-36FN8-QD0,2023-09-29 00:00:00,2020-03-05 00:00:00,42.81,3418893060499190150002
MUZ-GC25VA,2016-12-06 00:00:00,2013-05-13 00:00:00,42.81,L20E7A0S2000782T
MD/MOB3112HFN1QRD0GW,2019-05-31 00:00:00,2017-08-17 00:00:00,42.84,2401713990465160150335
MI/MI2-28GDN1,2023-05-31 00:00:00,2019-11-04 00:00:00,42.84,3418513890698190100014
M/MOTS-27HFN1QRD0,2023-08-31 00:00:00,2022-06-22 00:00:00,42.87,34VE372800122120300002
MI/M2OD-18HFN8-Q,2023-09-29 00:00:00,2020-03-02 00:00:00,42.9,3418650970298190150041
MD/MOX13312HFN8QRD0,2025-02-24 00:00:00,2021-07-23 00:00:00,43.1,340C613750415050810348
MD/MSAFBU12HRDNX-XW,2025-02-24 00:00:00,2021-07-23 00:00:00,43.1,340C613310613260820418
MD/MSAFDU24HRFN8QRD0,2023-04-30 00:00:00,2019-09-26 00:00:00,43.1,3408596820598030860016
MUH-GA60VB,2017-10-24 00:00:00,2014-03-21 00:00:00,43.13,L20E5C0S1002734T
MI/HB-A160/CGN8-B,2025-01-14 00:00:00,2021-06-10 00:00:00,43.17,341C325480813050100011
MS12F809HRDN1C8OU,2019-03-31 00:00:00,2015-08-24 00:00:00,43.2,D200073040215408130441
MOU24HDN1Q,2016-10-10 00:00:00,2013-03-04 00:00:00,43.23,D201494320312A24160001
M/MDV-D140DL/N1-C,2017-02-27 00:00:00,2015-12-16 00:00:00,43.26,C703209720515106400004
M/MDV-V400W/DRN1,2019-03-31 00:00:00,2018-01-16 00:00:00,43.26,C703635201317505400008
MS12F812HRDN1C8OU,2019-03-31 00:00:00,2015-08-19 00:00:00,43.36,D200073040415411130686
M/MOZU-18HFN1-QD0,2019-03-31 00:00:00,2015-08-18 00:00:00,43.4,D210059140115325150031
MD/MOBA0312HFN8QRD0,2023-06-06 00:00:00,2019-10-24 00:00:00,43.4,3408650900498040830119
LGH-25RVX,2017-02-03 00:00:00,2015-04-14 00:00:00,43.42,5466221501010P
MI/MI2-56GDN1,2024-10-15 00:00:00,2021-03-02 00:00:00,43.46,341A290570605140100042
MI/MI2-56GDN1,2024-10-15 00:00:00,2021-03-02 00:00:00,43.46,341A290570605140100051
MI/MI2-56GDN1,2024-10-15 00:00:00,2021-03-02 00:00:00,43.46,341A290570605140100056
MI/MVI-335WV2RN1A,2025-03-14 00:00:00,2021-07-30 00:00:00,43.46,34VC326591312270100007
MI/MOBA03-12HFN1-QD0,2019-03-31 00:00:00,2017-06-07 00:00:00,43.5,2413336890774030850136
MSTCAU09HRFN1QR,2019-03-31 00:00:00,2015-08-13 00:00:00,43.56,D200073060215409120122
MI/MBT-12N8D6-O,2024-01-16 00:00:00,2020-05-29 00:00:00,43.59,3419999861103240840084
MSR23U09HRDN1QR,2015-10-15 00:00:00,2013-12-20 00:00:00,43.62,D202107830113718120516
MI/HB-A160/CGN8-B,2025-01-28 00:00:00,2021-06-10 00:00:00,43.63,341C325480813050100011
MI/AG-18NXD0-I,2023-11-30 00:00:00,2022-09-13 00:00:00,43.650000000000006,341F297340323190860058
MD/MOB3018HFN8QRDA,2025-01-08 00:00:00,2021-05-20 00:00:00,43.66,340C448320811310120011
MD/MOBA0312HFN8QRD0,2024-09-24 00:00:00,2021-01-29 00:00:00,43.82,340A000870304250850144
MI/MA-18N8D0-O,2024-02-27 00:00:00,2020-07-03 00:00:00,43.82,341A425520604270840087
MI/MA-18NXD0-I,2024-02-27 00:00:00,2020-07-03 00:00:00,43.82,341A425520504280810086
MI/AGBP-09NXD0-I,2025-01-27 00:00:00,2023-03-31 00:00:00,43.88,341F401970523250810138
MI/MI2-22Q1DN1,2023-08-31 00:00:00,2019-12-31 00:00:00,43.99,3418909110199260100017
MI/SMK-80/CGN8,2024-07-10 00:00:00,2020-11-09 00:00:00,43.99,341B368570708260100001
MUE60HRFN1Q,2019-03-31 00:00:00,2015-07-31 00:00:00,43.99,D202294390214B28160017
MI/MB-09N8D6-I,2023-10-31 00:00:00,2020-02-29 00:00:00,44.02,341956045019C240840184
MI/HB-A160/CGN8-B,2025-01-14 00:00:00,2021-05-14 00:00:00,44.05,341C325480813050100011
MSR23U09HRDN1QR,2015-09-02 00:00:00,2013-10-31 00:00:00,44.08,D202107830113718120487
MI/MI2-56Q4DN1,2025-05-22 00:00:00,2021-09-16 00:00:00,44.15,341A899060707220100095
MI/MI2-56Q4DN1,2025-05-22 00:00:00,2021-09-16 00:00:00,44.15,341A899060707220100143
H/TAUR0091,2023-08-31 00:00:00,2019-12-23 00:00:00,44.25,HF1503055315
G-LSE486CL,2019-03-31 00:00:00,2017-05-26 00:00:00,44.28,HF1703071256
MI/SMK-80/CGN8,2024-07-10 00:00:00,2020-10-30 00:00:00,44.32,341B368570708260100001
M/MDV-D18Q1/N1-D,2019-03-31 00:00:00,2017-05-25 00:00:00,44.34,C703538830117406400031
M/MSMBCU-18HRFN1-QD0,2019-05-31 00:00:00,2017-07-25 00:00:00,44.34,2411653771365100120253
PUHZ-P140YHA,2017-08-16 00:00:00,2013-12-02 00:00:00,44.45,7H1S306G 2F00966
M/M5OD-42HFN1-Q,2019-03-31 00:00:00,2015-07-16 00:00:00,44.48,D212322270515122160002
MI/MB-09N8D6-I,2024-06-17 00:00:00,2020-10-02 00:00:00,44.48,341A967600107130810007
MI/MCA3U12HRFN1QD0,2019-03-31 00:00:00,2017-05-23 00:00:00,44.48,2411657880165080160165
MI/MI2-22Q1DN1,2025-03-21 00:00:00,2021-07-06 00:00:00,44.48,341D068470113220100013
MUE51HRN1R,2017-03-22 00:00:00,2015-05-15 00:00:00,44.48,D202251770414803160043
MI/HB-A160/CGN8-B,2025-01-28 00:00:00,2021-05-14 00:00:00,44.51,341C325480813050100011
MI/MI2-22Q1DN1,2023-09-29 00:00:00,2020-01-13 00:00:00,44.51,3418909110199260100040
MI/MOB0109HFN8QRD6GW,2019-03-31 00:00:00,2017-05-22 00:00:00,44.54,2413276750273210130033
MUE-55HRFN1-QRD0,2018-05-15 00:00:00,2016-07-06 00:00:00,44.54,D200342070515928160027
MI/MB-09N8D6-I,2024-11-12 00:00:00,2021-02-25 00:00:00,44.55,341B522050509120130126
MOU51HN1RB6W,2016-08-25 00:00:00,2015-05-31 00:00:00,44.55,D202251770714730160032
MI/MOU-24FN8-QD0,2024-12-17 00:00:00,2021-03-30 00:00:00,44.61,341A996901007170120031
MI/MHA-V14W/D2RN8-B,2024-12-04 00:00:00,2023-01-25 00:00:00,44.62,341G93451042A250100036
MI/MHA-V14W/D2RN8-B,2024-12-04 00:00:00,2023-01-24 00:00:00,44.68,341G93451042A250100036
MI/MI2-56DLDN1,2023-12-27 00:00:00,2020-04-06 00:00:00,44.68,3417740900993260100003
MI/MA-12NXD0-I,2023-10-20 00:00:00,2020-01-28 00:00:00,44.71,3418645311298210830160
MI/MA-24N8D0-O,2024-09-23 00:00:00,2020-12-31 00:00:00,44.74,341A033510804270870029
MI/HB-A160/CGN8-B,2025-02-06 00:00:00,2021-05-14 00:00:00,44.81,341C325480813050100004
MI/MOE30U-55HFN8RGA,2025-06-11 00:00:00,2023-07-28 00:00:00,44.94,541H53166062C160150004
MD/MSAFCU18HRFN8QRD0,2024-02-27 00:00:00,2020-05-29 00:00:00,44.97,3409704190504060170057
MI/CB1-12HRFN8-I,2025-08-14 00:00:00,2023-09-29 00:00:00,45,541K487700336120130063
MI/M2OD-18HFN8-Q,2024-03-28 00:00:00,2020-06-26 00:00:00,45.04,3418650970298190150091
MI/MA-12N8D0-O,2023-10-30 00:00:00,2020-01-28 00:00:00,45.04,3418645311398210830159
MI/MOU-48FN8-RD0,2024-02-29 00:00:00,2022-11-28 00:00:00,45.150000000000006,341D533230617020150090
MD/UNVS-48R32INT-OU,2025-07-14 00:00:00,2021-10-07 00:00:00,45.2,340D961560917260150007
MI/MHA-V14W/D2RN8-B,2023-12-27 00:00:00,2022-02-07 00:00:00,45.2,341D629530317050100002
MX/NXHPM-V10W/D2N8,2025-01-16 00:00:00,2023-02-28 00:00:00,45.2,341G93008012B120100021
MHD60HRDN1R,2016-09-12 00:00:00,2012-12-04 00:00:00,45.27,D201462410112619160010
MI/MB-12N8D6-I,2024-12-04 00:00:00,2021-02-25 00:00:00,45.27,3419860530303270840197
MD/MOX13312HFN8QRD0,2025-03-18 00:00:00,2021-06-08 00:00:00,45.3,340C613580414130820378
MI/HB-A160/CGN8-B,2025-03-10 00:00:00,2021-05-31 00:00:00,45.3,341C900700813240100012
MI/MOUU-18FN8-QD0,2025-02-06 00:00:00,2021-04-29 00:00:00,45.3,341C448081111310120017
AX/NXRA-OD50BFR-1A,2025-05-09 00:00:00,2021-07-29 00:00:00,45.34,A2336A181801W00004
MD/UNVS-48R32INT-OU,2025-07-18 00:00:00,2021-10-07 00:00:00,45.34,340D961560917260150007
MI/MI2-22GDN1,2025-06-20 00:00:00,2021-09-09 00:00:00,45.34,341943457059C190100361
MI/MOU-55FN8-RD0,2025-01-24 00:00:00,2021-04-15 00:00:00,45.34,3417806230594220150019
MD/MCA3U12HRFNXQRDAW,2023-11-02 00:00:00,2020-01-21 00:00:00,45.37,340913413019A250160040
MD/MOBA3009HFN1QRD0,2019-03-31 00:00:00,2017-05-09 00:00:00,45.4,2403245050273020850046
MUH-GA35VB,2017-03-06 00:00:00,2013-05-24 00:00:00,45.4,L20E8A9S1007226T
MI/HB-A160/CGN8-B,2025-02-04 00:00:00,2021-04-20 00:00:00,45.53,341B88673080B130100015
MI/MCD-24FNXD0,2025-02-26 00:00:00,2021-05-12 00:00:00,45.53,341C448030812030160003
MI/MHA-V14W/D2RN8-B,2025-02-04 00:00:00,2021-04-20 00:00:00,45.53,341C325480512060100005
MD/M4OE28HFN8Q,2023-06-01 00:00:00,2019-08-14 00:00:00,45.57,3408125180696110150019
MI/MA-12N8D0-O,2024-09-17 00:00:00,2020-11-30 00:00:00,45.57,341A000480404190860358
MLZ-KA50VA,2016-12-30 00:00:00,2013-03-13 00:00:00,45.6,L5F3G16S101959
MI/MB-18N8D0-O,2023-06-30 00:00:00,2019-09-09 00:00:00,45.66,3418094300496280840066
MI/MHA-V14W/D2RN8-B,2025-02-04 00:00:00,2021-04-15 00:00:00,45.7,341C325480512060100005
MI/MOE30U-55HFN8RGA,2025-06-23 00:00:00,2023-07-28 00:00:00,45.72,541H53166062C160150004
M/MDV-V120W/DRN1,2024-12-16 00:00:00,2021-02-23 00:00:00,45.73,341891438069A110100003
MD/MOBA3012HFN8QRD0,2023-12-27 00:00:00,2020-03-05 00:00:00,45.73,340931652049B120120103
MI/MHA-V16W/D2RN8-B,2025-02-06 00:00:00,2021-04-15 00:00:00,45.76,341C325480612070100003
MI/AGBP-12NXD0-I,2025-06-24 00:00:00,2023-07-28 00:00:00,45.8,541K316760135240810301
MI/MHA-V8W/D2N8-B,2025-02-25 00:00:00,2023-03-31 00:00:00,45.8,341H10751012B230100020
MI/MA-09NXD0-XI,2023-11-30 00:00:00,2022-08-22 00:00:00,45.839999999999996,341C491290112180810136
MI/MI2-22T2DN1,2025-05-26 00:00:00,2021-07-30 00:00:00,45.86,341A563940806280100007
M/MOEU-48HFN1-QRD0,2019-03-31 00:00:00,2015-06-02 00:00:00,45.93,D210059140915328160021
M/MUE-48HRFN1-Q(A),2019-03-31 00:00:00,2015-06-02 00:00:00,45.93,D212309910515103160003
MI/MI2-22T2DN1,2025-05-28 00:00:00,2021-07-30 00:00:00,45.93,341A563940806280100007
MUZ-SF25VE,2017-06-28 00:00:00,2013-08-28 00:00:00,45.99,L20E2C0S3024088T
MI/MI2-28GDN1,2024-07-10 00:00:00,2022-08-10 00:00:00,46,341F806510724140100106
MD/MDV-022G/DN1,2024-08-20 00:00:00,2020-10-19 00:00:00,46.02,34VA287190205130100110
MI/MA-12N8D0-XO,2025-08-12 00:00:00,2021-10-11 00:00:00,46.02,341D237760417190820099
MI/M5O-42FN8-Q,2024-07-10 00:00:00,2020-09-07 00:00:00,46.06,341A967710707060150021
MI/MA-12NXD0-I,2023-11-30 00:00:00,2020-01-28 00:00:00,46.06,3418645311298210830157
MI/MOB03-12HFN1-Q_H,2019-03-31 00:00:00,2017-04-27 00:00:00,46.18,2411785860465270150250
MHG60HWFN1Q,2019-03-31 00:00:00,2015-05-25 00:00:00,46.19,D202212890114504160019
MI/MCD-48FNXD0,2024-07-04 00:00:00,2020-08-28 00:00:00,46.19,3408125580896050160012
MD/MOCA0224HFN8QRD0,2023-07-31 00:00:00,2019-09-23 00:00:00,46.22,3408125020696120870097
MI/MCD-24FNXD0,2025-03-19 00:00:00,2021-05-12 00:00:00,46.22,341C448030812030160003
M/MDV-V180W/DRN1,2024-10-15 00:00:00,2020-12-07 00:00:00,46.25,34VA863900607220100002
M/MSABBU-12HRDN1-QC8,2019-03-31 00:00:00,2015-05-22 00:00:00,46.29,D212322500315117120027
MD/MSAFCU18HRFN8QRD0,2023-04-30 00:00:00,2019-06-21 00:00:00,46.29,3407743090393290810204
MOU36HFN1RRC8,2019-05-31 00:00:00,2015-07-21 00:00:00,46.32,D202250480414721160014
MD/MOB3112HFN1QRD0GW,2019-03-31 00:00:00,2017-04-24 00:00:00,46.38,2401199390463180130074
MS12FU18HRFN1QRD0GW,2018-02-21 00:00:00,2016-03-17 00:00:00,46.38,2400827550561160120105
MD/MOBA3009HFN1QRD0,2017-05-15 00:00:00,2016-05-27 00:00:00,46.4,2401302930263190820450
M/MSABAU-09HRDN1-QC8,2019-03-31 00:00:00,2015-05-18 00:00:00,46.42,D212322480415119120135
M/MDV-V400W/DRN1,2024-10-16 00:00:00,2022-11-09 00:00:00,46.46,341F806490624090100005
EHSC-VM6E-B,2016-09-22 00:00:00,2014-10-15 00:00:00,46.52,7H1HB08G 3C00079
MD/MSAFBU09HRDN8-X,2025-04-03 00:00:00,2021-05-18 00:00:00,46.52,340C448130111140820056
MI/MHA-V6W/D2N8-B,2025-01-08 00:00:00,2023-01-31 00:00:00,46.52,341G076700125240100075
M/MSABDU-18HRDN1-QC8,2016-11-14 00:00:00,2015-07-31 00:00:00,46.53,D212322480315119120152
MI/MI2-56GDN1,2025-01-17 00:00:00,2021-03-02 00:00:00,46.55,341A290570605140100047
MI/MCA3U-12FNXD0,2024-01-16 00:00:00,2020-02-28 00:00:00,46.58,341954814019C180160050
MI/MOUU-18FN8-QD0,2024-11-18 00:00:00,2020-12-31 00:00:00,46.58,340A751181406150120016
MUE36HRFN1QRC4,2017-12-06 00:00:00,2014-01-14 00:00:00,46.71,D202096290113709160010
MI/MB-09N8D6-I,2024-11-08 00:00:00,2020-12-16 00:00:00,46.75,341B522050509120130080
MI/MI2-56Q4DN1,2025-06-05 00:00:00,2021-07-13 00:00:00,46.75,C702662711316C01400017
MD/AFBU12HRDNXQRD0,2025-06-09 00:00:00,2023-06-28 00:00:00,46.78,540J548440234280820556
MI/MOU-24FN8-QD0,2025-02-21 00:00:00,2021-03-30 00:00:00,46.78,341A996901007170120031
MUE60HRFN1QC2,2017-12-08 00:00:00,2014-01-14 00:00:00,46.78,D202110870113729160007
MD/MOBA18HFN1QRDA,2019-03-31 00:00:00,2018-04-09 00:00:00,46.8,340510242057C280130025
EHSC-VM6E-B,2016-03-15 00:00:00,2014-04-02 00:00:00,46.84,7H1HB08G 3H00233
MI/MUE-36HRFN1-QRD0,2019-06-30 00:00:00,2015-08-04 00:00:00,46.85,D212322300315119160008
MI/MB-12N8D6-I,2024-02-15 00:00:00,2020-03-20 00:00:00,46.88,3418892820199250810095
MI/MB-12N8D6-I,2025-01-21 00:00:00,2021-02-24 00:00:00,46.88,3419860530303270840006
HX/NXERV-1300V1_ST2,2024-08-12 00:00:00,2023-04-24 00:00:00,46.92,F221070278
MUE36HRFN1QRC8A,2017-09-13 00:00:00,2015-09-30 00:00:00,46.92,D202294390114B28160009
PUHZ-SHW230YKA,2017-03-13 00:00:00,2015-03-30 00:00:00,46.92,L7HJS01S4XU02340
PUHZ-SHW230YKA,2017-03-13 00:00:00,2015-03-30 00:00:00,46.92,L7HJS02S4ZU00192
T-C2000E.EE.NT,2016-02-17 00:00:00,2014-03-05 00:00:00,46.92,160272001
MI/MI2-28Q4DN1,2025-06-11 00:00:00,2021-07-13 00:00:00,46.94,3417634191193120100005
M/MSABBU-12HRDN1-QC8,2019-05-31 00:00:00,2015-06-30 00:00:00,47.01,D212322480115117120089
MI/MOU-24FN8-QD0,2024-12-31 00:00:00,2021-01-28 00:00:00,47.08,341B98988140B180120015
MD/MOCA3024HFN8QRD0,2025-03-07 00:00:00,2021-04-02 00:00:00,47.14,3418892820599230860077
MI/MI2-22Q1DN1,2025-06-10 00:00:00,2021-07-06 00:00:00,47.14,341D068470113220100013
MI/M4O-36FN8-Q,2023-08-31 00:00:00,2019-09-25 00:00:00,47.17,3418501480597160150015
PEFY-P250VMHS-E,2015-12-21 00:00:00,2014-01-02 00:00:00,47.18,7GEGP13XW02102
MI/MB-12N8D6-I,2024-05-31 00:00:00,2020-06-24 00:00:00,47.21,3419860530303270840110
MI/MSMBBU12HRFN1QRD0,2018-05-09 00:00:00,2016-05-19 00:00:00,47.3,2411224210363170120110
MI/AG-12NXD1-I,2025-02-24 00:00:00,2021-03-16 00:00:00,47.34,341B214640308270130007
MSR23U18HRDN1Q8OU,2019-03-31 00:00:00,2015-04-20 00:00:00,47.34,D202179890514303150030
M/M3OD-27HFN1-Q,2019-07-31 00:00:00,2015-08-17 00:00:00,47.44,D210059000115326160013
MI/MB-18N8D0-O,2024-06-07 00:00:00,2020-06-22 00:00:00,47.5,3419771620401300840053
MUE45HRN1-R,2019-03-31 00:00:00,2017-04-07 00:00:00,47.5,D200309360215910160015
SLZ-KA25VAL,2017-06-27 00:00:00,2013-07-12 00:00:00,47.5,L65TCB1S2ZM02133
MI/MI2-28GDN1,2025-07-07 00:00:00,2021-07-21 00:00:00,47.54,341D068470914050100093
MI/MI2-56DLDN1,2025-07-07 00:00:00,2021-07-21 00:00:00,47.54,341A290570205110100001
PU-P125YHA,2017-11-14 00:00:00,2013-11-28 00:00:00,47.54,7H1F519G 2H00323
MI/M2OD-18HFN8-Q,2024-06-13 00:00:00,2020-06-26 00:00:00,47.57,3418650970298190150091
MI/MA-12N8D0-O,2023-06-05 00:00:00,2019-06-17 00:00:00,47.6,3417631890293220830072
MI/MB-12N8D6-I,2024-07-10 00:00:00,2020-07-22 00:00:00,47.6,341A515760305160820222
MI/MB-18N8D0-O,2023-04-30 00:00:00,2019-05-10 00:00:00,47.67,341680161088A210840058
MSZ-GE71VA,2017-02-03 00:00:00,2013-02-12 00:00:00,47.7,L20E00AS2003845T
MD/MOCA3024HFN8QRD0,2025-03-26 00:00:00,2021-04-02 00:00:00,47.77,3418892820599230860077
MI/MCA3U-12FNXD0,2024-08-14 00:00:00,2020-08-21 00:00:00,47.77,341954814019C180160035
MI/MI2-45Q4DN1,2025-06-11 00:00:00,2021-06-17 00:00:00,47.8,341A899060707220100042
MI/M4O-36FN8-Q,2023-09-20 00:00:00,2019-09-25 00:00:00,47.83,3418501480597160150015
MI/MI2-36Q4DN1,2024-09-25 00:00:00,2020-09-30 00:00:00,47.83,3417740801493260100010
MHG55HWN1RB6,2017-04-07 00:00:00,2015-04-09 00:00:00,47.9,D202296210214C11160002
MI/M3OE-27HFN1-Q,2019-03-31 00:00:00,2017-11-30 00:00:00,47.910000000000004,240453741047A070160006
MD/MTI55HWFNXQRDA,2023-06-30 00:00:00,2019-07-02 00:00:00,47.93,3407725330393300160016
MI/HB-A100/CGN8-B,2025-02-17 00:00:00,2021-02-19 00:00:00,47.93,341B368571208260100016
MD/MOB3112HFN1QRD0GW,2019-03-31 00:00:00,2017-03-31 00:00:00,47.96,2401774990665160130032
MI/MCA3-18HRFN1-QD0,2019-03-31 00:00:00,2017-03-31 00:00:00,47.96,2411797620366160160044
MI/MCA3U12HRFN1QD0,2019-03-31 00:00:00,2017-03-31 00:00:00,47.96,2411657880165080160108
MD/MOEA55HFN8RRDA,2023-05-31 00:00:00,2019-05-31 00:00:00,48,3407725330493300150055
MI/MB-12N8D6-I,2024-02-29 00:00:00,2020-02-29 00:00:00,48,341956045029C240840019
MSZ-GC25VA,2017-05-29 00:00:00,2013-05-29 00:00:00,48,L20E80HS2000563T
G-LSE374FS,2017-10-02 00:00:00,2015-09-30 00:00:00,48.16,HF1506056950
MSR23U18HRDN1Q8,2019-03-31 00:00:00,2015-03-24 00:00:00,48.23,D202179890314228120105
MD/MSAEBU12HRFN1QRD0,2019-04-30 00:00:00,2017-04-25 00:00:00,48.3,2401713990365170120299
M/MDV-V105W/DN1,2025-03-07 00:00:00,2021-02-23 00:00:00,48.39,34VA863900307220100016
M/MSABBU-12HRDN1-QC8,2019-03-31 00:00:00,2015-03-19 00:00:00,48.39,D212322500315117120072
MI/MA-24N8D0-O,2023-06-30 00:00:00,2019-06-18 00:00:00,48.39,3417734301693260870051
MI/MHA-V12W/D2RN8-B,2025-03-10 00:00:00,2021-02-26 00:00:00,48.39,341B88673040B110100004
MS12F818HRFN1C8OU,2019-03-31 00:00:00,2015-03-19 00:00:00,48.39,D202263690514909150055
M/MDV-V160W/DN1(B),2025-07-29 00:00:00,2021-07-16 00:00:00,48.42,34VC326590112180100002
MDV450(16)W/DRN1(D),2019-03-31 00:00:00,2017-03-24 00:00:00,48.42,C702590900516B01400017
MI/AHUKZ-02D,2025-04-03 00:00:00,2023-03-28 00:00:00,48.42,341H31190012C010100015
MI/MA-12NXD0-XI,2025-05-28 00:00:00,2021-05-14 00:00:00,48.46,341C491150311220820182
MI/MCD-42FNXD0,2025-06-03 00:00:00,2021-05-19 00:00:00,48.49,341B79654040A220160015
MI/MA-12NXD0-XI,2025-05-30 00:00:00,2021-05-14 00:00:00,48.52,341C491150311220820182
MD/MI-28G/DHN1-M,2023-06-30 00:00:00,2019-06-13 00:00:00,48.55,C705902341718602400011
MI/M4O-36FN8-Q,2025-04-07 00:00:00,2023-03-30 00:00:00,48.56,540H571700531040150016
MI/MOU-24FN8-QD0,2025-04-18 00:00:00,2021-03-30 00:00:00,48.62,341A996901007170120031
M/MSABBU-12HRDN1-QC8,2019-06-30 00:00:00,2015-06-10 00:00:00,48.65,D212322500315117120063
MI/MA-12NXD0-XI,2025-07-18 00:00:00,2021-06-28 00:00:00,48.65,341C612660314080810243
MD/MOU36HDN1R,2015-11-25 00:00:00,2013-11-14 00:00:00,48.68,D202103300713719160005
PUHZ-RP60VHA,2014-09-22 00:00:00,2012-09-11 00:00:00,48.68,L7H1K04S14U06485
MD/MOX13312HFN8QRD0,2025-07-30 00:00:00,2021-07-07 00:00:00,48.75,340C448130311150810102
T-T2000W.NT,2017-03-06 00:00:00,2015-02-23 00:00:00,48.76,145511003
M/MOF2-24HFN1-QD0,2017-10-30 00:00:00,2016-06-22 00:00:00,48.78,D212322230815117150005
MI/MB-09N8D6-I,2023-10-31 00:00:00,2019-10-07 00:00:00,48.78,3418094300196290810103
MI/AG-12NXD1-I,2025-07-02 00:00:00,2021-06-07 00:00:00,48.82,341C447840911300170181
PCA-RP125HAQ,2017-03-30 00:00:00,2013-03-05 00:00:00,48.82,L7G4F03S29A01031
MSZ-HJ35VA,2017-07-27 00:00:00,2013-06-28 00:00:00,48.95,L20E30WS3023770T
MI/X2-09N8D6-OH,2023-06-30 00:00:00,2022-06-22 00:00:00,49,341F380150123180830048
MI/MI2-28Q4DN1,2025-08-13 00:00:00,2021-07-13 00:00:00,49.01,C703152112117219400002
MI/MI2-36Q4DN1,2025-08-13 00:00:00,2021-07-13 00:00:00,49.01,C703719000317517400008
MI/MUE-36HRFN1-QRD0,2019-07-31 00:00:00,2015-06-30 00:00:00,49.01,D212322300315119160001
MI/MV-450WD2RN1T_D,2023-04-30 00:00:00,2019-03-29 00:00:00,49.05,341690205088B220100002
MS12F812HRDN1C8,2019-03-31 00:00:00,2015-02-27 00:00:00,49.05,D202212880214504120389
MD/MOBA3009HFN1QRD0,2017-06-05 00:00:00,2016-05-27 00:00:00,49.16,2401302930263190820450
MI/M2OD-18HFN8-Q,2024-03-28 00:00:00,2020-02-21 00:00:00,49.18,3418650970298190150046
MI/MA-24NXD0-I,2023-09-29 00:00:00,2019-08-23 00:00:00,49.21,3418162660596100860009
MD/MOU60HDN1R,2017-03-14 00:00:00,2013-02-04 00:00:00,49.24,D201462410212615160030
MI/MCA3U12HRFN1QD0,2019-03-31 00:00:00,2017-11-16 00:00:00,49.29,2411238620163230160012
MI/M2OF-18HFN1-Q,2019-03-31 00:00:00,2017-11-15 00:00:00,49.38,2413244920173140160001
MI/MOBA02-09HFN1-Q_H,2023-06-05 00:00:00,2019-04-23 00:00:00,49.41,2413476050276140130094
MI/MA-12N8D0-O,2023-07-31 00:00:00,2019-06-17 00:00:00,49.44,3417631890293220830072
LGH-25RVX,2017-05-08 00:00:00,2015-04-14 00:00:00,49.6,5466221501010P
MI/MA-18NXD0-I,2024-09-02 00:00:00,2020-07-15 00:00:00,49.61,341A425520504280810084
PUHZ-ZRP140YKA,2017-11-16 00:00:00,2013-09-27 00:00:00,49.64,L77JP02S35U02553
M/MSABBU-12HRDN1-QC8,2019-07-31 00:00:00,2015-06-10 00:00:00,49.67,D212322500315117120068
MI/MTI-24HWFNX-GA,2024-11-21 00:00:00,2022-10-27 00:00:00,49.68,340D961460717240160016
MI/MTI-36FNXD0,2023-08-31 00:00:00,2021-08-05 00:00:00,49.68,340A996450407090160003
MI/MV6-670WV2GN1-E,2025-08-08 00:00:00,2021-06-17 00:00:00,49.7,3417936021295080100001
MI/MTI-55HWFNX-GA,2024-09-04 00:00:00,2022-08-09 00:00:00,49.74,341E84856021B190160011
MUE36HRFN1QRC8A,2019-07-31 00:00:00,2015-06-08 00:00:00,49.74,D202250480114730160027
MI/HBT-A100/240CDS9B,2025-07-02 00:00:00,2023-06-05 00:00:00,49.8,341H584120232090300026
MI/MTIU-12FNXD0,2024-07-16 00:00:00,2020-05-22 00:00:00,49.8,341954814089C180160003
MDVV160WDN1,2023-06-12 00:00:00,2021-05-14 00:00:00,49.86,34V891441059A100100001
MI/AHUKZ-03DM,2025-04-03 00:00:00,2023-03-06 00:00:00,49.86,341H31200022C040100034
MD/MOB0218HFN8QRD0,2024-07-30 00:00:00,2020-06-03 00:00:00,49.87,3409660470603220120021
MI/MA-12NXD0-I,2023-06-12 00:00:00,2019-04-16 00:00:00,49.87,3417439730392230830013
MI/MI2-28Q4DN1,2025-08-13 00:00:00,2021-06-17 00:00:00,49.87,C702662711116C01400006
MI/MI2-28Q4DN1,2025-08-13 00:00:00,2021-06-17 00:00:00,49.87,C702662711116C01400020
MI/MI2-28Q4DN1,2025-08-13 00:00:00,2021-06-17 00:00:00,49.87,C703247680915A08400002
MI/MI2-28Q4DN1,2025-08-13 00:00:00,2021-06-17 00:00:00,49.87,C703247680915A08400003
MI/MI2-28Q4DN1,2025-08-13 00:00:00,2021-06-17 00:00:00,49.87,C703247680915A08400005
MI/MI2-28Q4DN1,2025-08-13 00:00:00,2021-06-17 00:00:00,49.87,C703247680915A08400009
MI/MI2-28Q4DN1,2025-08-13 00:00:00,2021-06-17 00:00:00,49.87,C703247680915A08400014
MI/MI2-28Q4DN1,2025-08-13 00:00:00,2021-06-17 00:00:00,49.87,C703247680915A08400021
MI/MI2-28Q4DN1,2025-08-13 00:00:00,2021-06-17 00:00:00,49.87,C703247680915A08400022
MI/MI2-28Q4DN1,2025-08-13 00:00:00,2021-06-17 00:00:00,49.87,C703247680915A08400024
MI/MI2-28Q4DN1,2025-08-13 00:00:00,2021-06-17 00:00:00,49.87,C703645961217510400019
MI/MI2-45Q4DN1,2025-08-13 00:00:00,2021-06-17 00:00:00,49.87,341A899060707220100042
PUHY-HP250YHM-A,2017-11-28 00:00:00,2013-10-02 00:00:00,49.87,7GFYB522W01562
MX/NXKA-V850R,2023-10-30 00:00:00,2021-09-30 00:00:00,49.94,C701902700116622400001
MI/MBT-12N8D6-OH,2023-12-27 00:00:00,2019-10-28 00:00:00,49.97,3418645310398090860066
M/MOD30U-30HFN1-QRD0,2019-07-31 00:00:00,2017-06-30 00:00:00,50,2413140540672200160008
MD/MTI36HWFNXQRDA,2024-11-29 00:00:00,2020-09-28 00:00:00,50.03,340A996450407090160009
MUZ-HJ35VA,2017-08-29 00:00:00,2013-06-28 00:00:00,50.03,L20E3C8S3028854T
M/MV5-X615W/V2GN1,2023-05-31 00:00:00,2019-03-29 00:00:00,50.07,341716028028C140100016
MD/MDV-022G/DN1,2024-04-16 00:00:00,2020-02-11 00:00:00,50.13,34V905205039B220100018
MI/MOU-55FN8-RD0,2023-06-30 00:00:00,2019-04-26 00:00:00,50.13,341692901108B130160044
PUHZ-P250YHA,2017-05-09 00:00:00,2013-03-05 00:00:00,50.13,L7H1S35S29U00579
MI/MI2-56T2DN1,2025-05-22 00:00:00,2021-03-16 00:00:00,50.2,3417606360693120100004
MD/MOBA0312HFN8QRD0,2023-12-31 00:00:00,2019-10-24 00:00:00,50.23,3408650900498040830119
MI/HB-A100/CGN8-B,2023-12-27 00:00:00,2021-11-22 00:00:00,50.26,341D367920516200100018
M/MDV-V140W/DRN1,2019-03-31 00:00:00,2017-02-22 00:00:00,50.4,C703209721415104400002
MSR2409HRDN1A,2019-03-31 00:00:00,2017-02-22 00:00:00,50.4,2401436150164140830022
M/MV5-X450W/V2GN1,2024-08-01 00:00:00,2020-05-18 00:00:00,50.46,C705243271018206400015
M4OA36HFN1Q,2017-08-09 00:00:00,2015-07-03 00:00:00,50.46,D202294800414C04160046
MD/MSAFBU09HRDN8-W,2024-08-21 00:00:00,2020-06-04 00:00:00,50.56,3409660580103200130011
MI/MB-09N8D6-I,2023-12-27 00:00:00,2019-10-08 00:00:00,50.62,3418645310498210810475
MD/MV5-E252W/V2GN1,2025-04-23 00:00:00,2021-01-27 00:00:00,50.82,34V905205109B090100002
MD/MTI55HWFNXQRDA,2023-04-30 00:00:00,2019-02-01 00:00:00,50.89,340692944108B120160030
MI/MB-18N8D0-O,2023-09-29 00:00:00,2019-07-03 00:00:00,50.89,3417931600694190870007
MI/AG-18NXD0-I,2025-07-15 00:00:00,2023-05-31 00:00:00,50.98,541H08716062A270130002
M/MV5-X500W/V2GN1,2023-06-30 00:00:00,2019-03-29 00:00:00,51.05,C702759731117104400008
PUHY-HP250YHM-A,2018-01-03 00:00:00,2013-10-02 00:00:00,51.05,7GFYB522W01562
PUHZ-ZRP140YKA,2017-12-29 00:00:00,2013-09-27 00:00:00,51.05,L77JP02S35U02553
MCA2I09HRFN1QRC8,2017-07-05 00:00:00,2015-05-19 00:00:00,51.12,D202294800214C02160039
M/MDV-V224W/DRN1,2023-07-31 00:00:00,2021-06-11 00:00:00,51.24,341B77047010B100100003
MI/MB-12N8D6-I,2024-12-17 00:00:00,2020-09-09 00:00:00,51.25,341A515760305160820316
MUZ-GC25VA,2017-07-17 00:00:00,2013-04-09 00:00:00,51.25,L20E7A0S2000335T
MI/AG-12NXD1-IH,2025-04-17 00:00:00,2021-01-07 00:00:00,51.28,341B040130307290130110
MI/X2-12N8D1-OH,2025-04-17 00:00:00,2021-01-07 00:00:00,51.28,341B040130407270120042
MD/MOB3112HFN1QRD0GW,2019-03-31 00:00:00,2017-02-08 00:00:00,51.32,2401791190665160150045
MD/MSAEBU12HRFN1QRD0,2019-03-31 00:00:00,2017-02-08 00:00:00,51.32,2401713990365170120322
MI/MA-12N8D0-O,2023-08-31 00:00:00,2019-05-21 00:00:00,51.35,3417734301293220830149
MD/MCA3U18HRFNXQRDA,2025-05-13 00:00:00,2021-01-29 00:00:00,51.41,340B215270208210160020
MI/MA-12NXD0-I,2023-07-31 00:00:00,2019-04-17 00:00:00,51.45,3417439730392230830006
MI/MV6-I500WV2GN1-E,2024-06-30 00:00:00,2020-03-17 00:00:00,51.45,3418513910398210100002
M/AHUKZ-02A,2019-07-31 00:00:00,2015-04-14 00:00:00,51.54,C703194833214730400015
MHG60HWFN1Q,2017-04-06 00:00:00,2015-02-11 00:00:00,51.58,D202212890114504160002
MI/HB-A100/CGN8-B,2025-02-17 00:00:00,2020-10-30 00:00:00,51.61,341B368571208260100016
T/AWA-P-T2470ZCLNM1,2017-10-05 00:00:00,2016-04-29 00:00:00,51.63,GE-2160-GO
M/MOC1-12HFN1-QD0,2018-06-06 00:00:00,2016-04-11 00:00:00,51.64,D212309820415103150027
MHD48HRDN1Q,2016-08-26 00:00:00,2014-07-02 00:00:00,51.64,D202041030313311160037
MI/MA-24N8D0-O,2023-09-29 00:00:00,2019-06-10 00:00:00,51.64,3417734301693260870005
M/MI-100Q4/DHN1-D,2024-10-07 00:00:00,2020-06-15 00:00:00,51.74,341670781118A130100005
MI/MB-09N8D6-I,2024-01-31 00:00:00,2019-10-09 00:00:00,51.74,3418645310498210810155
MI/MHC-V8W/D2N8-B2,2025-05-08 00:00:00,2023-11-30 00:00:00,51.75,341H11304022C020100056
T/AWA-P-T2470ZCLNM1,2017-10-05 00:00:00,2016-04-28 00:00:00,51.75,GE-2160-GO
MI/MHC-V6W/D2N8-B,2024-10-08 00:00:00,2022-08-12 00:00:00,51.78,341F749480124030100003
MD/MSAFBU09HRDN8QRD0,2023-07-31 00:00:00,2019-04-03 00:00:00,51.91,3407443300192150820156
MD/MOB0218HFN8QRD0,2024-07-11 00:00:00,2020-03-12 00:00:00,51.97,340931673069B120120003
MSR2324HRDN1Q8,2017-03-13 00:00:00,2015-01-12 00:00:00,51.98,D202179890114301120150
MI/MI2-56Q4DN1,2025-06-17 00:00:00,2021-02-15 00:00:00,52,341A563921106170100063
M/MDV-V180W/DRN1,2023-07-31 00:00:00,2019-03-29 00:00:00,52.07,341690253068C040100002
MDV400(14WD1RN1C,2019-06-30 00:00:00,2015-02-26 00:00:00,52.07,C703167452013B27400002
MI/MI2-36Q4CDN1,2023-07-31 00:00:00,2019-03-29 00:00:00,52.07,34V693226078C040100019
MHD60HRDN1R,2019-03-31 00:00:00,2014-11-25 00:00:00,52.14,D202130410113A24160010
MD/MSAEAU09HRFNXQRD0,2024-08-08 00:00:00,2020-03-31 00:00:00,52.27,340931652019B170130012
MI/MI2-22Q4CDN1,2025-01-17 00:00:00,2020-09-09 00:00:00,52.27,341A290480905110100018
MI/MOU-48FN8-RD0,2023-12-29 00:00:00,2019-08-19 00:00:00,52.33,341692901078B140160040
M/MSABEU-24HRDN1-QC8,2017-10-24 00:00:00,2015-08-19 00:00:00,52.36,D212322480215119120041
MI/MI2-36Q4CDN1,2025-07-14 00:00:00,2021-03-02 00:00:00,52.4,341920934069B110100016
MI/MOU-36FN8-RD0,2025-08-11 00:00:00,2021-03-30 00:00:00,52.4,341B99000080B210150032
MS12F818HRFN1C8OU,2019-07-31 00:00:00,2015-03-19 00:00:00,52.4,D202263690514909150004
MS12F818HRFN1C8OU,2019-07-31 00:00:00,2015-03-19 00:00:00,52.4,D202263690514909150036
MI/MOB01-12HFN8,2024-07-04 00:00:00,2020-02-20 00:00:00,52.43,341954790019C210120018
MD/MSAEAU09HRFNXQRD0,2024-08-14 00:00:00,2020-03-31 00:00:00,52.46,340931652019B170130012
MI/MA-12NXD0-I,2023-04-30 00:00:00,2018-12-13 00:00:00,52.53,3416412520188220820234
MI/MI2-36Q4CDN1,2025-07-18 00:00:00,2021-03-02 00:00:00,52.53,341920934069B110100016
M/MS11PU-09HRFN1-QD0,2019-07-31 00:00:00,2017-05-22 00:00:00,52.56,D212322260215117120116
MI/MUE-24FNXD0,2025-02-11 00:00:00,2020-09-25 00:00:00,52.56,341664064028A040160020
M/MDV-V200W/DRN1,2024-12-16 00:00:00,2020-07-28 00:00:00,52.63,341A290480105040100011
MD/MOB0218HFN8QRD0,2023-08-31 00:00:00,2019-04-12 00:00:00,52.63,3407442990692170840035
MI/MB-09N8D6-I,2023-07-31 00:00:00,2019-03-12 00:00:00,52.63,3416345230187280820295
PUHZ-ZRP140YKA,2018-02-15 00:00:00,2013-09-27 00:00:00,52.63,L77JP02S35U02553
M/MI-22G/DHN1-M,2023-10-20 00:00:00,2019-05-31 00:00:00,52.66,341669922138A140100073
MD/MDV-056Q4/DN1,2025-07-08 00:00:00,2023-04-28 00:00:00,52.7,34VF90042042B040100073
M/M2OE-16HFN1-Q,2019-03-31 00:00:00,2017-01-17 00:00:00,52.76,2401170760963230160012
MI/MB-12N8D6-I,2023-04-30 00:00:00,2018-12-06 00:00:00,52.76,3416655800789280810070
MI/MSMAAU09HRDN1QD0,2019-03-31 00:00:00,2017-01-17 00:00:00,52.76,2412228000168230120027
MI/MOX430U-24HFN8QGA,2025-01-08 00:00:00,2022-10-27 00:00:00,52.82,341D951761019060120025
M/MI-36G/DHN1-M,2024-08-08 00:00:00,2020-03-12 00:00:00,52.89,341920935109B170100082
MI/MTIU-12FNXD0,2024-07-16 00:00:00,2020-02-14 00:00:00,53.02,341954814089C180160003
MI/MUE-24HRFN1-QRD0,2023-10-31 00:00:00,2019-05-31 00:00:00,53.02,2410884740761240160013
MD/MOU60HDN1R,2017-06-05 00:00:00,2012-12-31 00:00:00,53.12,D201462410212615160052
MI/MSFAAU-09HRFN8-I,2024-11-26 00:00:00,2022-09-07 00:00:00,53.28,341F374840523150260068
MI/MSFAAU-09HRFN8-I,2024-11-26 00:00:00,2022-09-07 00:00:00,53.28,341F374840523150260110
MI/MSFAAU-09HRFN8-I,2024-11-26 00:00:00,2022-09-07 00:00:00,53.28,341F374840523150260111
MI/MSFAAU-09HRFN8-I,2024-11-26 00:00:00,2022-09-07 00:00:00,53.28,341F374840523150260114
MI/MB-09N8D6-I,2024-07-31 00:00:00,2020-02-20 00:00:00,53.32,341956045019C240840267
MI/MA-24NXD0-I,2023-09-29 00:00:00,2019-04-19 00:00:00,53.35,3417439730792240860072
MI/MHC-V8W/D2N8-B,2024-11-21 00:00:00,2022-09-01 00:00:00,53.36,341G287960126150100075
MI/MI2-22Q4CDN1,2025-02-20 00:00:00,2020-09-09 00:00:00,53.38,341A290480905110100018
MSZ-GE71VA,2017-07-27 00:00:00,2013-02-12 00:00:00,53.42,L20E00AS2003850T
PAC-IF051B-E,2017-01-04 00:00:00,2014-10-14 00:00:00,53.42,7H1FTC4G 4A00043
MI/MCD-48FNXD0,2025-07-31 00:00:00,2021-02-15 00:00:00,53.45,341C15444080B240160021
MI/MB-09N8D6-I,2024-02-12 00:00:00,2019-08-28 00:00:00,53.52,3418094300196290810153
MI/MB-09N8D6-I,2025-03-17 00:00:00,2020-09-30 00:00:00,53.52,341A967600107130810040
PLFY-P40VCM-E,2017-10-30 00:00:00,2013-05-14 00:00:00,53.55,L65TDB4S31M00251
MD/MOBA0312HFN8QRD0,2023-06-30 00:00:00,2019-01-09 00:00:00,53.65,3405532540485060830124
M/MI-22G/DHN1-M,2023-10-20 00:00:00,2019-04-30 00:00:00,53.68,341670787028A140100043
M/MI-22G/DHN1-M,2023-10-20 00:00:00,2019-04-30 00:00:00,53.68,341670787028A140100044
M/MI-22G/DHN1-M,2023-10-20 00:00:00,2019-04-30 00:00:00,53.68,341670787028A140100047
MI/MI2-90Q4DN1,2024-08-27 00:00:00,2020-03-06 00:00:00,53.71,341920934119B140100010
MD/MOBA3012HFN8QRD0,2024-08-19 00:00:00,2020-02-26 00:00:00,53.75,3408596810398220120127
MD/MSAEBU12HRFNXQRD0,2024-08-19 00:00:00,2020-02-26 00:00:00,53.75,3408650540198050130041
MCC48HRDN1,2017-07-24 00:00:00,2013-01-29 00:00:00,53.78,C101372840311801130006
MONO,2015-06-25 00:00:00,2013-03-28 00:00:00,53.82,917HF121122012
MI/MOU-24FN8-QD0,2024-10-29 00:00:00,2020-05-04 00:00:00,53.84,341898664139A080120004
MI/MI2-36GDN1,2025-06-04 00:00:00,2020-12-07 00:00:00,53.88,341B368560308270100011
MI/MSMABU12HRDN1QD0,2019-05-31 00:00:00,2017-03-02 00:00:00,53.88,2411792200365300120274
MI/HB-A100/CDS90GN8B,2024-11-14 00:00:00,2022-08-16 00:00:00,53.94,341F745640625230100066
MI/MCD-48HRFN1-QD0,2019-03-31 00:00:00,2017-09-29 00:00:00,54,D210058970915323160041
MI/X1BP-09N8D0-O,2025-08-08 00:00:00,2023-05-09 00:00:00,54,541F677890225090810110
PUHZ-SHW80VHA,2017-03-06 00:00:00,2014-12-05 00:00:00,54,7H1SH07G 4E00515
PKA-RP35HAL,2019-06-30 00:00:00,2014-12-29 00:00:00,54.01,L7G6A02S34A12701
MI/MI2-36Q4DN1,2023-09-29 00:00:00,2019-03-29 00:00:00,54.04,C701747951716512400017
MI/MA-12N8D0-O,2023-06-30 00:00:00,2018-12-27 00:00:00,54.07,3416412520288280830328
MD/MOB3018HFN1QRD0GW,2019-03-31 00:00:00,2016-12-28 00:00:00,54.08,2401713990665170130047
MD/MCD36HRFNXQRDA,2024-09-24 00:00:00,2020-03-18 00:00:00,54.24,340931653059B180160014
MI/MA-12N8D0-O,2023-08-31 00:00:00,2019-02-21 00:00:00,54.27,3416412520288280830227
MI/MA-09N8D0-O,2025-05-13 00:00:00,2020-11-02 00:00:00,54.3,341A000480204190860147
MI/MI2-140Q4DN1,2025-07-11 00:00:00,2020-12-31 00:00:00,54.3,3419911231503110100018
M/MDV-V400W/DRN1,2023-12-27 00:00:00,2021-09-21 00:00:00,54.34,341B77042020C020100006
MD/MSAEAU09HRFNXQRD0,2024-08-08 00:00:00,2020-01-28 00:00:00,54.34,340931652019B170130012
MI/HB-A100/CDS90GN8B,2024-11-22 00:00:00,2022-08-18 00:00:00,54.34,341G198520225180100062
MI/MCD-18FNXD0,2023-08-31 00:00:00,2019-02-19 00:00:00,54.34,3415687220185240160007
MI/MHC-V10W/D2N8-B2,2025-06-03 00:00:00,2023-02-27 00:00:00,54.34,341G84745012B050100060
MI/MI2-22GDN1,2025-06-23 00:00:00,2020-12-11 00:00:00,54.37,341A563921606170100158
M/MDV-V400W/DRN1,2025-07-08 00:00:00,2020-12-22 00:00:00,54.5,C706154000787114000009
MD/MCA3U12HRFNXQRDAW,2024-01-31 00:00:00,2019-07-17 00:00:00,54.5,3407931860995040160038
PUHZ-P125YHA,2017-12-29 00:00:00,2013-06-14 00:00:00,54.5,7H1S305G 2K01701
MD/MSAEAU09HRFNXQRD0,2024-08-14 00:00:00,2020-01-28 00:00:00,54.53,340931652019B170130012
HX/NXERV-800V1_ST2,2024-10-22 00:00:00,2022-07-14 00:00:00,54.6,F221060116
MI/MB-12N8D6-I,2025-05-30 00:00:00,2020-11-06 00:00:00,54.73,341A515760305160820373
MI/MI2-36GDN1,2025-06-30 00:00:00,2020-12-07 00:00:00,54.73,341B368560308270100011
MI/MA-18NXD0-I,2023-12-27 00:00:00,2019-06-04 00:00:00,54.76,3417734301393240810022
MI/MBT-12N8D6-OH,2023-07-12 00:00:00,2018-12-18 00:00:00,54.76,3416655800889210830164
MI/HB-A100/CDS90GN8B,2025-06-11 00:00:00,2023-02-28 00:00:00,54.8,341H10751062B250100018
MI/MCD-55FNXD0,2024-11-15 00:00:00,2020-04-22 00:00:00,54.8,341898664069A110160020
MI/MI2-36GDN1,2025-07-02 00:00:00,2020-12-07 00:00:00,54.8,341B368560308270100011
H/JAUR0130_03,2024-10-21 00:00:00,2020-03-27 00:00:00,54.83,HF2001091341
MD/MOU60HDN1R,2017-07-07 00:00:00,2012-12-11 00:00:00,54.83,D201473381012727160006
MI/MA-12NXD0-I,2024-12-19 00:00:00,2020-05-25 00:00:00,54.83,3419999860303270840124
MI/HB-A100/CDS90GN8B,2025-06-12 00:00:00,2023-02-28 00:00:00,54.86,341H10751062B250100018
M/MI-36G/DHN1-M,2024-09-10 00:00:00,2020-02-10 00:00:00,54.99,341920935109B170100056
MHD48HRDN1Q,2017-07-20 00:00:00,2012-12-18 00:00:00,55.03,D201477560112823160006
MI/MCD-55FNXD0,2024-11-22 00:00:00,2020-04-22 00:00:00,55.03,341898664069A110160020
MI/MB-12N8D6-I,2024-08-13 00:00:00,2020-01-10 00:00:00,55.09,3418970640299280830050
MI/HB-A100/CDS90GN8B,2024-11-14 00:00:00,2022-07-29 00:00:00,55.12,341F745640625230100066
MI/MI2-28Q4DN1,2025-07-17 00:00:00,2023-03-31 00:00:00,55.12,341E237030119150100432
MI/MI2-22GDN1,2024-10-08 00:00:00,2020-03-03 00:00:00,55.19,341920935089B180100130
MI/MA-18NXD0-I,2023-12-31 00:00:00,2019-05-24 00:00:00,55.26,3417632100393080810075
MI/MSMAAU09HRDN1QD0,2023-04-30 00:00:00,2018-09-20 00:00:00,55.29,2413811570176130810080
PUHZ-P140YHA,2017-05-15 00:00:00,2012-10-04 00:00:00,55.32,7H1S306G 2E00611
PAC-IF051B-E,2017-02-03 00:00:00,2014-10-14 00:00:00,55.38,7H1FTC4G 4A00043
MD/MDV-022G/DN1,2025-06-20 00:00:00,2020-11-06 00:00:00,55.42,34VA287190205120100032
MI/MB-18N8D0-O,2024-10-03 00:00:00,2020-02-20 00:00:00,55.42,3418892820499210860098
MI/MB-09N8D6-I,2023-06-30 00:00:00,2021-03-08 00:00:00,55.46,341B522050509120130076
MI/MB-24N8D0-I,2024-02-29 00:00:00,2019-07-15 00:00:00,55.52,3417931600994240860038
MD/MSAFBU12HRDN8QRD0,2024-03-28 00:00:00,2019-08-09 00:00:00,55.62,3408125020496140830157
MI/HB-A100/CDS90GN8B,2024-11-22 00:00:00,2022-07-29 00:00:00,55.66,341G198520225180100062
MD/MSAEBU12HRFNXQRD0,2024-02-29 00:00:00,2019-07-10 00:00:00,55.68,3407931860395040120182
PUHZ-P140YHA,2017-07-05 00:00:00,2012-11-13 00:00:00,55.68,7H1S306G 2K01417
MI/MCD-55FNXD0,2025-07-15 00:00:00,2020-11-18 00:00:00,55.85,3415890690286210160002
PUHZ-P140YHA,2017-05-31 00:00:00,2012-10-04 00:00:00,55.85,7H1S306G 2E00611
MI/MB-12N8D6-I,2024-04-19 00:00:00,2019-08-21 00:00:00,55.95,3417734300393240840507
MI/MA-09N8D0-O,2024-09-16 00:00:00,2020-01-16 00:00:00,56.01,3418645311198210830129
MI/MHC-V10W/D2N8-B,2025-02-06 00:00:00,2022-10-07 00:00:00,56.04,341G288000127260100030
MI/MI2-22GDN1,2024-10-08 00:00:00,2020-02-06 00:00:00,56.04,341897641049A090100122
MI/MI2-22GDN1,2024-10-08 00:00:00,2020-02-06 00:00:00,56.04,341897641049A090100135
MI/MI2-22GDN1,2024-10-08 00:00:00,2020-02-06 00:00:00,56.04,341920935089B180100253
MI/MI2-22GDN1,2024-10-08 00:00:00,2020-02-06 00:00:00,56.04,341920935089B180100262
MI/MI2-22GDN1,2024-10-08 00:00:00,2020-02-06 00:00:00,56.04,341920935089B180100269
MI/MI2-22GDN1,2024-10-08 00:00:00,2020-02-06 00:00:00,56.04,341920935089B180100388
MI/MI2-36GDN1,2025-06-02 00:00:00,2020-09-30 00:00:00,56.04,341A290570505140100051
PUHZ-P140YHA,2017-07-18 00:00:00,2012-11-13 00:00:00,56.11,7H1S306G 2K01417
MI/MCA3U-18FNXD0,2025-06-03 00:00:00,2020-09-28 00:00:00,56.14,341A967710207060160029
PLFY-P32VCM-E,2018-02-14 00:00:00,2013-06-11 00:00:00,56.14,L65TDB3S34M01839
MI/MB-12N8D6-I,2024-10-29 00:00:00,2020-02-21 00:00:00,56.24,3418645310898210810048
MI/MCA3U-18FNXD0,2025-06-06 00:00:00,2020-09-28 00:00:00,56.24,341A967710207060160029
MI/MB-12N8D6-I,2023-06-30 00:00:00,2018-10-19 00:00:00,56.34,3415891820285200820099
M/MI-36G/DHN1-M,2024-09-24 00:00:00,2020-01-13 00:00:00,56.37,341891435029A090100033
MI/MA-24N8D0-O,2023-08-31 00:00:00,2018-12-19 00:00:00,56.37,3416412520688220870060
MI/MOB02-18HFN1-QD0W,2023-06-30 00:00:00,2018-10-17 00:00:00,56.41,3415242890382040860022
MI/MTI-55FNXD0,2023-06-30 00:00:00,2018-10-17 00:00:00,56.41,3415890690686190160003
M/MI-36G/DHN1-M,2024-09-26 00:00:00,2020-01-13 00:00:00,56.44,341891435029A090100017
M/MI-36G/DHN1-M,2024-09-26 00:00:00,2020-01-13 00:00:00,56.44,341891435029A090100019
M/MI-22G/DHN1-M,2023-10-20 00:00:00,2019-02-01 00:00:00,56.57,341670787028A140100119
M/MI-22G/DHN1-M,2023-10-20 00:00:00,2019-02-01 00:00:00,56.57,341670787028A140100129
M/MI-22G/DHN1-M,2023-10-20 00:00:00,2019-02-01 00:00:00,56.57,341670787028A140100130
MI/MCD1-55HRFNX-GA,2024-12-04 00:00:00,2022-07-27 00:00:00,56.58,341F559330423300160030
MD/MOU60HDN1R,2017-08-31 00:00:00,2012-12-11 00:00:00,56.64,D201462410212615160021
MI/MHC-V6W/D2N8-B,2024-11-21 00:00:00,2022-07-12 00:00:00,56.7,341F749480124030100029
MI/MHC-V22W/D2RN8,2024-09-06 00:00:00,2022-04-26 00:00:00,56.76,341F212920922130100001
MD/MOCA3024HFN8QRD0,2024-08-14 00:00:00,2019-11-19 00:00:00,56.83,3407931860895070120047
MD/MOU60HDN1R,2019-03-31 00:00:00,2014-07-02 00:00:00,56.93,D202130410813A24160007
M/MI-22G/DHN1-S,2023-07-31 00:00:00,2018-10-31 00:00:00,56.96,C703260440416124400171
MI/MA-12N8D0-O,2024-01-16 00:00:00,2019-04-16 00:00:00,57.03,3417439730492270830144
MI/MI2-22T2DN1,2025-07-02 00:00:00,2020-09-30 00:00:00,57.03,341A563921406160100002
MI/MV-400WD2RN1T_D,2023-08-31 00:00:00,2018-11-29 00:00:00,57.03,C705243271418210400002
MI/HB-A100/CDS90GN8B,2025-01-02 00:00:00,2022-08-18 00:00:00,57.04,341G198520225180100077
MI/HB-A100/CDS90GN8B,2025-03-17 00:00:00,2022-10-31 00:00:00,57.04,341G280210329040100019
MI/MHC-V22W/D2RN8,2024-09-06 00:00:00,2022-04-22 00:00:00,57.04,341F212920922130100001
MSR2324HRDN1QR,2016-02-29 00:00:00,2013-10-14 00:00:00,57.04,D202103290113712120061
MI/MB-18N8D0-I,2024-05-28 00:00:00,2019-08-26 00:00:00,57.06,3418094300296290810004
MI/MA-18NXD0-I,2024-03-28 00:00:00,2019-06-25 00:00:00,57.1,3417734301393240810154
MI/MB-09N8D6-I,2025-01-22 00:00:00,2020-04-20 00:00:00,57.1,3419771620102240840031
MI/MB-09N8D6-I,2025-01-22 00:00:00,2020-04-20 00:00:00,57.1,3419771620102240840060
MD/MSAEAU09HRFNXQRD0,2019-03-31 00:00:00,2018-04-17 00:00:00,57.15,3405102330182060120120
MXZ-6C120VA,2017-06-27 00:00:00,2012-09-21 00:00:00,57.16,L5F4G85S202669
MI/MCA3U-12FNXD0,2024-07-23 00:00:00,2019-10-17 00:00:00,57.19,3418650970598060160054
MI/MHA-V10W/D2N8-B,2025-01-09 00:00:00,2022-08-22 00:00:00,57.22,341F745640225170100084
MI/MHA-V6W/D2N8-B,2024-11-14 00:00:00,2022-06-27 00:00:00,57.22,341E785140321100100003
MI/MB-09N8D6-I,2024-11-05 00:00:00,2020-01-29 00:00:00,57.23,3418970640199280830141
MD/MOBA0312HFN8QRD0,2025-02-28 00:00:00,2020-05-21 00:00:00,57.29,3409661260404050120045
MI/MB-18N8D0-O,2024-06-06 00:00:00,2019-08-26 00:00:00,57.36,3417931600694190870118
MI/MA-12NXD0-I,2023-08-31 00:00:00,2021-04-09 00:00:00,57.42,341A033520304290840045
MI/MSMAAU09HRDN1QD0,2023-06-06 00:00:00,2018-08-22 00:00:00,57.46,2413336890474080820139
M/AHUKZ-03N1,2024-02-29 00:00:00,2019-05-16 00:00:00,57.49,341669932118A080100014
MI/MA-12N8D0-O,2024-01-31 00:00:00,2019-04-16 00:00:00,57.52,3417439730492270830142
MI/MA-12N8D0-O,2023-11-30 00:00:00,2019-02-12 00:00:00,57.56,3416412520288280830122
MI/MA-18N8D0-O,2024-04-11 00:00:00,2019-06-25 00:00:00,57.56,3417734301493220840036
MD/MTI36HWFNXQRDA,2025-07-17 00:00:00,2020-09-28 00:00:00,57.59,340A996450407090160011
MI/MI2-36Q4DN1,2024-01-16 00:00:00,2019-03-29 00:00:00,57.62,C701747951716512400010
MI/MOB02-18HFN1-QD0W,2024-01-16 00:00:00,2019-03-29 00:00:00,57.62,3416060600487090860321
MI/MSMABU12HRDN1QD0,2023-04-30 00:00:00,2018-07-10 00:00:00,57.65,241291495036C140120164
DSW 300+,2017-01-19 00:00:00,2014-08-25 00:00:00,57.68,3140870113222400023
MXZ-6C120VA,2017-07-13 00:00:00,2012-09-21 00:00:00,57.69,L5F4G85S202669
MD/MSAFCU18HRFN8QRD0,2024-03-28 00:00:00,2019-06-05 00:00:00,57.75,3407743090393290810253
MI/MA-18NXD0-I,2024-04-17 00:00:00,2019-06-25 00:00:00,57.75,3417734301393240810154
MI/MA-24NXD0-I,2023-05-31 00:00:00,2018-08-06 00:00:00,57.79,3415868310185210850007
MI/MOU-18FN1-QD0,2023-07-12 00:00:00,2018-09-17 00:00:00,57.79,3415242940583010130039
MI/MV6-785WV2GN1-E,2025-05-09 00:00:00,2020-07-14 00:00:00,57.82,341669932078A120100001
MD/MOB0218HFN8QRD0,2024-09-24 00:00:00,2019-11-29 00:00:00,57.85,3408650900698020860002
MI/MA-12NXD0-I,2024-02-12 00:00:00,2019-04-16 00:00:00,57.92,3417439730392230830012
MI/MOU-55FN8-RD0,2024-02-27 00:00:00,2019-04-29 00:00:00,57.98,341692901108B130160038
MI/MB-09N8D6-I,2023-07-31 00:00:00,2018-09-28 00:00:00,58.05,3416345230187280820134
MI/HBT-A100/240CDS9B,2025-06-11 00:00:00,2023-10-31 00:00:00,58.050000000000004,340G172950228130300012
MD/MSAECU18HRFNXQRD0,2024-05-07 00:00:00,2019-07-01 00:00:00,58.21,3407782950394080120022
MI/MB-24N8D0-I,2025-01-22 00:00:00,2020-03-16 00:00:00,58.25,3415391680783220870097
MI/HB-A100/CDS90GN8B,2025-01-02 00:00:00,2022-07-29 00:00:00,58.34,341G198520225180100077
PMFY-P25VBM-E,2014-12-23 00:00:00,2013-05-10 00:00:00,58.349999999999994,L7H8022S2YA00354
MI/M3O-27FN8-Q,2023-07-12 00:00:00,2018-08-30 00:00:00,58.38,3415896380286020160093
MD/MOB0218HFN8QRD0,2025-04-09 00:00:00,2020-05-27 00:00:00,58.41,3409660510603220120039
MI/MA-12N8D0-O,2024-02-27 00:00:00,2019-04-16 00:00:00,58.41,3417439730492270830142
MI/MI2-22GDN1,2025-03-21 00:00:00,2020-05-08 00:00:00,58.41,341920935089B180100215
MD/MOCA24HFN8QRDA,2023-08-03 00:00:00,2018-09-19 00:00:00,58.44,3406090060487020160022
M/MSMBCU-18HRFN1-QD0,2023-09-29 00:00:00,2018-11-14 00:00:00,58.48,2413244730574230120073
MI/MB-24N8D0-I,2025-01-29 00:00:00,2020-03-16 00:00:00,58.48,3415391680783220870097
MI/MB-24N8D0-O,2025-01-29 00:00:00,2020-03-16 00:00:00,58.48,3418892820599230860031
M/MDV-V120W/DN1,2019-03-31 00:00:00,2016-10-21 00:00:00,58.54,C703258980316106400007
MI/MOU-55FN8-RD0,2025-07-07 00:00:00,2020-08-19 00:00:00,58.57,341A000431003220150012
PEFY-P250VMHS-E,2015-08-21 00:00:00,2014-01-02 00:00:00,58.739999999999995,7GEGP13XW02103
MI/MA-12N8D0-O,2023-12-31 00:00:00,2019-01-31 00:00:00,58.97,3416412520288280830154
M/MI-250T1/DHN1-B,2024-02-27 00:00:00,2019-03-29 00:00:00,59,C703260441216123400001
MI/HBT-A100/190CD3B,2025-02-04 00:00:00,2023-11-13 00:00:00,59,340G172920127180300008
MI/HBT-A100/190CD3B,2025-02-04 00:00:00,2023-11-13 00:00:00,59,340G172920127180300017
PUHZ-SHW140YHA,2017-02-03 00:00:00,2014-08-20 00:00:00,59,7H1SH03G 4G01575
MI/MOU-18FN8-QD0,2023-06-30 00:00:00,2018-07-26 00:00:00,59.13,3415844590685290130008
MI/HB-A160/CGN8-B,2024-03-18 00:00:00,2021-09-30 00:00:00,59.14,341D367920616200100037
MI/MB-18N8D0-I,2024-08-14 00:00:00,2019-09-09 00:00:00,59.17,3418094300296290810097
MD/MSAFBU12HRDN8QRD0,2023-06-12 00:00:00,2018-07-04 00:00:00,59.26,3405532540385090830053
MI/MB-09N8D6-I,2024-04-08 00:00:00,2019-04-30 00:00:00,59.3,3416371760188030820295
M/MDV-D28T2/N1X-BA5,2024-05-17 00:00:00,2021-11-26 00:00:00,59.32,C703209710715106400002
MI/MBT-12N8D6-O,2025-06-10 00:00:00,2020-06-30 00:00:00,59.33,341A033550403220840010
MI/MB-18N8D0-O,2024-06-05 00:00:00,2019-06-25 00:00:00,59.36,3417734300693220840012
MI/AG-24NXD0-IH,2024-05-17 00:00:00,2021-11-24 00:00:00,59.46,341D950900619020170001
MI/MA-12N8D0-O,2025-06-25 00:00:00,2020-07-10 00:00:00,59.49,341A425520404260850249
M/MI-45Q4/DHN1-D,2023-08-31 00:00:00,2018-09-10 00:00:00,59.66,C701747951816512400009
MI/MI2-90Q4DN1,2024-03-28 00:00:00,2021-09-30 00:00:00,59.78,341D663620416180100001
MD/MCD36HRFN1QRDA,2019-07-31 00:00:00,2017-11-30 00:00:00,59.91,2403801981378200160016
G- LCE324CQ,2016-06-22 00:00:00,2013-12-23 00:00:00,59.92,HF 1311046518
MI/MSMACU18HRFN1QD0,2019-06-30 00:00:00,2016-12-30 00:00:00,59.92,2412228000568240120032
MI/MA-12NXD0-I,2023-12-27 00:00:00,2018-12-27 00:00:00,59.99,3416412520188220820219
MI/MA-24NXD0-I,2023-08-31 00:00:00,2018-08-29 00:00:00,60.05,3415868310185210850075
MI/MI2-400T1DN1,2024-04-19 00:00:00,2021-10-18 00:00:00,60.06,34VD664570816270100002
MD/MSAFBU12HRDN8-W,2025-07-18 00:00:00,2020-07-14 00:00:00,60.12,340A424580304280830020
MD/MCD24HRFNXQRDA,2024-07-17 00:00:00,2019-07-11 00:00:00,60.22,3407931930395020160013
MI/MCD1-55HRFNX-GA,2025-03-27 00:00:00,2022-09-22 00:00:00,60.24,341F654840223230160031
PUHZ-ZRP140YKA,2019-03-31 00:00:00,2014-03-17 00:00:00,60.45,L77JP02S23U01480
MI/MSMAAU09HRDN1QD0,2023-06-30 00:00:00,2018-06-15 00:00:00,60.48,241291495016C140120007
MI/HB-A60/CD30GN8B,2024-11-06 00:00:00,2022-04-30 00:00:00,60.52,341E785140221190100015
MI/HB-A60/CD30GN8B,2024-11-06 00:00:00,2022-04-29 00:00:00,60.58,341E785140221190100015
MI/MCA3U-18FNXD0,2024-10-15 00:00:00,2019-09-26 00:00:00,60.64,3418501480797130160014
MONO,2015-08-11 00:00:00,2013-01-30 00:00:00,60.64,917HF100921058
MD/MOU60HDN1R,2015-06-30 00:00:00,2012-12-18 00:00:00,60.7,D201462410212615160018
M/MI-71Q4/DHN1-D,2023-05-31 00:00:00,2018-05-09 00:00:00,60.71,C704053430717718400014
MI/MSMBBU12HRFN1QRD0,2023-05-31 00:00:00,2018-05-08 00:00:00,60.74,2411653771165140120192
MI/HB-A100/CDS90GN8B,2025-02-28 00:00:00,2022-08-18 00:00:00,60.78,341G198520225180100078
MLZ-KA50VA,2014-11-20 00:00:00,2013-03-13 00:00:00,60.81,L5F3G16S101959
M/MI-56Q4/DHN1-D,2019-03-31 00:00:00,2016-09-16 00:00:00,60.84,C701747951916513400035
MI/MSFAAU-12HRFN8,2024-09-04 00:00:00,2022-02-21 00:00:00,60.84,341D9395902180602A0033
PUHZ-SHW80VHA,2017-02-03 00:00:00,2014-07-23 00:00:00,60.84,L7HJL01S39U01746
MI/MSMADU24HRFN1QD0,2019-03-31 00:00:00,2016-09-15 00:00:00,60.9,2411653770765090120050
MI/MI2-45GDN1,2024-11-20 00:00:00,2019-10-24 00:00:00,60.91,3418107710496020100008
M/MS11PU-09HRFN1-QD0,2019-03-31 00:00:00,2016-09-13 00:00:00,61.04,D212322260215117120010
MI/MTI-24HWFNX-GA,2025-08-11 00:00:00,2023-01-25 00:00:00,61.04,541H32581052B180160018
M/MI-15Q4/DHN1-A3,2023-06-30 00:00:00,2018-05-28 00:00:00,61.07,C705469330718319400003
MCC36HRN1R,2019-03-31 00:00:00,2014-02-26 00:00:00,61.07,D202121550513925160030
MI/MA-18NXD0-I,2025-06-23 00:00:00,2020-05-21 00:00:00,61.07,3419860531003290810078
MI/MI2-22GDN1,2024-08-26 00:00:00,2019-07-25 00:00:00,61.07,3417935811295080100027
MI/MI2-22GDN1,2024-08-26 00:00:00,2019-07-25 00:00:00,61.07,3417935811295080100028
M/MDV-V105W/DN1,2023-12-27 00:00:00,2021-06-10 00:00:00,61.1,34VA566800707050100012
MI/HB-A160/CGN8-B,2024-03-18 00:00:00,2021-08-31 00:00:00,61.1,341D367920616200100022
MI/MOBA03-09HFN1-QD0,2023-07-31 00:00:00,2018-06-27 00:00:00,61.1,241291495026C130130007
MI/M4OE-28HFN1-Q,2019-03-31 00:00:00,2017-07-19 00:00:00,61.11,2411797510366030160012
MD/M2OD18HFN8QA,2024-08-21 00:00:00,2019-07-17 00:00:00,61.17,3407931861295070150008
MI/MSMACU18HRFN1QD0,2023-06-30 00:00:00,2018-05-25 00:00:00,61.17,2413476010875150810203
MI/MA-18N8D0-O,2025-06-27 00:00:00,2020-05-21 00:00:00,61.2,3419860531103240840048
MD/UNVS-12R32INT-OU,2025-04-24 00:00:00,2022-10-05 00:00:00,61.24,340D962090619050120006
PUHZ-SHW230YKA,2017-10-17 00:00:00,2015-03-30 00:00:00,61.24,L7HJS01S4XU02337
MI/MOBA03-09HFN1-QD0,2023-07-24 00:00:00,2018-06-15 00:00:00,61.27,2411792200266020130006
MI/MSMAAU09HRDN1QD0,2023-06-30 00:00:00,2018-05-22 00:00:00,61.27,2411915080166200120161
MI/MA-09N8D0-O,2025-08-06 00:00:00,2020-06-26 00:00:00,61.33,341A033520204250850037
M/MOYU-36HFN1-QRD0,2018-06-07 00:00:00,2015-11-16 00:00:00,61.36,D210059140815325160044
MI/MOBA03-12HFN1-QD0,2023-07-12 00:00:00,2018-05-30 00:00:00,61.4,2413811570476190860205
MD/MOU60HDN1R,2014-09-26 00:00:00,2013-01-11 00:00:00,61.41,D201462410212615160009
MI/MSMAAU09HRDN1QD0,2023-06-30 00:00:00,2018-05-17 00:00:00,61.43,2413336890474080820229
MS12F818HRFN1C8,2018-04-09 00:00:00,2015-09-16 00:00:00,61.5,D200073040515407120132
MI/MB-09N8D6-I,2024-08-13 00:00:00,2019-06-28 00:00:00,61.53,3417931600194230830133
MI/MSMACU18HRFN1QD0,2023-07-12 00:00:00,2018-05-25 00:00:00,61.56,2413476010875150810203
M/MI-36G/DHN1-M,2019-06-30 00:00:00,2018-06-20 00:00:00,61.6,C701442620716409400007
MI/MA-12N8D0-O,2024-06-04 00:00:00,2019-04-17 00:00:00,61.6,3417439730492270830066
MD/MOB0218HFN8QRD0,2023-06-30 00:00:00,2022-03-18 00:00:00,61.64,340C613310313220830013
MI/MI2-22GDN1,2025-07-22 00:00:00,2020-06-01 00:00:00,61.66,341897641049A090100029
MI/MB-09N8D6-I,2024-05-08 00:00:00,2019-03-13 00:00:00,61.86,3416345230187280820298
MI/MT-12N8D6-I,2025-01-27 00:00:00,2019-12-02 00:00:00,61.86,3418645310298200860054
M/AHUKZ-02N1,2024-07-12 00:00:00,2019-05-16 00:00:00,61.89,341669932108A080100027
MI/MV6-I900WV2GN1-E,2024-07-12 00:00:00,2019-05-16 00:00:00,61.89,2112700202S75120400004
M/MDV-V180W/DRN1,2024-05-28 00:00:00,2019-03-29 00:00:00,61.99,341690205128C120100001
MI/MA-18N8D0-O,2025-07-21 00:00:00,2020-05-21 00:00:00,61.99,3419860531103240840048
MI/MA-18NXD0-I,2025-07-21 00:00:00,2020-05-21 00:00:00,61.99,3419860531003290810078
MI/HB-A100/CDS90GN8B,2025-02-28 00:00:00,2022-07-29 00:00:00,62.08,341G198520225180100078
MI/MSMAAU09HRDN1QD0,2023-06-30 00:00:00,2018-04-26 00:00:00,62.12,2413475890474290810146
MI/MOBA03-09HFN1-QD0,2023-08-31 00:00:00,2018-06-25 00:00:00,62.19,2413475890574270830127
MI/MSMACU18HRFN1QD0,2023-07-31 00:00:00,2018-05-25 00:00:00,62.19,2413476010875150810203
MI/MA-18N8D0-O,2025-07-31 00:00:00,2020-05-21 00:00:00,62.32,3419860531103240840048
MI/MA-18NXD0-I,2025-07-31 00:00:00,2020-05-21 00:00:00,62.32,3419860531003290810078
MI/MB-12N8D6-I,2024-09-06 00:00:00,2019-06-28 00:00:00,62.32,3417734300393240840681
MI/MBT-12N8D6-O,2024-09-06 00:00:00,2019-06-28 00:00:00,62.32,3417734300493220840254
M/MV5-X615W/V2GN1,2024-06-10 00:00:00,2019-03-29 00:00:00,62.42,341716028028C140100014
M/MDV-V450W/DRN1,2024-06-11 00:00:00,2019-03-29 00:00:00,62.45,C706154002287114000003
M/MI-22Q4/DHN1-A3,2024-02-15 00:00:00,2018-11-29 00:00:00,62.55,C705243110318210400013
MD/MCD36HRFNXQRDA,2025-06-04 00:00:00,2020-03-18 00:00:00,62.55,340931653059B180160014
MD/MOB0218HFN8QRD0,2024-10-15 00:00:00,2019-07-30 00:00:00,62.55,3408125020896130840045
MD/MOB0218HFN8QRD0,2024-10-15 00:00:00,2019-07-30 00:00:00,62.55,3408125020896130840049
MI/MV-400WD2RN1T_D,2024-02-15 00:00:00,2018-11-29 00:00:00,62.55,C705243271418210400002
MI/MB-09N8D6-I,2023-12-27 00:00:00,2018-10-09 00:00:00,62.58,3416345230187280820197
MI/MV6-I500WV2GN1-E,2025-01-17 00:00:00,2019-10-31 00:00:00,62.58,3418513910398210100003
M/MI-22G/DHN1-M,2023-06-30 00:00:00,2018-04-11 00:00:00,62.61,C701442620516409400039
M/MDV-V450W/DRN1,2024-06-17 00:00:00,2019-03-29 00:00:00,62.65,C706154002287114000003
MI/MCD-55HRFN1-QD0,2019-03-31 00:00:00,2016-08-19 00:00:00,62.68,D212322310115119160019
MI/MB-12N8D6-I,2025-01-21 00:00:00,2019-10-30 00:00:00,62.75,3418645310898210810311
MI/MV-400WD2RN1T_D,2024-06-21 00:00:00,2019-03-29 00:00:00,62.78,341690205078B220100002
M/MDV-V400W/DRN1,2025-08-12 00:00:00,2020-05-18 00:00:00,62.81,341943456049C170100008
MD/MCD36HRFNXQRDA,2025-06-12 00:00:00,2020-03-18 00:00:00,62.81,340931653059B180160014
MD/MOBA3009HFN1QRD0,2019-03-31 00:00:00,2016-08-17 00:00:00,62.82,2401918420266180130349
MI/MSMACU18HRFN1QD0,2023-09-29 00:00:00,2018-07-04 00:00:00,62.84,3415686850185210820159
MI/MCA3U-18HRFNX-GA,2025-06-11 00:00:00,2023-09-11 00:00:00,62.97,541K719800137100160101
MI/MCA3U-18HRFNX-GA,2025-06-11 00:00:00,2023-09-11 00:00:00,62.97,541K719800137100160106
M/MI-22G/DHN1-M,2025-06-13 00:00:00,2020-03-12 00:00:00,63.04,341920935089B180100380
MI/MOBA03-12HFN1-QD0,2023-08-31 00:00:00,2018-05-30 00:00:00,63.04,2413811570476190860196
MI/MV-450WD2RN1T_D,2024-06-30 00:00:00,2019-03-29 00:00:00,63.07,341690205088B220100002
MI/MOU-36FN8-RD0,2023-12-29 00:00:00,2021-05-13 00:00:00,63.08,341C448081412030150002
MI/MA-18N8D0-O,2024-08-26 00:00:00,2019-05-24 00:00:00,63.11,3417632100493090840016
MD/MOBA3009HFN8QRD0,2025-07-11 00:00:00,2020-03-31 00:00:00,63.34,340931652029B120120299
MI/MSMAAU09HRDN1QD0,2023-11-30 00:00:00,2018-08-20 00:00:00,63.34,2413336890474080820012
MI/MOBA03-09HFN1-QD0,2023-08-31 00:00:00,2018-05-16 00:00:00,63.5,2413476010575060850250
MI/MOB30U-12HFN1-QD0,2023-09-29 00:00:00,2018-06-13 00:00:00,63.53,2413597970177200130037
MI/MSMAAU09HRDN1QD0,2023-11-30 00:00:00,2018-08-14 00:00:00,63.53,2413336890474080820244
MI/HB-A160/CGN8-B,2024-04-23 00:00:00,2021-08-30 00:00:00,63.54,341D367920616200100032
M/MI-200T1/DHN1-B,2024-02-27 00:00:00,2018-11-07 00:00:00,63.67,C705243111718206400007
MD/MOU60HDN1R,2014-09-26 00:00:00,2012-12-18 00:00:00,63.75,D201462410212615160002
MI/MI2-22T2DN1,2024-03-28 00:00:00,2021-07-30 00:00:00,63.86,341A563921406160100030
M/MI-28Q4/DHN1-A3,2024-03-28 00:00:00,2018-11-29 00:00:00,63.93,C706252481287234000024
MI/MB-09N8D6-I,2025-06-27 00:00:00,2020-02-28 00:00:00,63.93,341956045019C240840111
MI/MB-09N8D6-I,2025-06-27 00:00:00,2020-02-28 00:00:00,63.93,341956045019C240840156
MI/MB-09N8D6-I,2025-06-27 00:00:00,2020-02-28 00:00:00,63.93,341956045019C240840158
MI/MB-09N8D6-I,2025-06-27 00:00:00,2020-02-28 00:00:00,63.93,341956045019C240840160
MI/MB-09N8D6-I,2025-06-27 00:00:00,2020-02-28 00:00:00,63.93,341956045019C240840162
MI/MI2-22GDN1,2025-06-27 00:00:00,2020-02-28 00:00:00,63.93,341920935089B180100020
MI/MOU-24FN1-QD0,2023-10-31 00:00:00,2018-07-03 00:00:00,63.93,3415666690684200150032
MI/MB-09N8D6-I,2024-06-30 00:00:00,2019-02-28 00:00:00,64.03,3415391680183240840220
MI/MA-18N8D0-O,2024-09-25 00:00:00,2019-05-24 00:00:00,64.09,3417632100493090840016
MI/MA-12N8D0-O,2023-08-31 00:00:00,2020-12-28 00:00:00,64.12,341A033520404260850462
MSR112HRN1QC2OU,2016-05-23 00:00:00,2013-09-20 00:00:00,64.12,D202105050413712150134
MD/MOB0218HFN8QRD0,2024-12-03 00:00:00,2019-07-30 00:00:00,64.16,3408125020896130840037
MD/MOB0218HFN8QRD0,2024-12-03 00:00:00,2019-07-30 00:00:00,64.16,3408125020896130840049
MI/MOBA03-09HFN1-QD0,2023-08-31 00:00:00,2018-04-26 00:00:00,64.16,2411915080266240130184
M/MI-22G/DHN1-M,2024-01-31 00:00:00,2018-09-25 00:00:00,64.19,C706154151387044000075
M/MI-22G/DHN1-M,2024-01-31 00:00:00,2018-09-25 00:00:00,64.19,C706252540787164000014
M/MI-22G/DHN1-M,2024-01-31 00:00:00,2018-09-25 00:00:00,64.19,C706252540787164000037
MI/MSMBAU09HRFN1QRD0,2019-03-31 00:00:00,2016-07-27 00:00:00,64.2,2411653770965120120043
MD/MOBA3012HFN8QRD0,2025-05-19 00:00:00,2020-01-10 00:00:00,64.26,3408596810398220120033
M/MI-22Q4/DHN1-A3,2024-04-08 00:00:00,2018-11-29 00:00:00,64.29,C705243110318210400013
MI/MI2-36Q4DN1,2024-08-08 00:00:00,2019-03-29 00:00:00,64.36,C701747951716512400006
MD/MI-36Q4/DHN1-D,2025-07-18 00:00:00,2020-03-06 00:00:00,64.39,C701747951716512400005
MI/MV-450WD2RN1T_D,2024-08-09 00:00:00,2019-03-29 00:00:00,64.39,341690205088B220100002
MI/MV6-I560WV2GN1-E,2025-03-19 00:00:00,2019-11-06 00:00:00,64.39,3417936161395140100002
T-C1500E.NT,2016-11-29 00:00:00,2015-07-28 00:00:00,64.4,149659002
MD/MTI24HWFNXQRDA,2024-12-13 00:00:00,2019-08-01 00:00:00,64.42,340692944088B130160010
MI/MB-09N8D6-I,2025-05-16 00:00:00,2020-01-02 00:00:00,64.42,3418970640199280830104
PUHY-P400YJM-A,2018-05-23 00:00:00,2013-01-07 00:00:00,64.45,7GFYE828W02266
MI/MSFAAU-12HRFN8,2024-11-05 00:00:00,2022-02-28 00:00:00,64.46,341D9395902180602A0002
MI/MSMAAU09HRDN1QD0,2023-12-31 00:00:00,2018-08-14 00:00:00,64.55,2413336890474080820251
MD/MSAEBU12HRFN1QRD0,2019-06-30 00:00:00,2016-10-20 00:00:00,64.58,2401713990365170120289
M/MI-36G/DHN1-M,2023-11-30 00:00:00,2018-07-09 00:00:00,64.72,C703875170317612400033
MI/MBT-09N8D6-O,2025-06-27 00:00:00,2020-02-04 00:00:00,64.72,3416437330288270840053
MI/MOBA03-09HFN1-QD0,2023-11-30 00:00:00,2018-07-09 00:00:00,64.72,2413336890574010860192
MI/MSMAAU09HRDN1QD0,2023-11-30 00:00:00,2018-07-09 00:00:00,64.72,241291495016C140120028
MI/MSMAAU09HRDN1QD0,2023-11-30 00:00:00,2018-07-09 00:00:00,64.72,241291495016C140120069
MI/MA-12NXD0-I,2024-06-30 00:00:00,2019-02-06 00:00:00,64.75,3416412520188220820171
MI/MA-12NXD0-I,2024-07-16 00:00:00,2019-02-20 00:00:00,64.82,3416412520188220820198
MI/MSMABU12HRDN1QD0,2023-08-31 00:00:00,2018-04-06 00:00:00,64.82,2413811570376130810280
MI/MCA3-18HRFN1-QD0,2023-10-31 00:00:00,2018-06-05 00:00:00,64.85,3415391990583120160014
MI/MSMBBU12HRFN8QRD6,2023-12-27 00:00:00,2018-07-31 00:00:00,64.88,2413746630377210120070
MOU24HN1Q,2018-04-17 00:00:00,2015-08-03 00:00:00,64.92,D202131170413A30150023
M/MI-36G/DHN1-M,2025-06-13 00:00:00,2020-01-13 00:00:00,64.98,341891435029A090100045
M/MDV-V200W/DRN1,2024-02-12 00:00:00,2021-05-28 00:00:00,65.04,34VA566800307050100007
M/MI-45G/DHN1-M,2025-08-14 00:00:00,2020-03-12 00:00:00,65.08,341943457089C190100001
M/MV5-X500W/V2GN1,2023-12-27 00:00:00,2018-07-24 00:00:00,65.11,C705469240918312400001
MI/MSMAAU09HRDN1QD0,2023-06-06 00:00:00,2017-12-29 00:00:00,65.21,2413336890474080820064
MI/MSMAAU09HRDN1QD0,2023-06-30 00:00:00,2018-01-22 00:00:00,65.21,2413336890474080820120
MI/MSMABU12HRDN1QD0,2023-06-30 00:00:00,2018-01-22 00:00:00,65.21,2413336890674070820189
MI/MSMABU12HRDN1QD0,2023-05-31 00:00:00,2017-12-20 00:00:00,65.31,2413475890674300820064
MI/MA-12NXD0-I,2024-09-27 00:00:00,2019-04-17 00:00:00,65.37,3417439730392230830018
MD/MOBA3009HFN8QRD0,2025-07-11 00:00:00,2020-01-28 00:00:00,65.41,340931652029B120120299
MI/HB-A60/CD30GN8B,2024-03-18 00:00:00,2022-05-24 00:00:00,65.42999999999999,341E56089051A240100010
MI/MSMABU12HRDN1QD0,2019-03-31 00:00:00,2016-07-08 00:00:00,65.44,2411698870365090120277
M/MI-71Q4/DHN1-D,2023-12-27 00:00:00,2018-07-13 00:00:00,65.47,C705847970618513400021
MCD48HRFN1QRD0,2019-03-31 00:00:00,2016-07-07 00:00:00,65.5,240071816025C220160029
MI/MOBA03-12HFN1-QD0,2019-03-31 00:00:00,2016-07-07 00:00:00,65.5,2411653770465090150253
MS12FU09HRDN1QRD0GW,2019-03-31 00:00:00,2016-07-07 00:00:00,65.5,2401302930163220830416
MI/MB-09N8D6-I,2024-04-23 00:00:00,2018-11-07 00:00:00,65.51,3416437330188250820036
M/MSMBCU-18HRFN1-QD0,2017-12-19 00:00:00,2016-11-15 00:00:00,65.55,2411653771365100120173
M/MI-36G/DHN1-M,2023-12-27 00:00:00,2018-07-09 00:00:00,65.6,C702255370316901400022
M/MSMBDU-24HRFN1-QD0,2019-03-31 00:00:00,2016-07-04 00:00:00,65.7,D210058950715319120007
MI/MOB02-18HFN1-QD0W,2019-03-31 00:00:00,2016-07-04 00:00:00,65.7,2411653770665110150151
MI/MA-12N8D0-O,2024-10-09 00:00:00,2019-04-16 00:00:00,65.8,3417439730492270830160
MD/MSAEBU12HRFNXQRD0,2024-12-13 00:00:00,2019-06-19 00:00:00,65.83,3407782950194090120026
M/MI-56Q4/DHN1-D,2019-03-31 00:00:00,2017-05-31 00:00:00,65.94,C702662711416C01400004
MD/MTI24HWFNXQRDA,2025-01-30 00:00:00,2019-08-01 00:00:00,66,340692944088B130160010
MI/MSMAAU09HRDN1QD0,2019-03-31 00:00:00,2016-06-29 00:00:00,66.04,2411653770165090120333
MI/HB-A160/CGN8-B,2024-03-18 00:00:00,2021-06-16 00:00:00,66.1,341C900700813240100018
MI/MOBA03-09HFN1-QD0,2023-07-31 00:00:00,2018-01-22 00:00:00,66.23,241291495026C130130114
MI/MSMABU12HRDN1QD0,2023-07-31 00:00:00,2018-01-22 00:00:00,66.23,2413336890674070820189
MI/MSMABU12HRDN1QD0,2023-10-20 00:00:00,2018-04-13 00:00:00,66.23,2413811570376130810140
MI/M4O-36FN8-Q,2024-11-12 00:00:00,2019-05-06 00:00:00,66.26,3415844570686020160019
MI/M2TIR-27HFN1-QD0,2025-04-03 00:00:00,2022-06-27 00:00:00,66.42,341D662421318040100001
M/MI-90Q4/DHN1-D,2024-06-25 00:00:00,2018-12-12 00:00:00,66.43,C703719000617517400016
MI/MI2-22GDN1,2025-02-05 00:00:00,2019-07-25 00:00:00,66.43,3417935811295080100029
MI/MOBA03-12HFN1-QD0,2023-12-31 00:00:00,2018-06-18 00:00:00,66.43,2413476010775060850042
M/MI-90Q4/DHN1-D,2024-06-30 00:00:00,2018-12-12 00:00:00,66.59,C703719000617517400016
MI/HB-A100/CDS90GN8B,2025-05-29 00:00:00,2022-08-18 00:00:00,66.68,341G198520225180100065
MD/MHG60HWDN1Q,2019-07-31 00:00:00,2017-09-22 00:00:00,66.72,2403245220172270160025
MI/MOBA03-12HFN1-QD0,2023-09-29 00:00:00,2018-03-07 00:00:00,66.75,2411792200466020130340
MD/MOU60HDN1R,2014-10-27 00:00:00,2012-12-18 00:00:00,66.81,D201462410212615160002
PUHZ-P140YHA,2015-08-21 00:00:00,2012-11-05 00:00:00,66.96,7H1S306G 2H01224
MI/MA-12N8D0-O,2024-11-15 00:00:00,2019-04-17 00:00:00,66.98,3417439730492270830156
MI/MBT-09N8D6-O,2024-07-10 00:00:00,2018-12-06 00:00:00,67.12,3416437330288270840131
MI/MSFAAU-12HRFN8,2024-12-16 00:00:00,2022-02-28 00:00:00,67.14,341D9395902180602A0002
MD/MOU60HDN1R,2017-05-18 00:00:00,2014-07-29 00:00:00,67.28,D202157840613C29160001
M/MDV-V224W/DRN1,2024-05-08 00:00:00,2018-09-25 00:00:00,67.41,C706154000587074000002
MI/MSMABU12HRDN1QD0,2024-01-31 00:00:00,2018-06-18 00:00:00,67.44,2413476010675070820108
MI/MI2-28Q4DN1,2024-07-09 00:00:00,2021-09-14 00:00:00,67.6,341A899060707220100100
MI/MCD-42HRFN1-QD0,2023-06-30 00:00:00,2017-11-10 00:00:00,67.61,2413972770677240160006
MDVD22Q4/N1-A3,2024-09-17 00:00:00,2019-01-28 00:00:00,67.64,C705790011718510400007
MI/MSMABU12HRDN1QD0,2019-03-31 00:00:00,2016-06-03 00:00:00,67.74,2411323790364070120077
M/MKF4-450,2019-03-31 00:00:00,2017-10-31 00:00:00,67.8,C703250441315B03400013
MI/MOBA03-12HFN1-QD0,2024-08-13 00:00:00,2018-12-19 00:00:00,67.81,3416060600187050860074
MI/MI2-36Q4DN1,2024-11-22 00:00:00,2019-03-29 00:00:00,67.84,C701747951716512400006
MI/MSMACU18HRFN1QD0,2019-03-31 00:00:00,2016-05-31 00:00:00,67.94,2411323790564100120031
MS12FU09HRDN1QRD0GW,2019-03-31 00:00:00,2016-05-31 00:00:00,67.94,2401302930163220830313
MI/HB-A100/CDS90GN8B,2025-05-29 00:00:00,2022-07-29 00:00:00,68,341G198520225180100065
MI/MSMABU12HRDN1QD0,2024-02-27 00:00:00,2018-06-19 00:00:00,68.3,2411792200365300120044
M50A36HRDN1Q,2015-06-29 00:00:00,2013-08-05 00:00:00,68.31,D201455520412606160010
MI/MOBA03-12HFN1-QD0,2024-02-29 00:00:00,2018-06-19 00:00:00,68.36,2413476010775060850245
M/MI-45Q4/DHN1-A3,2024-08-12 00:00:00,2018-11-29 00:00:00,68.43,C706252481487234000017
MS12FU12HRDN1QRD0GW,2019-04-30 00:00:00,2016-06-22 00:00:00,68.46,2401653710364230850015
MI/MA-24N8D0-O,2024-03-18 00:00:00,2018-07-02 00:00:00,68.53,3415758090285070870112
MI/MT-12N8D6-I,2025-01-29 00:00:00,2019-05-13 00:00:00,68.59,3417463230192280860004
MD/MDV-022G/DN1,2025-04-10 00:00:00,2022-05-31 00:00:00,68.66,34VE332980721020100056
MI/MOU-18FN8-QD0,2025-04-29 00:00:00,2019-08-07 00:00:00,68.73,341664054078A060130007
MI/MSMABU12HRDN1QD0,2023-04-30 00:00:00,2017-08-07 00:00:00,68.73,2413475890674300820199
MI/MCD-30HRFN1-QD0_,2025-06-11 00:00:00,2022-07-29 00:00:00,68.86,2403566290877090160002
M/MOEU-55HFN1-RRD0,2019-03-31 00:00:00,2016-05-16 00:00:00,68.92,D210233680915721160004
MI/MHA-V8W/D2N8-B,2025-06-17 00:00:00,2022-07-29 00:00:00,69.26,341F745640225170100038
MI/MSMACU18HRFN1QD0,2019-03-31 00:00:00,2016-05-11 00:00:00,69.26,2411110290563140120042
MI/MHC-V10W/D2N8-B2,2025-08-13 00:00:00,2022-09-23 00:00:00,69.32,341G288000127260100050
MI/MBT-09N8D6-O,2024-09-16 00:00:00,2018-12-06 00:00:00,69.35,3416437330288270840131
MI/MOBA03-09HFN1-QD0,2019-03-31 00:00:00,2016-05-09 00:00:00,69.38,2411110290263140130092
M/MOZU-18HFN1-QD0,2018-03-22 00:00:00,2016-10-10 00:00:00,69.4,D200238820215728150012
M/MSMBCU-18HRFN1-QD0,2024-08-08 00:00:00,2018-10-26 00:00:00,69.42,2413244730574230120014
M/MSMBCU-18HRFN1-QD0,2024-08-08 00:00:00,2018-10-26 00:00:00,69.42,2413476050576160120109
MSR23U09HRDN1Q8OU,2017-06-06 00:00:00,2014-07-11 00:00:00,69.72,D202179890714227130138
MI/MA-12N8D0-O,2024-11-28 00:00:00,2019-01-30 00:00:00,69.94,3416412520288280830163
MI/MA-12NXD0-I,2024-11-28 00:00:00,2019-01-30 00:00:00,69.94,3416371760988020820150
MI/MSMABU12HRDN1QD0,2023-06-06 00:00:00,2017-08-07 00:00:00,69.94,2413475890674300820199
M/MDV-V105W/DN1,2023-08-31 00:00:00,2017-10-31 00:00:00,69.97,C703718680117504400012
MDV400(14)W/DRN1(D),2024-04-12 00:00:00,2018-06-12 00:00:00,70.01,C701005700216226400009
MI/MOBA03-12HFN1-QD0,2024-02-12 00:00:00,2018-04-12 00:00:00,70.04,2411792200466020130059
MI/MSMABU12HRDN1QD0,2024-06-17 00:00:00,2018-08-16 00:00:00,70.04,3415297660383080830022
MI/MOBA02-09HFN1-QD0,2023-08-31 00:00:00,2017-10-26 00:00:00,70.14,2411785860265270130127
MI/M2OF-18HFN1-Q,2024-01-31 00:00:00,2018-03-27 00:00:00,70.17,340510242017C270160038
MI/MA-12N8D0-O,2024-07-08 00:00:00,2018-08-23 00:00:00,70.5,3415119560481280840247
M/MI-36Q4/DHN1-D,2025-01-14 00:00:00,2019-02-25 00:00:00,70.63,C703875170817620400002
MI/MHC-V4W/D2N8-B,2025-06-02 00:00:00,2022-06-21 00:00:00,70.76,341F749480124030100050
MI/MOBA02-09HFN1-QD0,2023-09-20 00:00:00,2017-10-26 00:00:00,70.8,2411785860265270130127
MI/HB-A160/CGN8-B,2023-12-27 00:00:00,2021-01-13 00:00:00,70.82,341B368571308260100004
MD/MUE30HRFN1QRDA,2024-05-27 00:00:00,2018-07-02 00:00:00,70.83,2403566090577120160008
MI/MSMABU12HRDN1QD0,2023-07-12 00:00:00,2017-08-16 00:00:00,70.83,2413475890674300820186
M/MI-22G/DHN1-M,2025-03-27 00:00:00,2019-04-30 00:00:00,70.89,341670787028A140100045
M/MDV-V224W/DRN1,2025-01-27 00:00:00,2019-02-25 00:00:00,71.06,341690205018C120100008
MI/MOBA03-12HFN1-QD0,2024-08-07 00:00:00,2018-09-05 00:00:00,71.06,3416060600187050860242
MD/MSAFBU09HRDN8QRD0,2024-07-11 00:00:00,2018-08-07 00:00:00,71.12,3405834310185230830137
MI/MCA3-18HRFN1-QD0,2019-03-31 00:00:00,2016-04-12 00:00:00,71.16,2410884740461200160034
MI/MOBA03-09HFN1-QD0,2024-06-13 00:00:00,2018-07-09 00:00:00,71.16,2413336890574010860192
MI/MOBA02-09HFN1-QD0,2023-10-02 00:00:00,2017-10-26 00:00:00,71.19,2411785860265270130127
MI/MB-18N8D0-I,2025-04-29 00:00:00,2019-05-22 00:00:00,71.25,3416371760588030820128
MS12FU09HRDN1QRD0GW,2019-05-31 00:00:00,2016-06-08 00:00:00,71.42,2401302930163220830468
MI/MSMACU18HRFN1QD0,2024-06-20 00:00:00,2018-07-04 00:00:00,71.55,3415686850185210820094
M/MV5-X450W/V2GN1,2025-03-17 00:00:00,2019-03-29 00:00:00,71.62,C705469240818312400002
M/MSABBU-12HRDN1-QC8,2018-06-11 00:00:00,2015-06-16 00:00:00,71.68,D212322500315117120060
MI/X1BP-12N8D0-O,2025-05-08 00:00:00,2022-05-12 00:00:00,71.74,341F325250422210810067
MI/X1BP-12N8D0-O,2025-05-08 00:00:00,2022-05-12 00:00:00,71.74,341F325250422210810193
MI/MOU-24FN8-QD0,2024-08-14 00:00:00,2018-08-22 00:00:00,71.75,3415844591085220160020
MI/MSMACU18HRFN1QD0,2024-06-26 00:00:00,2018-07-04 00:00:00,71.75,3415686850185210820182
MI/MSMBBU12HRFN1QRD0,2023-05-31 00:00:00,2017-06-06 00:00:00,71.78,2411653771165140120222
MI/M3OF-27HFN8-Q,2024-06-20 00:00:00,2021-06-23 00:00:00,71.82,341C448030412050150042
MI/MA-12N8D0-O,2024-08-19 00:00:00,2018-08-23 00:00:00,71.88,3415119560481280840247
MI/MT-12N8D6-I,2025-05-09 00:00:00,2019-05-13 00:00:00,71.88,3417463230192280860004
MI/MA-12N8D0-O,2024-08-20 00:00:00,2018-08-23 00:00:00,71.91,3415119560481280840247
MI/MSMAAU09HRDN1QD0,2023-05-31 00:00:00,2017-06-02 00:00:00,71.91,2413336890474080820194
MI/MOB02-18HFN1-QD0W,2024-07-03 00:00:00,2018-07-04 00:00:00,71.98,3415242890382040860230
MI/MSMABU12HRDN1QD0,2024-05-27 00:00:00,2018-05-25 00:00:00,72.08,2411792200365300120181
G/MPET42C0AC,2025-05-14 00:00:00,2024-09-12 00:00:00,72.17999999999998,24700428
MI/MB-12N8D6-I,2024-08-13 00:00:00,2018-08-07 00:00:00,72.21,3415834330285080840044
MI/MB-12N8D6-I,2024-08-13 00:00:00,2018-08-07 00:00:00,72.21,3415834330285080840045
MI/MB-12N8D6-I,2024-08-13 00:00:00,2018-08-07 00:00:00,72.21,3415834330285080840047
MI/MSMBBU12HRFN1QRD0,2023-11-30 00:00:00,2017-11-22 00:00:00,72.24,2413476050376150120221
MD/MOBA0309HFN8QRD0,2024-08-16 00:00:00,2018-08-07 00:00:00,72.31,3405543450285030830088
MI/MUE-30HRFN1-QRD0,2019-03-31 00:00:00,2016-03-25 00:00:00,72.34,D212322300515119160006
MS12FU12HRDN1QRD0GW,2019-06-30 00:00:00,2016-06-22 00:00:00,72.48,2401653710364230850043
MS12FU12HRDN1QRD0GW,2019-06-30 00:00:00,2016-06-22 00:00:00,72.48,2401653710364230850073
MI/MA-24N8D0-O,2025-06-26 00:00:00,2019-06-11 00:00:00,72.5,3417734301693260870138
M/MI-45Q4/DHN1-D,2024-09-27 00:00:00,2018-09-10 00:00:00,72.57,C703152112217219400014
M/MI-71Q4/DHN1-D,2024-10-01 00:00:00,2018-09-13 00:00:00,72.6,C703719000517517400009
MI/MSMACU18HRFN1QD0,2024-07-23 00:00:00,2018-07-04 00:00:00,72.63,3415686850185210820133
MI/X2-12N8D1-OH,2023-11-30 00:00:00,2020-11-19 00:00:00,72.66,341B271020409040120008
M/MI-90Q4/DHN1-D,2023-07-12 00:00:00,2017-06-21 00:00:00,72.67,C701442621216407400007
M/MI-45Q4/DHN1-D,2024-10-01 00:00:00,2018-09-10 00:00:00,72.7,C701747951816512400009
MI/MA-12NXD0-I,2025-05-07 00:00:00,2019-04-16 00:00:00,72.7,3416412520188220820159
MI/MSMACU18HRFN1QD0,2024-06-18 00:00:00,2018-05-25 00:00:00,72.8,2413476010875150810177
M/MI-71Q4/DHN1-D,2024-10-09 00:00:00,2018-09-13 00:00:00,72.86,C703719000517517400009
MI/MSMBBU12HRFN1QRD0,2019-03-31 00:00:00,2016-03-16 00:00:00,72.94,D210233580215718120103
M/MV5-X450W/V2GN1,2025-04-29 00:00:00,2019-03-29 00:00:00,73.03,C705469240818312400002
M/MI-28Q4/DHN1-D,2024-10-30 00:00:00,2018-09-27 00:00:00,73.09,C703645961217510400009
MI/MOB02-18HFN1-QD0W,2024-02-27 00:00:00,2018-01-23 00:00:00,73.13,2413475890174300860072
MD/MSAEBU12HRFN1QRD0,2019-07-31 00:00:00,2016-07-11 00:00:00,73.26,2401713990365170120211
MONO (HRP200YHA),2017-12-28 00:00:00,2014-12-09 00:00:00,73.26,112014304
MI/MV-400WD2RN1T_D,2025-01-07 00:00:00,2018-11-29 00:00:00,73.29,C705243271418210400002
MI/MV-400WD2RN1T_D,2025-01-09 00:00:00,2018-11-29 00:00:00,73.36,C705243271418210400002
M/MI-36Q4/DHN1-A3,2024-02-15 00:00:00,2017-12-31 00:00:00,73.49,C701902561716619400016
MI/MA-24N8D0-O,2025-07-08 00:00:00,2019-05-24 00:00:00,73.49,3417439730892260870087
MI/MA-24NXD0-I,2025-07-08 00:00:00,2019-05-24 00:00:00,73.49,3417439730792240860015
MI/MSMTAU12HRFN8QRD6,2023-07-31 00:00:00,2017-06-14 00:00:00,73.52,2413276750373170120038
MI/MOBA03-09HFN1-QD0,2019-04-30 00:00:00,2016-04-05 00:00:00,73.58,2411110290263140130620
MI/MOBA02-09HFN1-QD0,2024-11-26 00:00:00,2018-10-09 00:00:00,73.59,2413244730274080130019
MI/MV-400WD2RN1T_D,2025-01-16 00:00:00,2018-11-29 00:00:00,73.59,C705243271418210400002
MI/MV-400WD2RN1T_D,2025-01-22 00:00:00,2018-11-29 00:00:00,73.78,C705243271418210400002
MI/MA-24NXD0-I,2025-07-21 00:00:00,2019-05-24 00:00:00,73.92,3417439730792240860015
M/MI-71Q4/DHN1-D,2024-11-13 00:00:00,2018-09-13 00:00:00,74.01,C703719000517517400007
M/MI-71Q4/DHN1-D,2024-11-13 00:00:00,2018-09-13 00:00:00,74.01,C703719000517517400009
MI/MOBA03-12HFN1-QD0,2023-11-30 00:00:00,2017-09-29 00:00:00,74.01,2413811570476190860089
M2OD18HFN1Q,2019-03-31 00:00:00,2016-02-26 00:00:00,74.18,240071890045C210160002
MI/MCD-30HRFN1-QD0,2024-04-30 00:00:00,2018-02-20 00:00:00,74.28,2413245421673240160009
MI/MCD-30HRFN1-QD0,2024-04-30 00:00:00,2018-02-20 00:00:00,74.28,2413245421673240160019
M/MI-90Q4/DHN1-D,2023-08-31 00:00:00,2017-06-21 00:00:00,74.31,C701442621216407400012
MI/MOBA03-12HFN1-QD0,2024-08-08 00:00:00,2018-05-28 00:00:00,74.38,2413055170471180840091
MI/MOE30U-48HFN8RGA,2024-12-23 00:00:00,2022-11-29 00:00:00,74.4,340D682791117260150018
MI/MA-18NXD0-I,2025-05-15 00:00:00,2022-04-08 00:00:00,74.44,341E44938011A080850076
MD/MOBA3012HFN1QRD0,2019-07-31 00:00:00,2016-06-22 00:00:00,74.5,2401653710464220850071
MI/MOBA03-12HFN1-QD0,2023-08-31 00:00:00,2017-06-12 00:00:00,74.61,2411698870465090150349
MI/MSMACU18HRFN1QD0,2024-06-07 00:00:00,2018-03-15 00:00:00,74.77,2413475890875150810117
M/MS11PU-12HRFN1-QD0,2019-03-31 00:00:00,2016-02-17 00:00:00,74.78,D212322260115119120073
M/MI-100Q4/DHN1-D,2019-06-30 00:00:00,2017-06-01 00:00:00,74.78999999999999,C703219681315327400002
M/MI-22G/DHN1-M,2024-07-05 00:00:00,2018-04-11 00:00:00,74.8,C705243110118202400045
M/MI-22G/DHN1-M,2023-12-27 00:00:00,2017-09-29 00:00:00,74.9,C701442620516409400070
MI/MSMAAU09HRDN1QD0,2023-09-29 00:00:00,2017-06-30 00:00:00,74.97,2413336890474080820063
M/MI-56Q4/DHN1-D,2023-05-31 00:00:00,2017-02-28 00:00:00,75,C702255351016902400008
M/MI-71Q4/DHN1-D,2023-05-31 00:00:00,2017-02-28 00:00:00,75,C702255351316902400014
MI/MOBA02-09HFN1-QD0,2023-06-30 00:00:00,2017-03-29 00:00:00,75.03,241291491026C130130097
MD/MOU60HDN1R,2017-01-13 00:00:00,2013-11-28 00:00:00,75.04,D202079140213524160006
MI/MOBA02-09HFN1-QD0,2024-01-31 00:00:00,2017-10-26 00:00:00,75.16,2411785860265270130127
M/MI-56Q4/DHN1-D,2023-05-31 00:00:00,2017-02-22 00:00:00,75.2,C702255351016902400030
M/MI-28G/DHN1-M,2024-07-05 00:00:00,2018-03-29 00:00:00,75.23,C703875170217612400052
M/MSMBCU-18HRFN1-QD0,2024-02-27 00:00:00,2017-11-20 00:00:00,75.23,2411653771365100120298
M/MI-36Q4/DHN1-D,2025-08-08 00:00:00,2019-04-30 00:00:00,75.3,C703329250217319400003
M/MI-36Q4/DHN1-D,2025-08-08 00:00:00,2019-04-30 00:00:00,75.3,C703329250217319400018
M/MI-56Q4/DHN1-D,2025-08-08 00:00:00,2019-04-30 00:00:00,75.3,C704053430617718400033
MD/MSAFDU24HRFN1QRD0,2024-12-18 00:00:00,2018-09-07 00:00:00,75.36,2403496420774220870004
MI/MHA-V8W/D2N8-B,2024-11-20 00:00:00,2021-09-30 00:00:00,75.36,341D367920216240100001
MI/MA-24NXD0-I,2025-08-12 00:00:00,2019-04-30 00:00:00,75.43,3417439730792240860083
MI/MOBA02-09HFN1-QD0,2023-07-12 00:00:00,2017-03-29 00:00:00,75.43,241291491026C130130097
M/MDV-V160W/DN1(B),2024-01-16 00:00:00,2017-09-29 00:00:00,75.56,C703329250817308400001
MI/MSMBAU09HRFN1QRD0,2024-02-13 00:00:00,2017-10-26 00:00:00,75.59,2413476050176150120189
MI/HB-A100/CGN8-B,2024-10-11 00:00:00,2021-08-17 00:00:00,75.62,341D367740515110100015
MI/HB-A160/CGN8-B,2023-12-27 00:00:00,2020-10-30 00:00:00,75.76,341B368571308260100004
MI/HBT-A100/240CDS9B,2025-07-17 00:00:00,2023-06-05 00:00:00,76.17,341H584120232090300026
MI/MOE30U-48HFN8RGA,2024-11-29 00:00:00,2022-10-18 00:00:00,76.17,340D962091119040150003
MI/MOE30U-48HFN8RGA,2024-11-29 00:00:00,2022-10-18 00:00:00,76.17,340D962091119040150005
MD/MSAFBU12HRDN8-W,2023-07-31 00:00:00,2020-05-27 00:00:00,76.22,3409660510303190130019
M/MI-28G/DHN1-M,2024-08-09 00:00:00,2018-03-29 00:00:00,76.38,C703875170217612400054
M/MDV-V140W/DN1,2024-02-12 00:00:00,2017-09-29 00:00:00,76.45,C704053690217708400007
M/MDV-V160W/DN1(B),2024-02-12 00:00:00,2017-09-29 00:00:00,76.45,C703152161317215400001
M/MDV-V160W/DN1(B),2024-02-12 00:00:00,2017-09-29 00:00:00,76.45,C703329250817308400001
MI/MOBA03-12HFN1-QD0,2023-12-31 00:00:00,2017-08-16 00:00:00,76.48,2413475890774270830123
M/MDV-V224W/DRN1,2024-02-12 00:00:00,2017-09-26 00:00:00,76.54,C703875230417614400002
M/MI-90Q4/DHN1-D,2024-02-12 00:00:00,2017-09-26 00:00:00,76.54,C703875171117620400013
MDVI140Q4/DHN1-D,2024-01-16 00:00:00,2017-08-28 00:00:00,76.61,C702579490816B05400002
M/MI-56Q4/DHN1-D,2025-01-10 00:00:00,2018-08-22 00:00:00,76.64,C703329250317319400049
MI/MSMACU18HRFN1QD0,2024-02-15 00:00:00,2017-09-22 00:00:00,76.77,2413475890875150810093
MDVD56Q4/N1-E,2024-08-14 00:00:00,2018-03-21 00:00:00,76.81,C705103200618119400022
VW/AWAXEA2200ZCLNB2X,2025-07-28 00:00:00,2019-02-28 00:00:00,76.94,GE-2298-G0
MI/MSMABU12HRDN1QD0,2023-11-30 00:00:00,2017-06-30 00:00:00,77,2413336890674070820131
MI/MOBA02-09HFN1-QD0,2024-03-28 00:00:00,2017-10-26 00:00:00,77.04,2411785860265270130142
MDVI140Q4/DHN1-D,2024-01-31 00:00:00,2017-08-28 00:00:00,77.1,C702579490816B05400002
MX/NXRM-ID25XWM-1C,2024-11-05 00:00:00,2023-03-29 00:00:00,77.12,540G064910125030830127
MI/MSMABU12HRDN1QD0,2023-07-31 00:00:00,2017-02-23 00:00:00,77.17,2411698870365090120069
MI/MOBA03-09HFN1-QD0,2023-12-27 00:00:00,2017-07-20 00:00:00,77.23,2413476010575060850223
MI/MA-12N8D0-O,2025-07-23 00:00:00,2019-02-12 00:00:00,77.3,3416412520288280830088
MI/MA-12N8D0-O,2025-07-23 00:00:00,2019-02-12 00:00:00,77.3,3416412520288280830134
MI/MA-12NXD0-I,2025-07-23 00:00:00,2019-02-12 00:00:00,77.3,3416412520188220820208
MOV192HN1R,2018-10-31 00:00:00,2017-07-17 00:00:00,77.35000000000001,C702208260116819400007
M/MI-56Q4/DHN1-D,2024-06-12 00:00:00,2017-12-31 00:00:00,77.37,C703152112317219400015
MI/HB-A100/CGN8-B,2024-01-16 00:00:00,2021-11-22 00:00:00,77.37,341D367920516200100018
MD/MOU60HDN1R,2017-02-10 00:00:00,2013-11-19 00:00:00,77.46,D202079140213524160014
MI/MA-18NXD0-I,2025-06-30 00:00:00,2022-04-08 00:00:00,77.46,341E44938011A080850076
MI/MA-12N8D0-O,2025-07-31 00:00:00,2019-02-12 00:00:00,77.56,3416412520288280830088
MI/MA-12N8D0-O,2025-07-31 00:00:00,2019-02-12 00:00:00,77.56,3416412520288280830134
PUHY-P350YJM-A,2019-03-31 00:00:00,2012-10-12 00:00:00,77.56,7GFYD812W02369
M/MDV-V160W/DN1(B),2024-03-18 00:00:00,2017-09-29 00:00:00,77.6,C703329250817308400001
M/MI-56Q4/DHN1-D,2024-06-20 00:00:00,2017-12-31 00:00:00,77.63,C703152112317219400015
M/MI-36Q4/DHN1-A3,2019-03-31 00:00:00,2017-02-01 00:00:00,77.67,C701747951416511400042
MI/MSMABU12HRDN1QD0,2024-07-18 00:00:00,2018-01-24 00:00:00,77.76,2411792200365300120330
MI/MSMABU12HRDN1QD0,2025-02-18 00:00:00,2018-08-27 00:00:00,77.76,3415037991381070830133
MI/MSFAAU-12HRFN8-I,2024-10-31 00:00:00,2022-09-02 00:00:00,77.85,341F374840323150260108
MI/MOBA03-12HFN1-QD0,2024-02-12 00:00:00,2017-08-16 00:00:00,77.89,2413475890774270830123
MI/MA-18N8D0-O,2025-08-13 00:00:00,2019-02-12 00:00:00,77.99,3416412520488280840103
MI/MSMABU12HRDN1QD0,2024-02-15 00:00:00,2017-08-16 00:00:00,77.99,2413475890674300820186
MI/HB-A160/CGN8-B,2025-03-25 00:00:00,2021-12-23 00:00:00,78.06,341D629530617210100009
PUHY-P350YJM-A,2016-01-13 00:00:00,2012-10-12 00:00:00,78.06,7GFYD812W02369
MI/HB-A100/CDS90GN8B,2025-06-25 00:00:00,2022-03-24 00:00:00,78.12,341E08309041A270100008
M/MI-90Q4/DHN1-D,2024-06-10 00:00:00,2017-11-30 00:00:00,78.32,C701442621216407400020
MI/MSMABU12HRDN1QD0,2024-02-27 00:00:00,2017-08-16 00:00:00,78.38,2413475890674300820186
MI/MSMBAU09HRFN1QRD0,2024-02-27 00:00:00,2017-08-16 00:00:00,78.38,2411785860165280120100
M/MDV-V200W/DRN1,2019-03-31 00:00:00,2017-01-24 00:00:00,78.44999999999999,C701423602116401400007
MI/MSMABU12HRDN1QD0,2024-02-29 00:00:00,2017-08-16 00:00:00,78.45,2413475890674300820186
M/MI-71Q4/DHN1-D,2025-07-31 00:00:00,2019-01-15 00:00:00,78.48,341669922048A140100017
M/MS11PU-09HRFN1-QD0,2019-03-31 00:00:00,2017-01-23 00:00:00,78.53999999999999,D212322260215117120086
M/M5OD-42HFN1-Q,2019-03-31 00:00:00,2015-12-16 00:00:00,78.9,D210233770515716160002
MI/MOBA03-12HFN1-QD0,2024-11-19 00:00:00,2018-04-23 00:00:00,78.91,2411792200466020130323
M/MDV-V400W/DRN1,2023-09-29 00:00:00,2017-02-28 00:00:00,78.98,C702255370916903400013
MI/MB-24N8D0-I,2025-06-20 00:00:00,2018-11-20 00:00:00,78.98,3415391680783220870061
MI/MSMAAU09HRDN1QD0,2024-04-30 00:00:00,2017-09-29 00:00:00,79.01,2413476010475070820109
M/RSJ-35/300RDN3-DS,2019-03-31 00:00:00,2015-12-14 00:00:00,79.04,C703194831314804400001
MI/MSMBAU09HRFN1QRD0,2024-07-02 00:00:00,2017-11-30 00:00:00,79.04,2413244730174190120053
MI/MTIU-12HWFNX-GA,2025-05-05 00:00:00,2023-02-23 00:00:00,79.05000000000001,541F381760324180160015
MI/HB-A100/CGN8-B,2024-12-23 00:00:00,2021-09-06 00:00:00,79.1,341D470450516270100044
MI/MSMBAU09HRFN1QRD0,2024-03-28 00:00:00,2017-08-16 00:00:00,79.37,2411785860165280120100
MX/NXKD-V300FA,2024-11-12 00:00:00,2021-07-20 00:00:00,79.56,340B88444040B100100016
M/MI-28Q4/DHN1-D,2024-05-13 00:00:00,2017-09-21 00:00:00,79.7,C702662711116C01400001
M/MI-28Q4/DHN1-D,2024-05-13 00:00:00,2017-09-21 00:00:00,79.7,C702662711116C01400005
MI/MUE-24HRFN1-QRD0,2025-05-08 00:00:00,2018-09-14 00:00:00,79.76,2410884740761240160021
MI/MI2-22GDN1,2025-07-07 00:00:00,2022-03-10 00:00:00,79.82,3419911290303140100028
M/MOEU-55HFN1-R,2019-04-30 00:00:00,2015-12-31 00:00:00,79.9,D212322290715121160023
MI/MUE-55HRFN1-QRD0,2019-04-30 00:00:00,2015-12-31 00:00:00,79.9,D210058980615323160001
M/MDV-V140W/DN1,2025-06-16 00:00:00,2018-10-17 00:00:00,79.96,C703247560315A20400009
M/MI-22Q4/DHN1-A3,2025-06-16 00:00:00,2018-10-17 00:00:00,79.96,C705243110318210400037
M/MSMBCU-18HRFN1-QD0,2025-06-16 00:00:00,2018-10-17 00:00:00,79.96,2413476050576160120100
MI/MTI-55FNXD0,2025-04-29 00:00:00,2018-08-30 00:00:00,79.96,3415666690184250160045
MD/MODA30HFN1QRDA,2019-07-31 00:00:00,2017-05-10 00:00:00,80.03999999999999,2402977560271080160023
MI/MV-400WD2RN1T_D,2025-08-07 00:00:00,2018-11-29 00:00:00,80.26,C705243271418210400002
MOV192HN1R,2019-06-30 00:00:00,2017-10-26 00:00:00,80.44,C702208260116819400010
MI/MV-400WD2RN1T_D,2025-08-13 00:00:00,2018-11-29 00:00:00,80.45,C705243271418210400004
PUHZ-P140VHA,2015-08-20 00:00:00,2013-05-20 00:00:00,81,7H1P611G 2L00198
M/MI-22G/DHN1-M,2025-07-29 00:00:00,2018-10-19 00:00:00,81.31,3416327611188100100102
MI/MOB02-18HFN1-QD0W,2023-07-12 00:00:00,2016-09-28 00:00:00,81.41,2411698870665110150111
MI/MOB02-18HFN1-QD0W,2024-07-10 00:00:00,2017-09-19 00:00:00,81.67,2413476010175030860211
MD/M2OE16HFN1Q,2023-07-31 00:00:00,2016-10-07 00:00:00,81.73,2401170760963230160053
MI/MOB0112HFN8QRD6GW,2025-05-22 00:00:00,2018-07-25 00:00:00,81.9,2414150800478170130052
MI/MOBA03-12HFN1-QD0,2025-03-12 00:00:00,2018-05-15 00:00:00,81.9,2413476010775060850132
MI/MSMBBU12HRFN8QRD6,2025-05-22 00:00:00,2018-07-25 00:00:00,81.9,2413746630377210120040
MI/MUE-36HRFN1-QRD0,2019-03-31 00:00:00,2015-10-30 00:00:00,82,D212311210215103160001
MI/MOBA03-12HFN1-QD0,2025-07-02 00:00:00,2018-08-30 00:00:00,82.06,3415297660483060860150
MI/MSMBBU12HRFN8QRD6,2025-06-04 00:00:00,2018-07-25 00:00:00,82.33,2413746630377210120040
MI/MUE-48HRFN1-QRD0,2019-03-31 00:00:00,2015-10-23 00:00:00,82.46,D210058980515323160013
MI/MUE-48HRFN1-QRD0,2019-03-31 00:00:00,2015-10-23 00:00:00,82.46,D210058980515323160023
M/MDV-D140T1/N1-B,2019-03-31 00:00:00,2015-10-22 00:00:00,82.52,C703194830714728400004
MI/MHC-V18W/D2RN8,2025-07-15 00:00:00,2023-03-30 00:00:00,82.59,341F743970831290100002
MI/MSMACU18HRFN1QD0,2024-08-08 00:00:00,2017-09-19 00:00:00,82.62,2413475890875150810103
M/MI-90Q4/DHN1-D,2024-10-23 00:00:00,2017-11-30 00:00:00,82.75,C701442621216407400020
M/MI-45G/DHN1-M,2025-06-09 00:00:00,2018-07-13 00:00:00,82.88,C701442620816409400038
MI/MSMABU12HRDN1QD0,2024-06-17 00:00:00,2017-07-17 00:00:00,83.02,2413475890674300820175
MI/MB-24N8D0-O,2024-01-16 00:00:00,2020-07-31 00:00:00,83.04,341A033550703240870029
MI/MB-12N8D6-I,2023-08-31 00:00:00,2020-03-12 00:00:00,83.24,3418645310898210810188
MI/MSMBBU12HRFN1QRD0,2024-10-30 00:00:00,2017-11-22 00:00:00,83.25,2413476050376150120221
MI/M4OE-28HFN1-Q,2025-01-08 00:00:00,2018-01-24 00:00:00,83.48,2411785820366070160009
MI/MOBA03-12HFN1-QD0,2025-06-09 00:00:00,2018-06-18 00:00:00,83.71,2413476010775060850070
MI/MOBA03-12HFN1-QD0,2024-07-31 00:00:00,2017-08-08 00:00:00,83.74,2413475890774270830056
MI/MSMAAU09HRDN1QD0,2024-09-13 00:00:00,2017-09-13 00:00:00,84,2413476010475070820201
MI/MSMABU12HRDN1QD0,2024-07-17 00:00:00,2017-07-17 00:00:00,84,2413475890674300820175
MI/MCA3-18FN1D0,2025-08-11 00:00:00,2018-08-07 00:00:00,84.13,3415896380686030160005
MI/MCA3U-12FNXD0,2025-08-11 00:00:00,2018-08-07 00:00:00,84.13,3415896380786050160082
MI/MOBA03-12HFN1-QD0,2025-03-13 00:00:00,2018-03-07 00:00:00,84.2,2411915080466240130015
MX/NXRM-ID25XWM-1C,2025-07-18 00:00:00,2023-10-16 00:00:00,84.24,540K586530836250130130
M/MI-71Q4/DHN1-D,2024-10-07 00:00:00,2017-09-29 00:00:00,84.26,C704053430717718400009
M/MI-90Q4/DHN1-D,2024-07-03 00:00:00,2017-06-21 00:00:00,84.4,C701442621216407400005
M/MI-90Q4/DHN1-D,2024-07-03 00:00:00,2017-06-21 00:00:00,84.4,C701442621216407400006
M/MI-90Q4/DHN1-D,2024-07-03 00:00:00,2017-06-21 00:00:00,84.4,C701442621216407400011
MI/MVI-335WV2RN1A,2025-02-04 00:00:00,2021-07-30 00:00:00,84.42,34VC326591312270100007
MI/MOBA03-09HFN1-QD0,2024-10-17 00:00:00,2017-09-29 00:00:00,84.59,2413476010575060850085
MI/MSMABU12HRDN1QD0,2025-06-09 00:00:00,2018-05-14 00:00:00,84.86,2411792200365300120113
MD/MODA36HFN8QRDA,2023-05-31 00:00:00,2019-11-13 00:00:00,85.08,3408650760798040150013
MI/MOBA03-12HFN1-QD0,2025-04-10 00:00:00,2018-03-07 00:00:00,85.12,2411792200466020130345
MI/MSMABU12HRDN1QD0,2025-07-16 00:00:00,2018-06-12 00:00:00,85.12,2413811570376130810102
MI/MOBA03-12HFN1-QD0,2025-05-07 00:00:00,2018-03-30 00:00:00,85.25,2411792200466020130296
MD/MSAFCU18HRFN8-W,2025-03-13 00:00:00,2021-08-23 00:00:00,85.28,340C613310413240860020
M/MSMBBU-18HRFN1-QD0,2019-03-31 00:00:00,2015-09-08 00:00:00,85.42,D212322230315117120115
MSZ-GE25VA,2016-09-15 00:00:00,2013-02-22 00:00:00,85.48,L20E90BS2033118T
MI/MOBA03-12HFN1-QD0,2025-03-13 00:00:00,2018-01-24 00:00:00,85.58,2413811570476190860164
M/MI-45Q4/DHN1-A3,2025-06-06 00:00:00,2018-04-16 00:00:00,85.68,C705243110618210400010
M/MOZU-12HFN1-QD0,2019-03-31 00:00:00,2015-09-02 00:00:00,85.8,D212322290315112150022
MI/MA-18N8D0-O,2024-01-16 00:00:00,2020-06-19 00:00:00,85.8,341A033510604280840069
MI/MCD-24HRFN1-QD0,2019-03-31 00:00:00,2015-09-02 00:00:00,85.8,D210058970615323160019
MI/MSMABU12HRDN1QD0,2025-03-20 00:00:00,2018-01-24 00:00:00,85.81,2411792200365300120330
MSR124HRN1QB8,2017-02-14 00:00:00,2013-07-18 00:00:00,85.88,D202077020113504130047
MI/MOBA03-12HFN1-QD0,2025-03-24 00:00:00,2018-01-24 00:00:00,85.94,2413811570476190860273
MD/MSAFCU18HRFN8-W,2025-03-27 00:00:00,2021-08-23 00:00:00,86.2,340C613310413240860020
MI/MV6-450WV2GN1-E,2024-06-07 00:00:00,2020-11-03 00:00:00,86.2,341943457169C100100002
MI/MV6-450WV2GN1-E,2025-07-11 00:00:00,2021-11-30 00:00:00,86.66,3417606250893100100008
MI/M3OE-27HFN1-Q,2025-02-07 00:00:00,2017-11-15 00:00:00,86.76,2403801900178270160001
MD/MSAFBU12HRDN8QRD0,2023-06-06 00:00:00,2019-10-24 00:00:00,86.8,3408650900398060830080
MD/MOU60HDN1R,2017-05-16 00:00:00,2013-09-24 00:00:00,87.38,D202041030913313160002
M/MKA-1200F,2017-05-17 00:00:00,2014-12-11 00:00:00,87.51,C703167451013B28400033
MI/MSMBAU09HRFN1QRD0,2024-12-04 00:00:00,2017-08-16 00:00:00,87.61,2411785860165280120234
MD/MSAFCU18HRFN8-W,2025-04-18 00:00:00,2021-08-23 00:00:00,87.64,340C613310413240860020
MI/MCD1-48HRFNX-GA,2025-08-13 00:00:00,2021-12-14 00:00:00,87.92,341E337440219200160034
MX/NXKA-V850R,2023-07-31 00:00:00,2021-09-30 00:00:00,87.92,C701902700116622400001
MI/MB-09N8D6-I,2023-09-29 00:00:00,2020-01-28 00:00:00,88.04,3418970640199280830111
MD/MSAFCU18HRFN8-W,2025-04-30 00:00:00,2021-08-23 00:00:00,88.44,340C613310413240860020
H/NAUR0091_03,2025-03-10 00:00:00,2021-06-28 00:00:00,88.76,HF2104100367
H/NAUR0091_03,2025-03-10 00:00:00,2021-06-28 00:00:00,88.76,HF2104100368
H/NAUR0131_03,2025-03-10 00:00:00,2021-06-28 00:00:00,88.76,HF2104100364
H/NAUR0131_03,2025-03-10 00:00:00,2021-06-28 00:00:00,88.76,HF2104100365
H/NAUR0131_03,2025-03-10 00:00:00,2021-06-28 00:00:00,88.76,HF2104100384
MI/MSMABU12HRDN1QD0,2024-09-03 00:00:00,2017-03-29 00:00:00,89.19,2413055170371180820159
MI/MI2-56DLDN1,2023-12-27 00:00:00,2020-04-06 00:00:00,89.36,3417740900993260100004
MI/MOU-24FN8-QD0,2025-06-27 00:00:00,2021-09-30 00:00:00,89.76,341D228511115030120014
MI/MTI-24FNXD0,2025-06-27 00:00:00,2021-09-30 00:00:00,89.76,341D228510714270160004
M/MOZ-12HFN1-QD0,2019-03-31 00:00:00,2015-07-03 00:00:00,89.82,D212322480515112130057
M/MI-28Q4/DHN1-A3,2025-06-27 00:00:00,2017-12-31 00:00:00,89.85,C701442582316401400028
M/MSABBU-12HRDN1-QC8,2019-03-31 00:00:00,2015-06-30 00:00:00,90.02,D212322480115117120089
MI/MOD30U-36HFN1-RD0,2025-06-03 00:00:00,2017-11-30 00:00:00,90.08,2413245420473210160023
MS12F809HRDN1C8OU,2019-03-31 00:00:00,2015-06-29 00:00:00,90.08,D200073040215408130381
M/MOYU-36HFN1-QRD0,2019-03-31 00:00:00,2016-09-26 00:00:00,90.27,D210233680515717160040
MI/AG-12NXD1-IH,2025-06-09 00:00:00,2021-08-31 00:00:00,90.54,341B040130307290130055
MI/MI2-22T2DN1,2025-05-15 00:00:00,2021-07-30 00:00:00,91,341943456139C160100001
M/MSMBBU-18HRFN1-QD0,2019-03-31 00:00:00,2015-06-09 00:00:00,91.4,D212312810315113120055
MD/M3OE27HFN1Q,2019-03-31 00:00:00,2017-09-18 00:00:00,91.8,2400865890361260160024
MI/MV6-I335WV2GN1-E,2025-06-03 00:00:00,2021-08-02 00:00:00,92.04,341A290571005120100004
MI/MHC-V8W/D2N8-B,2025-03-25 00:00:00,2022-08-31 00:00:00,92.34,341G287960126150100005
MCA2U12HRFN1QRC8,2019-05-31 00:00:00,2015-07-21 00:00:00,92.64,D200073450115410160077
MI/MA-12NXD0-I,2023-04-30 00:00:00,2019-06-19 00:00:00,92.7,3417631890193260820033
MI/MI2-36Q4DN1,2024-08-27 00:00:00,2020-09-30 00:00:00,93.76,3417740801493260100010
MI/MI2-28Q4DN1,2025-06-11 00:00:00,2021-07-13 00:00:00,93.88,C703152112117219400002
MI/M4O-36FN8-Q,2023-09-29 00:00:00,2021-02-18 00:00:00,93.92999999999999,341B214690208240150005
MD/MTI55HWFNXQRDA,2023-06-30 00:00:00,2019-07-26 00:00:00,94.28,3407782021094200160019
MI/MSMABU12HRDN1QD0,2025-05-13 00:00:00,2017-07-03 00:00:00,94.32,2411915080366210120030
MI/MI2-22GDN1,2025-07-07 00:00:00,2021-07-21 00:00:00,95.08,341C325461012080100167
MI/MV6-670WV2GN1-E,2025-06-06 00:00:00,2021-06-17 00:00:00,95.26,3417936021295080100001
MI/MBT-09N8D6-O,2023-10-20 00:00:00,2019-10-25 00:00:00,95.66,3417734300293220840136
MI/MUE-36HRFN1-QRD0,2019-07-31 00:00:00,2015-08-04 00:00:00,95.72,D212322300315119160008
MI/MI2-56Q4DN1,2025-07-11 00:00:00,2021-07-13 00:00:00,95.86,C702662711316C01400017
MI/MOCA30U24HFN1ZQD0,2019-07-31 00:00:00,2017-07-31 00:00:00,95.92,2413244870173100150077
M/MDV-V180W/DRN1,2024-12-11 00:00:00,2020-12-07 00:00:00,96.26,34VA863900607220100002
MI/MSMBAU09HRFN1QRD0,2019-03-31 00:00:00,2016-07-27 00:00:00,96.30000000000001,2411653770965120120046
MI/MI2-36GDN1,2025-07-29 00:00:00,2021-07-21 00:00:00,96.52,341A563941106280100033
MI/MB-09N8D6-I,2024-05-08 00:00:00,2020-04-20 00:00:00,97.18,3419771620102240840060
MI/MI2-45Q4DN1,2025-07-11 00:00:00,2021-06-17 00:00:00,97.56,341A899060707220100042
MI/MOB03-12HFN1-QD0,2019-03-31 00:00:00,2016-07-14 00:00:00,97.56,2411653771265100150178
MD/MSAEBU12HRFNXQRD0,2024-03-28 00:00:00,2020-02-26 00:00:00,98.02,3408650540198050130058
MI/MOB02-18HFN1-QD0W,2019-03-31 00:00:00,2016-07-04 00:00:00,98.55000000000001,2411334130664010150021
M3OD27HFN1Q,2019-03-31 00:00:00,2017-08-02 00:00:00,99.55,2411785820266080160037
M/MDV-V400W/DRN1,2023-06-30 00:00:00,2019-04-26 00:00:00,100.26,341669901128A150100011
PEAD-RP125JAQ,2017-10-30 00:00:00,2013-08-20 00:00:00,100.66,7HF633G 2G01582
M/MDV-V400W/DRN1,2025-07-04 00:00:00,2022-09-12 00:00:00,101.13,341F742390223260100015
M/MKA-950F,2019-03-31 00:00:00,2014-12-30 00:00:00,101.98,C703206400314B11400026
M/MDV-V105W/DN1,2023-12-27 00:00:00,2021-02-23 00:00:00,102.21000000000001,34VA863900307220100016
MD/MOU60HDN1R,2017-05-15 00:00:00,2013-02-04 00:00:00,102.56,D201462410212615160016
MI/MCD-48FNXD0,2024-12-05 00:00:00,2020-08-24 00:00:00,102.76,3405890570485250160004
M/AHUKZ-02A,2019-07-31 00:00:00,2015-04-14 00:00:00,103.08,C703194833214730400004
MI/MUE-55HRFN1-QRD0,2019-03-31 00:00:00,2016-05-09 00:00:00,104.07,D210058980615323160014
MI/MA-12N8D0-O,2023-08-31 00:00:00,2019-04-17 00:00:00,104.92,3417439730492270830118
MI-56Q4/DHN1-D,2019-03-31 00:00:00,2016-04-25 00:00:00,105.44999999999999,C703247680615A06400016
MI/MV-450WD2RN1T_D,2023-08-31 00:00:00,2019-03-29 00:00:00,106.18,341690205088B220100002
MI/MUE-48HRFN1-QRD0,2019-03-31 00:00:00,2016-04-07 00:00:00,107.22,D210058980515323160006
M/MOB01-09HFN1-QD0W,2024-05-09 00:00:00,2015-05-15 00:00:00,107.82,D212322230715112130032
MI/AG-18NXD0-IH,2025-04-14 00:00:00,2020-10-13 00:00:00,108.02,341B040130507260130013
MCA2I09HRFN1QRC8,2018-05-21 00:00:00,2015-05-19 00:00:00,108.21000000000001,D202294800214C02160039
MD/MOEA55HFN8RRDA,2024-01-16 00:00:00,2021-01-05 00:00:00,108.99,340B78945070A220150009
M/MOZ-12HFN1-QD0,2019-03-31 00:00:00,2016-03-16 00:00:00,109.41,2410878180762150130045
MI/MI2-28Q4CDN1,2025-05-14 00:00:00,2020-10-16 00:00:00,109.78,3418107700596010100069
MX/NXKA-V850R,2023-07-31 00:00:00,2021-09-30 00:00:00,109.9,C701902700116622400004
MHD60HRDN1R,2019-06-30 00:00:00,2014-11-25 00:00:00,110.24,D202130410113A24160009
M/MDV-V260W/DRN1,2025-01-10 00:00:00,2020-06-03 00:00:00,110.52,3417740800393250100015
M/MI-45Q4/DHN1-D,2023-04-30 00:00:00,2018-09-13 00:00:00,111.04,C701747951816512400017
M/MI-71Q4/DHN1-D,2023-04-30 00:00:00,2018-09-13 00:00:00,111.04,C703719000517517400007
MI/MSMBAU09HRFN1QRD0,2019-03-31 00:00:00,2016-11-30 00:00:00,111.84,2411785860165280120323
MI/MA-18N8D0-O,2024-01-31 00:00:00,2019-05-24 00:00:00,112.54,3417632100493090840016
MD/MOU60HDN1R,2017-01-13 00:00:00,2013-11-28 00:00:00,112.56,D202079140213524160019
MI/MI2-22T2DN1,2025-06-10 00:00:00,2020-09-30 00:00:00,112.62,341A563921406160100064
MCD48HRFN1QRD0,2019-03-31 00:00:00,2016-02-05 00:00:00,113.34,D200226390415710160015
MI/MA-12N8D0-O,2023-10-31 00:00:00,2019-01-14 00:00:00,115.04,3416371761088040840127
MI/MI2-28Q4CDN1,2025-08-06 00:00:00,2020-09-30 00:00:00,116.36,3417935721295070100015
MI/MI2-28Q4CDN1,2025-08-12 00:00:00,2020-09-30 00:00:00,116.76,3417935721295070100015
MI/MHA-V8W/D2N8-B,2025-04-07 00:00:00,2022-10-31 00:00:00,116.8,341G280210128280100078
PUHZ-SHW230YKA,2017-09-04 00:00:00,2015-03-30 00:00:00,116.8,L7HJS01S4XU02337
MI/MUE-55HRFN1-QRD0,2019-03-31 00:00:00,2015-12-31 00:00:00,116.88,D210058980615323160001
MI/MB-24N8D0-I,2025-02-03 00:00:00,2020-03-16 00:00:00,117.28,3415391680783220870097
M/MSMBCU-18HRFN1-QD0,2023-08-31 00:00:00,2018-10-10 00:00:00,117.34,2413476050576160120085
MI/MSMAAU09HRDN1QD0,2023-05-31 00:00:00,2018-07-10 00:00:00,117.34,2411792200165290120345
MI/MSMACU18HRFN1QD0,2023-04-30 00:00:00,2018-05-23 00:00:00,118.46,2413476010875150810212
MCA2I09HRFN1QRC8,2024-04-11 00:00:00,2014-05-20 00:00:00,118.73,D202059260313421160004
MI/MOBA03-12HFN1-QD0,2023-05-18 00:00:00,2018-05-28 00:00:00,119.32,2413055170471180840112
MSR23U09HRDN1QR,2024-04-22 00:00:00,2014-05-13 00:00:00,119.32,D202130400113B02120159
M/MI-28Q4/DHN1-D,2023-09-29 00:00:00,2018-09-27 00:00:00,120.1,C701442620116406400006
MI/MI2-56Q4DN1,2024-11-14 00:00:00,2021-07-13 00:00:00,120.24,C702662711316C01400017
M/MOYU-36HFN1-QRD0,2019-03-31 00:00:00,2015-11-16 00:00:00,121.32,D210059140815325160044
MI/MSMBBU12HRFN1QRD0,2023-05-31 00:00:00,2018-05-08 00:00:00,121.48,2411653771165140120203
MI/MTI-24FNXD0,2025-06-12 00:00:00,2020-05-14 00:00:00,121.88,3418893030299240150001
MI/MTI-24FNXD0,2025-06-20 00:00:00,2020-05-14 00:00:00,122.4,3418893030299240150001
MI/MOU-12FN1-QD0,2023-08-31 00:00:00,2018-07-16 00:00:00,123,3415666690484200130048
MI/MA-12N8D0-O,2024-06-14 00:00:00,2019-04-16 00:00:00,123.92,3417439730492270830125
M/MV5-X450W/V2GN1,2024-06-10 00:00:00,2019-03-29 00:00:00,124.84,C705469240818312400002
MI/MOB30U-12HFN1-QD0,2023-08-31 00:00:00,2018-06-13 00:00:00,125.16,2413597970177200130037
MI/MI2-28T2DN1,2023-06-30 00:00:00,2020-01-02 00:00:00,125.67,3418107701596060100014
MI/MUE-24HRFN1-QRD0,2023-09-29 00:00:00,2018-07-03 00:00:00,125.76,2411201120963170160007
MD/MOBA0312HFN8QRD0,2023-11-30 00:00:00,2018-08-21 00:00:00,126.6,3405543450485030830140
MDVTD450(16WRN1B,2024-06-06 00:00:00,2019-02-26 00:00:00,126.6,C703903810717621400001
MI/MV6-I900WV2GN1-E,2024-09-20 00:00:00,2019-05-16 00:00:00,128.38,C706235051287184000001
M/MS11PU-09HRFN1-QD0,2019-03-31 00:00:00,2017-01-23 00:00:00,130.9,D212322260215117120045
MI/MA-12N8D0-O,2024-10-03 00:00:00,2019-04-16 00:00:00,131.2,3417439730492270830158
MI/MI2-45Q4CDN1,2023-09-29 00:00:00,2020-02-03 00:00:00,131.46,3418513831498190100002
MI/MB-12N8D6-I,2025-06-05 00:00:00,2019-12-12 00:00:00,131.54,3418892820199250810198
MI/MSMBBU12HRFN1QRD0,2023-08-31 00:00:00,2018-03-08 00:00:00,131.54,2411785860365270120024
M/MI-36G/DHN1-M,2025-08-14 00:00:00,2020-01-13 00:00:00,134.04,341891435029A090100045
MI/MOBA03-09HFN1-QD0,2024-03-28 00:00:00,2018-08-23 00:00:00,134.3,2411792200266020130581
MD/MOCA24HFN8QRDA,2025-07-03 00:00:00,2019-11-25 00:00:00,134.5,3408650760698060120013
MI/MB-18N8D0-I,2025-01-16 00:00:00,2019-05-22 00:00:00,135.74,3416371760588030820106
M/MI-90Q4/DHN1-D,2023-07-31 00:00:00,2017-11-30 00:00:00,135.94,C701442621216407400018
MI/MOU-36FN8-RD0,2025-05-23 00:00:00,2021-08-11 00:00:00,136.10999999999999,341B522171309090150016
MI/MT-12N8D6-I,2025-01-27 00:00:00,2019-05-13 00:00:00,137.06,3417463230192280860004
MSR23U09HRDN1Q8OU,2017-05-29 00:00:00,2014-07-11 00:00:00,138.36,D202179890714227130138
MI/MOBA03-12HFN1-QD0,2024-03-18 00:00:00,2018-05-25 00:00:00,139.56,241291495046C130130157
M/MI-90Q4/DHN1-D,2024-10-14 00:00:00,2018-12-12 00:00:00,140.14,C703719000617517400016
MI/MSMABU12HRDN1QD0,2024-04-26 00:00:00,2018-06-18 00:00:00,140.54,2413476010675070820108
MD/MODA36HFN8RRDA,2025-06-13 00:00:00,2021-07-13 00:00:00,141.03,340D227621115120150021
M/MI-45Q4/DHN1-D,2025-01-14 00:00:00,2019-02-26 00:00:00,141.2,C703247680715A08400009
M/MI-45Q4/DHN1-D,2025-01-14 00:00:00,2019-02-26 00:00:00,141.2,C706154000987064000001
M/MI-36Q4/DHN1-D,2025-01-14 00:00:00,2019-02-25 00:00:00,141.26,C703875170817620400022
MI/MOU-18FN8-QD0,2025-06-30 00:00:00,2019-08-07 00:00:00,141.52,341664054078A060130007
MI/MOB02-18HFN1-QD0W,2023-06-30 00:00:00,2017-07-31 00:00:00,141.92,2413475890174300860064
M/MDV-V224W/DRN1,2025-02-05 00:00:00,2019-02-25 00:00:00,142.7,341690205018C120100008
M/MDV-V160W/DN1(B),2025-07-03 00:00:00,2021-07-16 00:00:00,142.71,34VC326590112180100002
MSY12HRDN1QC2,2019-06-30 00:00:00,2013-06-25 00:00:00,144.28,D201495530112A23120019
MI/MOU-24FN8-QD0,2025-02-04 00:00:00,2021-01-28 00:00:00,144.69,341B98988140B180120015
PUHZ-SHW230YKA,2017-04-05 00:00:00,2015-03-30 00:00:00,145.26000000000002,L7HJS02S4ZU00192
MI/MSMACU18HRFN1QD0,2024-02-27 00:00:00,2018-01-23 00:00:00,146.26,2413475890875150810041
MI/MOE30U-55HFN8RGA,2024-12-13 00:00:00,2022-11-30 00:00:00,146.64000000000001,54V2250000C29230150087
M/MI-56G/DHN1-S,2019-03-31 00:00:00,2016-03-07 00:00:00,147.04,C703247530615A12400023
MI/MV-400WD2RN1T_D,2025-01-14 00:00:00,2018-11-29 00:00:00,147.04,C705243271418210400002
M/MSMBCU-18HRFN1-QD0,2024-11-26 00:00:00,2018-10-09 00:00:00,147.18,2413476050576160120160
MI/MA-12N8D0-O,2025-06-26 00:00:00,2019-04-16 00:00:00,148.68,3417439730492270830147
MOU36HFN1RRC4,2019-03-31 00:00:00,2015-02-09 00:00:00,148.92000000000002,D202132230713A26160002
BSF24HRD,2016-09-15 00:00:00,2016-05-20 00:00:00,155.1999999999999,2401170700763270120001
M/MDV-V400W/DRN1,2023-08-31 00:00:00,2017-02-28 00:00:00,156.04,C702255370916903400013
M/MI-56Q4/DHN1-D,2024-07-18 00:00:00,2017-12-31 00:00:00,157.1,C703152112317219400009
M/MI-56Q4/DHN1-D,2025-08-07 00:00:00,2018-11-29 00:00:00,160.52,C703329250317319400012
M/MI-45Q4/DHN1-D,2025-06-17 00:00:00,2018-09-10 00:00:00,162.42,C703152112217219400014
MI/MTI-55FNXD0,2025-06-09 00:00:00,2018-08-30 00:00:00,162.62,3415666690184250160045
MCD24HRFN1QRC8,2019-03-31 00:00:00,2014-09-15 00:00:00,163.41,D202187190214310160054
M/MI-56Q4/DHN1-D,2025-07-08 00:00:00,2018-08-22 00:00:00,165.04,C703329250317319400043
M/MI-71Q4/DHN1-D,2025-06-09 00:00:00,2018-07-13 00:00:00,165.76,C705847970618513400022
M/MI-71Q4/DHN1-D,2025-05-13 00:00:00,2018-05-09 00:00:00,168.26,C704053430717718400012
M/MI-56Q4/DHN1-D,2025-01-13 00:00:00,2017-12-31 00:00:00,168.86,C703152112317219400011
MCD55HRFN1QRD0,2018-05-18 00:00:00,2017-06-30 00:00:00,169.28000000000003,D200226390515710160008
PUHZ-SHW230YKA,2017-08-14 00:00:00,2015-03-30 00:00:00,171.12,L7HJS01S4XU02337
M/MI-56Q4/DHN1-D,2025-06-17 00:00:00,2018-04-16 00:00:00,172.08,C705243110718210400014
MI/MI2-22GDN1,2025-04-14 00:00:00,2020-04-30 00:00:00,178.38,341920935089B180100299
MD/MOU60HDN1R,2018-01-24 00:00:00,2013-02-04 00:00:00,178.89000000000001,D201462410212615160039
M/MI-90Q4/DHN1-D,2025-06-03 00:00:00,2017-11-30 00:00:00,180.16,C701442621216407400002
PUHZ-P250YHA,2019-03-31 00:00:00,2014-02-19 00:00:00,183.89999999999998,L7H1S35S35U02529
MI/MSMAAU09HRDN1QD0,2024-02-12 00:00:00,2016-06-03 00:00:00,184.62,2411323790164080120254
MD/MI-36Q4/DHN1-D,2025-07-18 00:00:00,2020-03-06 00:00:00,193.17000000000002,C701747951716512400001
M/MDV-D45Q4/N1-A3,2024-05-07 00:00:00,2016-03-18 00:00:00,195.26,C703212751015115400042
M/MDV-V105W/DN1,2023-11-30 00:00:00,2018-05-08 00:00:00,200.25,C705243270218207400010
M/RSJ-35/300RDN3-DS,2019-03-31 00:00:00,2015-08-31 00:00:00,214.85,C703194831314804400004
M/MV5-X450W/V2GN1,2025-03-19 00:00:00,2019-03-29 00:00:00,215.04000000000002,C705469240818312400002
M/MI-71Q4/DHN1-D,2023-04-30 00:00:00,2017-02-28 00:00:00,221.94,C701747910816512400002
M/MI-28Q4/DHN1-D,2025-04-16 00:00:00,2018-09-27 00:00:00,235.82999999999998,C703645961217510400011
MI/MOUU-18FN8-QD0,2024-12-31 00:00:00,2020-12-31 00:00:00,240,340A751181406150120016
MI/MA-18N8D0-O,2024-07-25 00:00:00,2019-06-26 00:00:00,243.88,3417439730692210840140
MI/M3OE-27HFN1-Q,2024-12-31 00:00:00,2017-11-15 00:00:00,256.53000000000003,2403801900178270160001
MI/MA-24NXD0-I,2023-05-29 00:00:00,2018-07-11 00:00:00,292.85,3415758090185060850055
MD/MOU60HDN1R,2019-03-31 00:00:00,2015-02-21 00:00:00,295.44,D202184530514314160026
MOV192HN1R,2019-03-31 00:00:00,2017-02-21 00:00:00,302.76,C702208260116819400013
MI/MTI-55FNXD0,2025-05-27 00:00:00,2018-08-30 00:00:00,323.52,3415666690184250160045
